<?xml version="1.0" encoding="utf-8"?>
<COLLADA xmlns="http://www.collada.org/2005/11/COLLADASchema" version="1.4.1">
  <asset>
    <contributor>
      <author>Mixamo</author>
      <authoring_tool>COLLADA Mixamo exporter</authoring_tool>
      <comments/>
    </contributor>
    <created>2026-01-06T19:27:25Z</created>
    <modified>2026-01-06T19:27:25Z</modified>
    <revision/>
    <title/>
    <unit meter="0.010000"/>
    <up_axis>Y_UP</up_axis>
  </asset>
  <library_animations>
    <animation id="mixamorig_Hips-anim" name="mixamorig_Hips">
      <source id="mixamorig_Hips-Matrix-animation-input">
        <float_array id="mixamorig_Hips-Matrix-animation-input-array" count="31">

0.000000 0.033333 0.066667 0.100000 0.133333 0.166667 0.200000 0.233333 0.266667 0.300000 0.333333 0.366667 0.400000 0.433333 0.466667 0.500000
0.533333 0.566667 0.600000 0.633333 0.666667 0.700000 0.733333 0.766667 0.800000 0.833333 0.866667 0.900000 0.933333 0.966667 1.000000</float_array>
        <technique_common>
          <accessor source="#mixamorig_Hips-Matrix-animation-input-array" count="31">
            <param name="TIME" type="float"/>
          </accessor>
        </technique_common>
      </source>
      <source id="mixamorig_Hips-Matrix-animation-output-transform">
        <float_array id="mixamorig_Hips-Matrix-animation-output-transform-array" count="496">

0.999433 0.001362 0.033654 0.047220 -0.000222 0.999427 -0.033856 96.012001 -0.033680 0.033829 0.998860 -0.477349 0.000000 0.000000 0.000000 1.000000
0.999708 -0.002462 0.024028 0.190019 0.003524 0.999014 -0.044267 96.612335 -0.023896 0.044339 0.998731 -0.750036 0.000000 0.000000 0.000000 1.000000
0.999916 0.001179 0.012892 0.411751 -0.000462 0.998457 -0.055525 96.511368 -0.012937 0.055515 0.998374 -1.030856 0.000000 0.000000 0.000000 1.000000
0.999679 0.024218 -0.007469 0.734969 -0.024642 0.997690 -0.063308 95.569366 0.005919 0.063472 0.997966 -1.208029 0.000000 0.000000 0.000000 1.000000
0.998283 0.047544 -0.034214 1.045889 -0.049725 0.996579 -0.066017 93.974251 0.030958 0.067605 0.997232 -1.154882 0.000000 0.000000 0.000000 1.000000
0.996914 0.056954 -0.054031 1.346485 -0.060620 0.995785 -0.068830 92.184639 0.049884 0.071892 0.996164 -1.053010 0.000000 0.000000 0.000000 1.000000
0.996351 0.055421 -0.064905 1.674335 -0.059889 0.995814 -0.069045 90.761208 0.060807 0.072680 0.995500 -1.100444 0.000000 0.000000 0.000000 1.000000
0.997249 0.042497 -0.060728 2.063026 -0.045718 0.997565 -0.052677 89.695625 0.058341 0.055308 0.996763 -0.639780 0.000000 0.000000 0.000000 1.000000
0.998169 0.033464 -0.050386 2.635759 -0.035490 0.998574 -0.039873 89.180191 0.048980 0.041588 0.997934 0.389491 0.000000 0.000000 0.000000 1.000000
0.998850 0.027061 -0.039582 3.294115 -0.028192 0.999202 -0.028294 88.914734 0.038785 0.029377 0.998816 1.322493 0.000000 0.000000 0.000000 1.000000
0.999313 0.024613 -0.027699 3.904158 -0.025116 0.999523 -0.017995 88.823059 0.027243 0.018679 0.999454 1.929601 0.000000 0.000000 0.000000 1.000000
0.999643 0.022491 -0.014440 4.489642 -0.022623 0.999704 -0.009006 89.185509 0.014233 0.009329 0.999855 2.188494 0.000000 0.000000 0.000000 1.000000
0.999795 0.020247 -0.000540 4.945277 -0.020247 0.999794 -0.001329 90.020081 0.000513 0.001340 0.999999 2.119375 0.000000 0.000000 0.000000 1.000000
0.999755 0.017540 0.013533 5.114838 -0.017609 0.999832 0.005026 91.426369 -0.013442 -0.005263 0.999896 1.792821 0.000000 0.000000 0.000000 1.000000
0.999553 0.012791 0.027022 4.914314 -0.012984 0.999891 0.006975 92.603256 -0.026930 -0.007323 0.999610 1.498126 0.000000 0.000000 0.000000 1.000000
0.999151 0.007775 0.040456 4.663231 -0.008132 0.999930 0.008645 93.775085 -0.040385 -0.008966 0.999144 1.204060 0.000000 0.000000 0.000000 1.000000
0.998552 0.002513 0.053733 4.387164 -0.003034 0.999949 0.009606 94.861938 -0.053706 -0.009756 0.998509 0.921985 0.000000 0.000000 0.000000 1.000000
0.997764 -0.002954 0.066765 4.111686 0.002329 0.999953 0.009431 95.783867 -0.066790 -0.009255 0.997724 0.663262 0.000000 0.000000 0.000000 1.000000
0.996891 -0.009878 0.078171 3.781549 0.009938 0.999951 -0.000385 95.490448 -0.078163 0.001160 0.996940 0.576522 0.000000 0.000000 0.000000 1.000000
0.994979 -0.029443 0.095660 3.335618 0.030826 0.999440 -0.013015 94.702293 -0.095223 0.015899 0.995329 0.733710 0.000000 0.000000 0.000000 1.000000
0.992236 -0.046342 0.115411 2.891626 0.049735 0.998406 -0.026695 93.372406 -0.113990 0.032228 0.992959 1.000419 0.000000 0.000000 0.000000 1.000000
0.991903 -0.044645 0.118888 2.407146 0.048493 0.998383 -0.029668 92.101151 -0.117371 0.035193 0.992464 1.278296 0.000000 0.000000 0.000000 1.000000
0.992096 -0.039432 0.119122 1.913714 0.043371 0.998588 -0.030663 90.848503 -0.117745 0.035587 0.992406 1.561938 0.000000 0.000000 0.000000 1.000000
0.992570 -0.032605 0.117223 1.398506 0.036442 0.998863 -0.030737 89.717758 -0.116087 0.034780 0.992630 1.904314 0.000000 0.000000 0.000000 1.000000
0.994291 -0.018255 0.105131 0.770146 0.021135 0.999429 -0.026345 89.230957 -0.104591 0.028416 0.994109 2.558017 0.000000 0.000000 0.000000 1.000000
0.995487 -0.007070 0.094637 0.167658 0.009501 0.999636 -0.025264 88.946930 -0.094424 0.026050 0.995191 2.792861 0.000000 0.000000 0.000000 1.000000
0.996469 -0.001998 0.083943 -0.465895 0.004260 0.999632 -0.026781 89.395401 -0.083859 0.027044 0.996111 2.791989 0.000000 0.000000 0.000000 1.000000
0.997304 0.000351 0.073383 -0.949679 0.001840 0.999554 -0.029795 90.271408 -0.073361 0.029849 0.996859 2.244874 0.000000 0.000000 0.000000 1.000000
0.998012 0.001303 0.063011 -1.053594 0.000790 0.999449 -0.033180 91.583366 -0.063019 0.033164 0.997461 1.529984 0.000000 0.000000 0.000000 1.000000
0.998605 0.001180 0.052796 -0.793437 0.000711 0.999359 -0.035779 93.192833 -0.052804 0.035767 0.997964 0.931699 0.000000 0.000000 0.000000 1.000000
0.999076 0.000987 0.042965 -0.366386 0.000578 0.999337 -0.036407 94.767509 -0.042972 0.036399 0.998413 0.267322 0.000000 0.000000 0.000000 1.000000</float_array>
        <technique_common>
          <accessor source="#mixamorig_Hips-Matrix-animation-output-transform-array" count="31" stride="16">
            <param type="float4x4"/>
          </accessor>
        </technique_common>
      </source>
      <source id="mixamorig_Hips-Interpolations">
        <Name_array id="mixamorig_Hips-Interpolations-array" count="31">
 LINEAR LINEAR LINEAR LINEAR LINEAR LINEAR LINEAR LINEAR LINEAR LINEAR LINEAR
LINEAR LINEAR LINEAR LINEAR LINEAR LINEAR LINEAR LINEAR LINEAR LINEAR LINEAR LINEAR
LINEAR LINEAR LINEAR LINEAR LINEAR LINEAR LINEAR LINEAR</Name_array>
        <technique_common>
          <accessor source="#mixamorig_Hips-Interpolations-array" count="31">
            <param type="name"/>
          </accessor>
        </technique_common>
      </source>
      <sampler id="mixamorig_Hips-Matrix-animation-transform">
        <input semantic="INPUT" source="#mixamorig_Hips-Matrix-animation-input"/>
        <input semantic="OUTPUT" source="#mixamorig_Hips-Matrix-animation-output-transform"/>
        <input semantic="INTERPOLATION" source="#mixamorig_Hips-Interpolations"/>
      </sampler>
      <channel source="#mixamorig_Hips-Matrix-animation-transform" target="mixamorig_Hips/matrix"/>
    </animation>
    <animation id="mixamorig_Spine-anim" name="mixamorig_Spine">
      <source id="mixamorig_Spine-Matrix-animation-input">
        <float_array id="mixamorig_Spine-Matrix-animation-input-array" count="31">

0.000000 0.033333 0.066667 0.100000 0.133333 0.166667 0.200000 0.233333 0.266667 0.300000 0.333333 0.366667 0.400000 0.433333 0.466667 0.500000
0.533333 0.566667 0.600000 0.633333 0.666667 0.700000 0.733333 0.766667 0.800000 0.833333 0.866667 0.900000 0.933333 0.966667 1.000000</float_array>
        <technique_common>
          <accessor source="#mixamorig_Spine-Matrix-animation-input-array" count="31">
            <param name="TIME" type="float"/>
          </accessor>
        </technique_common>
      </source>
      <source id="mixamorig_Spine-Matrix-animation-output-transform">
        <float_array id="mixamorig_Spine-Matrix-animation-output-transform-array" count="496">

0.999750 0.002012 -0.022263 -0.000000 -0.003042 0.998922 -0.046330 10.573600 0.022145 0.046386 0.998678 -0.649400 0.000000 0.000000 0.000000 1.000000
0.999968 0.005912 -0.005390 0.000000 -0.006120 0.999203 -0.039453 10.573600 0.005152 0.039485 0.999207 -0.649400 0.000000 0.000000 0.000000 1.000000
0.999922 -0.004226 0.011735 -0.000000 0.004597 0.999485 -0.031754 10.573600 -0.011595 0.031805 0.999427 -0.649400 0.000000 0.000000 0.000000 1.000000
0.998383 -0.043014 0.037163 0.000000 0.043855 0.998793 -0.022113 10.573600 -0.036167 0.023707 0.999065 -0.649400 0.000000 0.000000 0.000000 1.000000
0.995498 -0.074526 0.058555 0.000000 0.075243 0.997114 -0.010140 10.573600 -0.057631 0.014500 0.998233 -0.649400 0.000000 0.000000 0.000000 1.000000
0.994806 -0.078632 0.064639 0.000000 0.078845 0.996887 -0.000748 10.573600 -0.064379 0.005841 0.997908 -0.649400 0.000000 0.000000 0.000000 1.000000
0.995347 -0.065682 0.070497 0.000000 0.065875 0.997828 -0.000411 10.573600 -0.070317 0.005053 0.997512 -0.649400 0.000000 0.000000 0.000000 1.000000
0.996410 -0.038225 0.075537 0.000000 0.038972 0.999205 -0.008437 10.573600 -0.075155 0.011350 0.997107 -0.649400 0.000000 0.000000 0.000000 1.000000
0.997054 -0.016528 0.074902 0.000000 0.016635 0.999861 -0.000810 10.573600 -0.074878 0.002054 0.997191 -0.649400 0.000000 0.000000 0.000000 1.000000
0.997492 0.005642 0.070554 -0.000000 -0.005749 0.999983 0.001322 10.573600 -0.070546 -0.001724 0.997507 -0.649400 0.000000 0.000000 0.000000 1.000000
0.997492 0.011907 0.069772 0.000000 -0.011737 0.999927 -0.002840 10.573600 -0.069801 0.002014 0.997559 -0.649400 0.000000 0.000000 0.000000 1.000000
0.998378 0.009711 0.056105 0.000000 -0.009262 0.999923 -0.008271 10.573600 -0.056181 0.007738 0.998391 -0.649400 0.000000 0.000000 0.000000 1.000000
0.999756 0.003324 0.021836 0.000000 -0.002997 0.999883 -0.014976 10.573600 -0.021883 0.014907 0.999649 -0.649400 0.000000 0.000000 0.000000 1.000000
0.999913 -0.002836 -0.012845 0.000000 0.002549 0.999747 -0.022332 10.573600 0.012905 0.022297 0.999668 -0.649400 0.000000 0.000000 0.000000 1.000000
0.999414 0.000691 -0.034220 -0.000000 -0.001523 0.999704 -0.024284 10.573600 0.034193 0.024321 0.999119 -0.649400 0.000000 0.000000 0.000000 1.000000
0.998533 0.005465 -0.053879 -0.000000 -0.006833 0.999658 -0.025238 10.573600 0.053723 0.025569 0.998228 -0.649400 0.000000 0.000000 0.000000 1.000000
0.997316 0.011067 -0.072376 -0.000000 -0.012951 0.999588 -0.025622 10.573600 0.072063 0.026491 0.997048 -0.649400 0.000000 0.000000 0.000000 1.000000
0.995771 0.017038 -0.090272 0.000000 -0.019448 0.999476 -0.025889 10.573600 0.089784 0.027535 0.995581 -0.649400 0.000000 0.000000 0.000000 1.000000
0.994415 0.027536 -0.101884 0.000000 -0.030319 0.999205 -0.025872 10.573600 0.101091 0.028816 0.994460 -0.649400 0.000000 0.000000 0.000000 1.000000
0.991341 0.059371 -0.117128 -0.000000 -0.061832 0.997933 -0.017488 10.573600 0.115848 0.024578 0.992963 -0.649400 0.000000 0.000000 0.000000 1.000000
0.988328 0.084403 -0.126826 0.000000 -0.085527 0.996330 -0.003430 10.573600 0.126071 0.014237 0.991919 -0.649400 0.000000 0.000000 0.000000 1.000000
0.989796 0.075287 -0.120976 0.000000 -0.076415 0.997065 -0.004703 10.573600 0.120267 0.013899 0.992644 -0.649400 0.000000 0.000000 0.000000 1.000000
0.991883 0.059634 -0.112301 0.000000 -0.060984 0.998101 -0.008624 10.573600 0.111574 0.015403 0.993637 -0.649400 0.000000 0.000000 0.000000 1.000000
0.993541 0.041952 -0.105438 0.000000 -0.043431 0.998987 -0.011764 10.573600 0.104838 0.016268 0.994356 -0.649400 0.000000 0.000000 0.000000 1.000000
0.993837 0.015567 -0.109751 0.000000 -0.016906 0.999793 -0.011286 10.573600 0.109553 0.013071 0.993895 -0.649400 0.000000 0.000000 0.000000 1.000000
0.992437 0.005176 -0.122644 0.000000 -0.006152 0.999952 -0.007582 10.573600 0.122599 0.008280 0.992422 -0.649400 0.000000 0.000000 0.000000 1.000000
0.993208 0.007229 -0.116124 0.000000 -0.007910 0.999954 -0.005410 10.573600 0.116080 0.006292 0.993220 -0.649400 0.000000 0.000000 0.000000 1.000000
0.996056 0.012573 -0.087834 -0.000000 -0.013750 0.999823 -0.012811 10.573600 0.087658 0.013968 0.996053 -0.649400 0.000000 0.000000 0.000000 1.000000
0.998071 0.014593 -0.060341 -0.000000 -0.015898 0.999649 -0.021202 10.573600 0.060010 0.022121 0.997953 -0.649400 0.000000 0.000000 0.000000 1.000000
0.999017 0.012015 -0.042674 0.000000 -0.013099 0.999597 -0.025202 10.573600 0.042354 0.025736 0.998771 -0.649400 0.000000 0.000000 0.000000 1.000000
0.999493 0.007143 -0.031031 0.000000 -0.008145 0.999446 -0.032283 10.573600 0.030783 0.032520 0.998997 -0.649400 0.000000 0.000000 0.000000 1.000000</float_array>
        <technique_common>
          <accessor source="#mixamorig_Spine-Matrix-animation-output-transform-array" count="31" stride="16">
            <param type="float4x4"/>
          </accessor>
        </technique_common>
      </source>
      <source id="mixamorig_Spine-Interpolations">
        <Name_array id="mixamorig_Spine-Interpolations-array" count="31">
 LINEAR LINEAR LINEAR LINEAR LINEAR LINEAR LINEAR LINEAR LINEAR LINEAR LINEAR
LINEAR LINEAR LINEAR LINEAR LINEAR LINEAR LINEAR LINEAR LINEAR LINEAR LINEAR LINEAR
LINEAR LINEAR LINEAR LINEAR LINEAR LINEAR LINEAR LINEAR</Name_array>
        <technique_common>
          <accessor source="#mixamorig_Spine-Interpolations-array" count="31">
            <param type="name"/>
          </accessor>
        </technique_common>
      </source>
      <sampler id="mixamorig_Spine-Matrix-animation-transform">
        <input semantic="INPUT" source="#mixamorig_Spine-Matrix-animation-input"/>
        <input semantic="OUTPUT" source="#mixamorig_Spine-Matrix-animation-output-transform"/>
        <input semantic="INTERPOLATION" source="#mixamorig_Spine-Interpolations"/>
      </sampler>
      <channel source="#mixamorig_Spine-Matrix-animation-transform" target="mixamorig_Spine/matrix"/>
    </animation>
    <animation id="mixamorig_Spine1-anim" name="mixamorig_Spine1">
      <source id="mixamorig_Spine1-Matrix-animation-input">
        <float_array id="mixamorig_Spine1-Matrix-animation-input-array" count="31">

0.000000 0.033333 0.066667 0.100000 0.133333 0.166667 0.200000 0.233333 0.266667 0.300000 0.333333 0.366667 0.400000 0.433333 0.466667 0.500000
0.533333 0.566667 0.600000 0.633333 0.666667 0.700000 0.733333 0.766667 0.800000 0.833333 0.866667 0.900000 0.933333 0.966667 1.000000</float_array>
        <technique_common>
          <accessor source="#mixamorig_Spine1-Matrix-animation-input-array" count="31">
            <param name="TIME" type="float"/>
          </accessor>
        </technique_common>
      </source>
      <source id="mixamorig_Spine1-Matrix-animation-output-transform">
        <float_array id="mixamorig_Spine1-Matrix-animation-output-transform-array" count="496">

0.998877 -0.018859 -0.043453 0.000000 0.016968 0.998909 -0.043503 12.359100 0.044226 0.042716 0.998108 0.000000 0.000000 0.000000 0.000000 1.000000
0.999414 -0.009810 -0.032785 0.000000 0.008531 0.999205 -0.038935 12.359100 0.033141 0.038632 0.998704 0.000000 0.000000 0.000000 0.000000 1.000000
0.999764 0.001921 -0.021632 0.000000 -0.002680 0.999380 -0.035114 12.359100 0.021551 0.035164 0.999149 -0.000000 0.000000 0.000000 0.000000 1.000000
0.999771 0.018766 -0.010251 0.000000 -0.019106 0.999238 -0.034046 12.359100 0.009604 0.034234 0.999368 0.000000 0.000000 0.000000 0.000000 1.000000
0.999523 0.030800 0.002409 0.000000 -0.030697 0.998915 -0.035022 12.359100 -0.003485 0.034932 0.999384 0.000000 0.000000 0.000000 0.000000 1.000000
0.999336 0.032081 0.017279 0.000000 -0.031460 0.998890 -0.035044 12.359100 -0.018384 0.034477 0.999236 0.000000 0.000000 0.000000 0.000000 1.000000
0.999084 0.028835 0.031630 0.000000 -0.027711 0.998988 -0.035441 12.359100 -0.032619 0.034532 0.998871 0.000000 0.000000 0.000000 0.000000 1.000000
0.998768 0.026487 0.041958 0.000000 -0.024940 0.999004 -0.036990 12.359100 -0.042896 0.035898 0.998434 -0.000000 0.000000 0.000000 0.000000 1.000000
0.998661 0.022297 0.046675 -0.000000 -0.020737 0.999218 -0.033652 12.359100 -0.047389 0.032639 0.998343 0.000000 0.000000 0.000000 0.000000 1.000000
0.998998 0.011004 0.043392 -0.000000 -0.009885 0.999615 -0.025929 12.359100 -0.043661 0.025474 0.998722 -0.000000 0.000000 0.000000 0.000000 1.000000
0.999347 0.010251 0.034641 0.000000 -0.009485 0.999708 -0.022209 12.359100 -0.034858 0.021866 0.999153 0.000000 0.000000 0.000000 0.000000 1.000000
0.999562 0.010944 0.027495 0.000000 -0.010326 0.999693 -0.022541 12.359100 -0.027733 0.022247 0.999368 -0.000000 0.000000 0.000000 0.000000 1.000000
0.999796 0.008642 0.018244 0.000000 -0.008159 0.999619 -0.026375 12.359100 -0.018465 0.026221 0.999486 0.000000 0.000000 0.000000 0.000000 1.000000
0.999977 0.006640 0.001373 -0.000000 -0.006594 0.999498 -0.030992 12.359100 -0.001578 0.030982 0.999519 0.000000 0.000000 0.000000 0.000000 1.000000
0.999851 0.002109 -0.017142 0.000000 -0.002666 0.999467 -0.032523 12.359100 0.017065 0.032564 0.999324 0.000000 0.000000 0.000000 0.000000 1.000000
0.999352 -0.002699 -0.035899 -0.000000 0.001486 0.999428 -0.033777 12.359100 0.035969 0.033702 0.998784 0.000000 0.000000 0.000000 0.000000 1.000000
0.998473 -0.007958 -0.054661 -0.000000 0.006050 0.999369 -0.034991 12.359100 0.054905 0.034607 0.997892 -0.000000 0.000000 0.000000 0.000000 1.000000
0.997222 -0.013860 -0.073192 0.000000 0.011216 0.999274 -0.036409 12.359100 0.073643 0.035487 0.996653 0.000000 0.000000 0.000000 0.000000 1.000000
0.995594 -0.024473 -0.090517 -0.000000 0.021116 0.999060 -0.037852 12.359100 0.091359 0.035774 0.995175 0.000000 0.000000 0.000000 0.000000 1.000000
0.993593 -0.039817 -0.105773 0.000000 0.035453 0.998454 -0.042818 12.359100 0.107314 0.038793 0.993468 0.000000 0.000000 0.000000 0.000000 1.000000
0.991398 -0.049851 -0.121014 -0.000000 0.044452 0.997910 -0.046906 12.359100 0.123099 0.041124 0.991542 0.000000 0.000000 0.000000 0.000000 1.000000
0.990292 -0.049819 -0.129770 0.000000 0.043995 0.997908 -0.047365 12.359100 0.131858 0.041195 0.990412 0.000000 0.000000 0.000000 0.000000 1.000000
0.989387 -0.047838 -0.137201 0.000000 0.041732 0.998021 -0.047042 12.359100 0.139180 0.040817 0.989426 -0.000000 0.000000 0.000000 0.000000 1.000000
0.988725 -0.045053 -0.142806 0.000000 0.038831 0.998184 -0.046060 12.359100 0.144622 0.039996 0.988678 0.000000 0.000000 0.000000 0.000000 1.000000
0.989519 -0.038672 -0.139125 0.000000 0.033118 0.998568 -0.042014 12.359100 0.140550 0.036966 0.989383 0.000000 0.000000 0.000000 0.000000 1.000000
0.990498 -0.041685 -0.131055 0.000000 0.036553 0.998477 -0.041326 12.359100 0.132578 0.036143 0.990513 0.000000 0.000000 0.000000 0.000000 1.000000
0.991362 -0.041591 -0.124384 0.000000 0.036841 0.998510 -0.040251 12.359100 0.125873 0.035321 0.991417 0.000000 0.000000 0.000000 0.000000 1.000000
0.992642 -0.038965 -0.114646 0.000000 0.034472 0.998568 -0.040916 12.359100 0.116076 0.036663 0.992563 -0.000000 0.000000 0.000000 0.000000 1.000000
0.994686 -0.035500 -0.096641 0.000000 0.031360 0.998538 -0.044026 12.359100 0.098062 0.040762 0.994345 0.000000 0.000000 0.000000 0.000000 1.000000
0.996778 -0.030286 -0.074277 0.000000 0.026889 0.998565 -0.046324 12.359100 0.075574 0.044178 0.996161 -0.000000 0.000000 0.000000 0.000000 1.000000
0.998163 -0.024716 -0.055307 0.000000 0.022188 0.998701 -0.045871 12.359100 0.056369 0.044560 0.997415 0.000000 0.000000 0.000000 0.000000 1.000000</float_array>
        <technique_common>
          <accessor source="#mixamorig_Spine1-Matrix-animation-output-transform-array" count="31" stride="16">
            <param type="float4x4"/>
          </accessor>
        </technique_common>
      </source>
      <source id="mixamorig_Spine1-Interpolations">
        <Name_array id="mixamorig_Spine1-Interpolations-array" count="31">
 LINEAR LINEAR LINEAR LINEAR LINEAR LINEAR LINEAR LINEAR LINEAR LINEAR LINEAR
LINEAR LINEAR LINEAR LINEAR LINEAR LINEAR LINEAR LINEAR LINEAR LINEAR LINEAR LINEAR
LINEAR LINEAR LINEAR LINEAR LINEAR LINEAR LINEAR LINEAR</Name_array>
        <technique_common>
          <accessor source="#mixamorig_Spine1-Interpolations-array" count="31">
            <param type="name"/>
          </accessor>
        </technique_common>
      </source>
      <sampler id="mixamorig_Spine1-Matrix-animation-transform">
        <input semantic="INPUT" source="#mixamorig_Spine1-Matrix-animation-input"/>
        <input semantic="OUTPUT" source="#mixamorig_Spine1-Matrix-animation-output-transform"/>
        <input semantic="INTERPOLATION" source="#mixamorig_Spine1-Interpolations"/>
      </sampler>
      <channel source="#mixamorig_Spine1-Matrix-animation-transform" target="mixamorig_Spine1/matrix"/>
    </animation>
    <animation id="mixamorig_Spine2-anim" name="mixamorig_Spine2">
      <source id="mixamorig_Spine2-Matrix-animation-input">
        <float_array id="mixamorig_Spine2-Matrix-animation-input-array" count="31">

0.000000 0.033333 0.066667 0.100000 0.133333 0.166667 0.200000 0.233333 0.266667 0.300000 0.333333 0.366667 0.400000 0.433333 0.466667 0.500000
0.533333 0.566667 0.600000 0.633333 0.666667 0.700000 0.733333 0.766667 0.800000 0.833333 0.866667 0.900000 0.933333 0.966667 1.000000</float_array>
        <technique_common>
          <accessor source="#mixamorig_Spine2-Matrix-animation-input-array" count="31">
            <param name="TIME" type="float"/>
          </accessor>
        </technique_common>
      </source>
      <source id="mixamorig_Spine2-Matrix-animation-output-transform">
        <float_array id="mixamorig_Spine2-Matrix-animation-output-transform-array" count="496">

0.998867 -0.020816 -0.042801 -0.000000 0.018972 0.998893 -0.043043 14.124600 0.043649 0.042183 0.998156 0.000000 0.000000 0.000000 0.000000 1.000000
0.999418 -0.011483 -0.032130 -0.000000 0.010238 0.999201 -0.038642 14.124600 0.032548 0.038290 0.998736 -0.000000 0.000000 0.000000 0.000000 1.000000
0.999776 0.000519 -0.021157 0.000000 -0.001256 0.999393 -0.034828 14.124600 0.021126 0.034846 0.999169 0.000000 0.000000 0.000000 0.000000 1.000000
0.999792 0.017667 -0.010194 0.000000 -0.017998 0.999281 -0.033384 14.124600 0.009597 0.033561 0.999391 0.000000 0.000000 0.000000 0.000000 1.000000
0.999544 0.030117 0.002106 0.000000 -0.030029 0.998980 -0.033736 14.124600 -0.003120 0.033657 0.999429 0.000000 0.000000 0.000000 0.000000 1.000000
0.999353 0.031783 0.016859 -0.000000 -0.031203 0.998947 -0.033647 14.124600 -0.017910 0.033099 0.999292 -0.000000 0.000000 0.000000 0.000000 1.000000
0.999094 0.028976 0.031164 -0.000000 -0.027900 0.999019 -0.034402 14.124600 -0.032131 0.033502 0.998922 -0.000000 0.000000 0.000000 0.000000 1.000000
0.998769 0.027167 0.041503 0.000000 -0.025673 0.999019 -0.036094 14.124600 -0.042443 0.034984 0.998486 -0.000000 0.000000 0.000000 0.000000 1.000000
0.998654 0.022821 0.046573 -0.000000 -0.021303 0.999234 -0.032830 14.124600 -0.047287 0.031793 0.998375 -0.000000 0.000000 0.000000 0.000000 1.000000
0.998979 0.010684 0.043896 0.000000 -0.009562 0.999624 -0.025681 14.124600 -0.044154 0.025235 0.998706 0.000000 0.000000 0.000000 0.000000 1.000000
0.999329 0.009429 0.035379 0.000000 -0.008667 0.999728 -0.021645 14.124600 -0.035573 0.021324 0.999140 0.000000 0.000000 0.000000 0.000000 1.000000
0.999546 0.010206 0.028348 -0.000000 -0.009592 0.999718 -0.021710 14.124600 -0.028562 0.021429 0.999362 0.000000 0.000000 0.000000 0.000000 1.000000
0.999783 0.008219 0.019127 -0.000000 -0.007726 0.999641 -0.025674 14.124600 -0.019331 0.025521 0.999487 0.000000 0.000000 0.000000 0.000000 1.000000
0.999978 0.006200 0.002190 0.000000 -0.006130 0.999513 -0.030606 14.124600 -0.002378 0.030592 0.999529 0.000000 0.000000 0.000000 0.000000 1.000000
0.999865 0.001248 -0.016381 -0.000000 -0.001774 0.999482 -0.032148 14.124600 0.016332 0.032173 0.999349 -0.000000 0.000000 0.000000 0.000000 1.000000
0.999372 -0.004036 -0.035193 -0.000000 0.002860 0.999438 -0.033403 14.124600 0.035309 0.033281 0.998822 -0.000000 0.000000 0.000000 0.000000 1.000000
0.998493 -0.009789 -0.054002 0.000000 0.007927 0.999370 -0.034580 14.124600 0.054307 0.034100 0.997942 0.000000 0.000000 0.000000 0.000000 1.000000
0.997233 -0.016156 -0.072557 0.000000 0.013577 0.999263 -0.035896 14.124600 0.073084 0.034811 0.996718 0.000000 0.000000 0.000000 0.000000 1.000000
0.995594 -0.027113 -0.089765 0.000000 0.023906 0.999044 -0.036601 14.124600 0.090672 0.034294 0.995290 0.000000 0.000000 0.000000 0.000000 1.000000
0.993575 -0.043054 -0.104664 0.000000 0.039050 0.998436 -0.040011 14.124600 0.106223 0.035667 0.993702 -0.000000 0.000000 0.000000 0.000000 1.000000
0.991372 -0.053695 -0.119573 -0.000000 0.048837 0.997872 -0.043198 14.124600 0.121638 0.036985 0.991885 0.000000 0.000000 0.000000 0.000000 1.000000
0.990265 -0.053942 -0.128320 0.000000 0.048667 0.997850 -0.043898 14.124600 0.130412 0.037226 0.990761 -0.000000 0.000000 0.000000 0.000000 1.000000
0.989360 -0.052180 -0.135806 0.000000 0.046588 0.997943 -0.044034 14.124600 0.137824 0.037239 0.989756 0.000000 0.000000 0.000000 0.000000 1.000000
0.988693 -0.049505 -0.141546 0.000000 0.043741 0.998093 -0.043549 14.124600 0.143432 0.036865 0.988973 -0.000000 0.000000 0.000000 0.000000 1.000000
0.989458 -0.042638 -0.138404 0.000000 0.037417 0.998494 -0.040110 14.124600 0.139906 0.034509 0.989563 0.000000 0.000000 0.000000 0.000000 1.000000
0.990404 -0.045108 -0.130635 0.000000 0.040409 0.998445 -0.038406 14.124600 0.132164 0.032758 0.990686 0.000000 0.000000 0.000000 0.000000 1.000000
0.991261 -0.044597 -0.124151 0.000000 0.040233 0.998489 -0.037440 14.124600 0.125633 0.032118 0.991557 0.000000 0.000000 0.000000 0.000000 1.000000
0.992545 -0.041913 -0.114446 0.000000 0.037697 0.998537 -0.038754 14.124600 0.115903 0.034150 0.992673 0.000000 0.000000 0.000000 0.000000 1.000000
0.994600 -0.038579 -0.096347 -0.000000 0.034612 0.998496 -0.042510 14.124600 0.097842 0.038945 0.994440 -0.000000 0.000000 0.000000 0.000000 1.000000
0.996720 -0.033135 -0.073832 -0.000000 0.029827 0.998520 -0.045473 14.124600 0.075230 0.043121 0.996233 0.000000 0.000000 0.000000 0.000000 1.000000
0.998136 -0.027020 -0.054717 -0.000000 0.024544 0.998666 -0.045419 14.124600 0.055871 0.043991 0.997468 0.000000 0.000000 0.000000 0.000000 1.000000</float_array>
        <technique_common>
          <accessor source="#mixamorig_Spine2-Matrix-animation-output-transform-array" count="31" stride="16">
            <param type="float4x4"/>
          </accessor>
        </technique_common>
      </source>
      <source id="mixamorig_Spine2-Interpolations">
        <Name_array id="mixamorig_Spine2-Interpolations-array" count="31">
 LINEAR LINEAR LINEAR LINEAR LINEAR LINEAR LINEAR LINEAR LINEAR LINEAR LINEAR
LINEAR LINEAR LINEAR LINEAR LINEAR LINEAR LINEAR LINEAR LINEAR LINEAR LINEAR LINEAR
LINEAR LINEAR LINEAR LINEAR LINEAR LINEAR LINEAR LINEAR</Name_array>
        <technique_common>
          <accessor source="#mixamorig_Spine2-Interpolations-array" count="31">
            <param type="name"/>
          </accessor>
        </technique_common>
      </source>
      <sampler id="mixamorig_Spine2-Matrix-animation-transform">
        <input semantic="INPUT" source="#mixamorig_Spine2-Matrix-animation-input"/>
        <input semantic="OUTPUT" source="#mixamorig_Spine2-Matrix-animation-output-transform"/>
        <input semantic="INTERPOLATION" source="#mixamorig_Spine2-Interpolations"/>
      </sampler>
      <channel source="#mixamorig_Spine2-Matrix-animation-transform" target="mixamorig_Spine2/matrix"/>
    </animation>
    <animation id="mixamorig_Neck-anim" name="mixamorig_Neck">
      <source id="mixamorig_Neck-Matrix-animation-input">
        <float_array id="mixamorig_Neck-Matrix-animation-input-array" count="31">

0.000000 0.033333 0.066667 0.100000 0.133333 0.166667 0.200000 0.233333 0.266667 0.300000 0.333333 0.366667 0.400000 0.433333 0.466667 0.500000
0.533333 0.566667 0.600000 0.633333 0.666667 0.700000 0.733333 0.766667 0.800000 0.833333 0.866667 0.900000 0.933333 0.966667 1.000000</float_array>
        <technique_common>
          <accessor source="#mixamorig_Neck-Matrix-animation-input-array" count="31">
            <param name="TIME" type="float"/>
          </accessor>
        </technique_common>
      </source>
      <source id="mixamorig_Neck-Matrix-animation-output-transform">
        <float_array id="mixamorig_Neck-Matrix-animation-output-transform-array" count="496">

0.999301 0.004142 0.037153 0.000000 -0.002170 0.998594 -0.052959 15.890200 -0.037320 0.052841 0.997905 0.000000 0.000000 0.000000 0.000000 1.000000
0.999438 0.006365 0.032913 0.000000 -0.004589 0.998545 -0.053731 15.890200 -0.033207 0.053550 0.998013 0.000000 0.000000 0.000000 0.000000 1.000000
0.999623 0.004337 0.027098 0.000000 -0.002919 0.998636 -0.052139 15.890200 -0.027287 0.052040 0.998272 -0.000000 0.000000 0.000000 0.000000 1.000000
0.999795 -0.005905 0.019354 0.000000 0.006873 0.998709 -0.050340 15.890200 -0.019032 0.050462 0.998545 0.000000 0.000000 0.000000 0.000000 1.000000
0.999797 -0.016764 0.011221 -0.000000 0.017316 0.998549 -0.050990 15.890200 -0.010350 0.051174 0.998636 -0.000000 0.000000 0.000000 0.000000 1.000000
0.999785 -0.020307 0.004140 -0.000000 0.020492 0.998479 -0.051186 15.890200 -0.003094 0.051260 0.998681 -0.000000 0.000000 0.000000 0.000000 1.000000
0.999829 -0.018360 -0.002006 0.000000 0.018241 0.998661 -0.048416 15.890200 0.002892 0.048371 0.998825 0.000000 0.000000 0.000000 0.000000 1.000000
0.999886 -0.013393 -0.006956 -0.000000 0.013051 0.998807 -0.047063 15.890200 0.007578 0.046967 0.998868 0.000000 0.000000 0.000000 0.000000 1.000000
0.999964 0.001567 -0.008371 -0.000000 -0.002012 0.998573 -0.053364 15.890200 0.008276 0.053379 0.998540 0.000000 0.000000 0.000000 0.000000 1.000000
0.999611 0.027461 -0.004915 0.000000 -0.027701 0.997926 -0.058111 15.890200 0.003309 0.058224 0.998298 0.000000 0.000000 0.000000 0.000000 1.000000
0.999208 0.039796 -0.000710 -0.000000 -0.039770 0.997519 -0.058088 15.890200 -0.001604 0.058070 0.998311 0.000000 0.000000 0.000000 0.000000 1.000000
0.998802 0.048724 0.004591 0.000000 -0.048361 0.997015 -0.060180 15.890200 -0.007510 0.059886 0.998177 0.000000 0.000000 0.000000 0.000000 1.000000
0.998459 0.054127 0.012274 -0.000000 -0.053280 0.996705 -0.061162 15.890200 -0.015545 0.060413 0.998052 -0.000000 0.000000 0.000000 0.000000 1.000000
0.998561 0.049282 0.021154 -0.000000 -0.047941 0.997058 -0.059811 15.890200 -0.024039 0.058711 0.997986 0.000000 0.000000 0.000000 0.000000 1.000000
0.998699 0.041391 0.029790 0.000000 -0.039449 0.997230 -0.063061 15.890200 -0.032317 0.061803 0.997565 -0.000000 0.000000 0.000000 0.000000 1.000000
0.998718 0.032938 0.038441 0.000000 -0.030315 0.997296 -0.066939 15.890200 -0.040542 0.065688 0.997016 0.000000 0.000000 0.000000 0.000000 1.000000
0.998576 0.024894 0.047177 -0.000000 -0.021524 0.997271 -0.070625 15.890200 -0.048806 0.069509 0.996387 0.000000 0.000000 0.000000 0.000000 1.000000
0.998264 0.018197 0.056024 0.000000 -0.014062 0.997208 -0.073333 15.890200 -0.057202 0.072418 0.995733 -0.000000 0.000000 0.000000 0.000000 1.000000
0.997663 0.020207 0.065268 0.000000 -0.015569 0.997369 -0.070805 15.890200 -0.066527 0.069624 0.995353 0.000000 0.000000 0.000000 0.000000 1.000000
0.996765 0.029845 0.074629 0.000000 -0.024775 0.997381 -0.067958 15.890200 -0.076462 0.065889 0.994893 0.000000 0.000000 0.000000 0.000000 1.000000
0.995765 0.039117 0.083200 0.000000 -0.033661 0.997252 -0.066002 15.890200 -0.085553 0.062922 0.994345 0.000000 0.000000 0.000000 0.000000 1.000000
0.995380 0.039278 0.087607 0.000000 -0.033952 0.997531 -0.061479 15.890200 -0.089805 0.058220 0.994256 -0.000000 0.000000 0.000000 0.000000 1.000000
0.995131 0.037487 0.091154 0.000000 -0.032411 0.997874 -0.056540 15.890200 -0.093079 0.053311 0.994230 0.000000 0.000000 0.000000 0.000000 1.000000
0.995083 0.032214 0.093664 -0.000000 -0.027319 0.998217 -0.053077 15.890200 -0.095207 0.050257 0.994188 0.000000 0.000000 0.000000 0.000000 1.000000
0.995793 0.009143 0.091175 0.000000 -0.003879 0.998324 -0.057746 15.890200 -0.091550 0.057150 0.994159 0.000000 0.000000 0.000000 0.000000 1.000000
0.996140 -0.002765 0.087730 0.000000 0.008108 0.998129 -0.060607 15.890200 -0.087399 0.061084 0.994299 -0.000000 0.000000 0.000000 0.000000 1.000000
0.996605 -0.014104 0.081115 0.000000 0.019146 0.997910 -0.061722 15.890200 -0.080075 0.063065 0.994792 0.000000 0.000000 0.000000 0.000000 1.000000
0.997224 -0.023376 0.070695 -0.000000 0.027560 0.997890 -0.058795 15.890200 -0.069172 0.060580 0.995764 0.000000 0.000000 0.000000 0.000000 1.000000
0.997990 -0.023150 0.058997 0.000000 0.026461 0.998082 -0.055969 15.890200 -0.057588 0.057418 0.996688 0.000000 0.000000 0.000000 0.000000 1.000000
0.998718 -0.014904 0.048378 -0.000000 0.017631 0.998251 -0.056436 15.890200 -0.047452 0.057217 0.997233 -0.000000 0.000000 0.000000 0.000000 1.000000
0.999165 -0.004138 0.040648 -0.000000 0.006438 0.998376 -0.056606 15.890200 -0.040348 0.056821 0.997569 0.000000 0.000000 0.000000 0.000000 1.000000</float_array>
        <technique_common>
          <accessor source="#mixamorig_Neck-Matrix-animation-output-transform-array" count="31" stride="16">
            <param type="float4x4"/>
          </accessor>
        </technique_common>
      </source>
      <source id="mixamorig_Neck-Interpolations">
        <Name_array id="mixamorig_Neck-Interpolations-array" count="31">
 LINEAR LINEAR LINEAR LINEAR LINEAR LINEAR LINEAR LINEAR LINEAR LINEAR LINEAR
LINEAR LINEAR LINEAR LINEAR LINEAR LINEAR LINEAR LINEAR LINEAR LINEAR LINEAR LINEAR
LINEAR LINEAR LINEAR LINEAR LINEAR LINEAR LINEAR LINEAR</Name_array>
        <technique_common>
          <accessor source="#mixamorig_Neck-Interpolations-array" count="31">
            <param type="name"/>
          </accessor>
        </technique_common>
      </source>
      <sampler id="mixamorig_Neck-Matrix-animation-transform">
        <input semantic="INPUT" source="#mixamorig_Neck-Matrix-animation-input"/>
        <input semantic="OUTPUT" source="#mixamorig_Neck-Matrix-animation-output-transform"/>
        <input semantic="INTERPOLATION" source="#mixamorig_Neck-Interpolations"/>
      </sampler>
      <channel source="#mixamorig_Neck-Matrix-animation-transform" target="mixamorig_Neck/matrix"/>
    </animation>
    <animation id="mixamorig_Head-anim" name="mixamorig_Head">
      <source id="mixamorig_Head-Matrix-animation-input">
        <float_array id="mixamorig_Head-Matrix-animation-input-array" count="31">

0.000000 0.033333 0.066667 0.100000 0.133333 0.166667 0.200000 0.233333 0.266667 0.300000 0.333333 0.366667 0.400000 0.433333 0.466667 0.500000
0.533333 0.566667 0.600000 0.633333 0.666667 0.700000 0.733333 0.766667 0.800000 0.833333 0.866667 0.900000 0.933333 0.966667 1.000000</float_array>
        <technique_common>
          <accessor source="#mixamorig_Head-Matrix-animation-input-array" count="31">
            <param name="TIME" type="float"/>
          </accessor>
        </technique_common>
      </source>
      <source id="mixamorig_Head-Matrix-animation-output-transform">
        <float_array id="mixamorig_Head-Matrix-animation-output-transform-array" count="496">

0.996340 0.032647 0.078999 0.000000 -0.037096 0.997768 0.055527 3.913500 -0.077010 -0.058255 0.995327 1.360900 0.000000 0.000000 0.000000 1.000000
0.997790 0.032674 0.057860 0.000000 -0.035549 0.998148 0.049374 3.913500 -0.056139 -0.051322 0.997103 1.360900 0.000000 0.000000 0.000000 1.000000
0.998661 0.032668 0.040123 0.000000 -0.034635 0.998181 0.049343 3.913500 -0.038438 -0.050667 0.997976 1.360900 0.000000 0.000000 0.000000 1.000000
0.998921 0.038288 0.026298 -0.000000 -0.039711 0.997646 0.055908 3.913500 -0.024095 -0.056892 0.998090 1.360900 0.000000 0.000000 0.000000 1.000000
0.998903 0.041941 0.020843 -0.000000 -0.043277 0.996716 0.068436 3.913500 -0.017904 -0.069263 0.997438 1.360900 0.000000 0.000000 0.000000 1.000000
0.998919 0.042160 0.019596 0.000000 -0.043615 0.995765 0.080926 3.913500 -0.016101 -0.081693 0.996527 1.360900 0.000000 0.000000 0.000000 1.000000
0.999048 0.041890 0.012176 -0.000000 -0.042852 0.994640 0.094102 3.913500 -0.008168 -0.094534 0.995488 1.360900 0.000000 0.000000 0.000000 1.000000
0.999399 0.034408 -0.004238 0.000000 -0.033784 0.994043 0.103617 3.913500 0.007778 -0.103411 0.994608 1.360900 0.000000 0.000000 0.000000 1.000000
0.999636 0.015646 -0.021967 0.000000 -0.013536 0.995563 0.093120 3.913500 0.023327 -0.092789 0.995413 1.360900 0.000000 0.000000 0.000000 1.000000
0.999404 -0.010233 -0.032954 -0.000000 0.012474 0.997572 0.068516 3.913500 0.032173 -0.068886 0.997106 1.360900 0.000000 0.000000 0.000000 1.000000
0.998749 -0.034349 -0.036337 0.000000 0.036239 0.997954 0.052681 3.913500 0.034453 -0.053932 0.997950 1.360900 0.000000 0.000000 0.000000 1.000000
0.998729 -0.041869 -0.028056 0.000000 0.043394 0.997478 0.056162 3.913500 0.025634 -0.057309 0.998027 1.360900 0.000000 0.000000 0.000000 1.000000
0.999624 -0.027404 -0.000653 -0.000000 0.027382 0.997165 0.070086 3.913500 -0.001269 -0.070078 0.997541 1.360900 0.000000 0.000000 0.000000 1.000000
0.999331 -0.002955 0.036440 -0.000000 0.000205 0.997166 0.075234 3.913500 -0.036559 -0.075176 0.996500 1.360900 0.000000 0.000000 0.000000 1.000000
0.997851 0.007904 0.065050 -0.000000 -0.012059 0.997895 0.063722 3.913500 -0.064409 -0.064370 0.995845 1.360900 0.000000 0.000000 0.000000 1.000000
0.995570 0.017703 0.092345 0.000000 -0.022313 0.998543 0.049128 3.913500 -0.091340 -0.050971 0.994514 1.360900 0.000000 0.000000 0.000000 1.000000
0.992597 0.027073 0.118396 -0.000000 -0.031321 0.998925 0.034172 3.913500 -0.117343 -0.037628 0.992378 1.360900 0.000000 0.000000 0.000000 1.000000
0.989005 0.036365 0.143342 -0.000000 -0.039846 0.998975 0.021489 3.913500 -0.142414 -0.026964 0.989440 1.360900 0.000000 0.000000 0.000000 1.000000
0.986150 0.038348 0.161363 0.000000 -0.043095 0.998732 0.026018 3.913500 -0.160160 -0.032612 0.986552 1.360900 0.000000 0.000000 0.000000 1.000000
0.984052 0.035415 0.174320 -0.000000 -0.043354 0.998179 0.041949 3.913500 -0.172517 -0.048838 0.983795 1.360900 0.000000 0.000000 0.000000 1.000000
0.982535 0.032725 0.183177 0.000000 -0.044146 0.997304 0.058622 3.913500 -0.180765 -0.065684 0.981331 1.360900 0.000000 0.000000 0.000000 1.000000
0.982004 0.033946 0.185783 0.000000 -0.047521 0.996477 0.069107 3.913500 -0.182782 -0.076692 0.980158 1.360900 0.000000 0.000000 0.000000 1.000000
0.981614 0.036122 0.187426 0.000000 -0.051595 0.995591 0.078342 3.913500 -0.183770 -0.086571 0.979150 1.360900 0.000000 0.000000 0.000000 1.000000
0.980591 0.041677 0.191582 0.000000 -0.059126 0.994515 0.086281 3.913500 -0.186935 -0.095934 0.977677 1.360900 0.000000 0.000000 0.000000 1.000000
0.975705 0.064898 0.209258 0.000000 -0.084746 0.992569 0.087316 3.913500 -0.202036 -0.102929 0.973954 1.360900 0.000000 0.000000 0.000000 1.000000
0.970354 0.083242 0.226899 0.000000 -0.102369 0.992001 0.073857 3.913500 -0.218936 -0.094894 0.971114 1.360900 0.000000 0.000000 0.000000 1.000000
0.970766 0.080643 0.226077 0.000000 -0.096976 0.993349 0.062078 3.913500 -0.219567 -0.082188 0.972129 1.360900 0.000000 0.000000 0.000000 1.000000
0.977407 0.066904 0.200498 0.000000 -0.081612 0.994476 0.066006 3.913500 -0.194974 -0.080878 0.977468 1.360900 0.000000 0.000000 0.000000 1.000000
0.985303 0.052587 0.162522 0.000000 -0.065363 0.995092 0.074288 3.913500 -0.157818 -0.083819 0.983904 1.360900 0.000000 0.000000 0.000000 1.000000
0.991460 0.039490 0.124292 0.000000 -0.049012 0.996015 0.074509 3.913500 -0.120855 -0.079964 0.989444 1.360900 0.000000 0.000000 0.000000 1.000000
0.994966 0.032034 0.094957 0.000000 -0.038439 0.997052 0.066402 3.913500 -0.092550 -0.069718 0.993264 1.360900 0.000000 0.000000 0.000000 1.000000</float_array>
        <technique_common>
          <accessor source="#mixamorig_Head-Matrix-animation-output-transform-array" count="31" stride="16">
            <param type="float4x4"/>
          </accessor>
        </technique_common>
      </source>
      <source id="mixamorig_Head-Interpolations">
        <Name_array id="mixamorig_Head-Interpolations-array" count="31">
 LINEAR LINEAR LINEAR LINEAR LINEAR LINEAR LINEAR LINEAR LINEAR LINEAR LINEAR
LINEAR LINEAR LINEAR LINEAR LINEAR LINEAR LINEAR LINEAR LINEAR LINEAR LINEAR LINEAR
LINEAR LINEAR LINEAR LINEAR LINEAR LINEAR LINEAR LINEAR</Name_array>
        <technique_common>
          <accessor source="#mixamorig_Head-Interpolations-array" count="31">
            <param type="name"/>
          </accessor>
        </technique_common>
      </source>
      <sampler id="mixamorig_Head-Matrix-animation-transform">
        <input semantic="INPUT" source="#mixamorig_Head-Matrix-animation-input"/>
        <input semantic="OUTPUT" source="#mixamorig_Head-Matrix-animation-output-transform"/>
        <input semantic="INTERPOLATION" source="#mixamorig_Head-Interpolations"/>
      </sampler>
      <channel source="#mixamorig_Head-Matrix-animation-transform" target="mixamorig_Head/matrix"/>
    </animation>
    <animation id="mixamorig_LeftShoulder-anim" name="mixamorig_LeftShoulder">
      <source id="mixamorig_LeftShoulder-Matrix-animation-input">
        <float_array id="mixamorig_LeftShoulder-Matrix-animation-input-array" count="31">

0.000000 0.033333 0.066667 0.100000 0.133333 0.166667 0.200000 0.233333 0.266667 0.300000 0.333333 0.366667 0.400000 0.433333 0.466667 0.500000
0.533333 0.566667 0.600000 0.633333 0.666667 0.700000 0.733333 0.766667 0.800000 0.833333 0.866667 0.900000 0.933333 0.966667 1.000000</float_array>
        <technique_common>
          <accessor source="#mixamorig_LeftShoulder-Matrix-animation-input-array" count="31">
            <param name="TIME" type="float"/>
          </accessor>
        </technique_common>
      </source>
      <source id="mixamorig_LeftShoulder-Matrix-animation-output-transform">
        <float_array id="mixamorig_LeftShoulder-Matrix-animation-output-transform-array" count="496">

0.128775 0.913385 -0.386193 5.768700 0.008192 -0.390402 -0.920608 14.120300 -0.991640 0.115388 -0.057756 -0.144600 0.000000 0.000000 0.000000 1.000000
0.112115 0.916915 -0.383011 5.768700 0.009065 -0.386369 -0.922300 14.120300 -0.993654 0.099932 -0.051630 -0.144600 0.000000 0.000000 0.000000 1.000000
0.096610 0.919533 -0.380953 5.768700 0.009805 -0.383604 -0.923446 14.120300 -0.995274 0.085479 -0.046076 -0.144600 0.000000 0.000000 0.000000 1.000000
0.088292 0.921453 -0.378323 5.768700 0.010184 -0.380621 -0.924675 14.120300 -0.996043 0.077789 -0.042990 -0.144600 0.000000 0.000000 0.000000 1.000000
0.078241 0.925555 -0.370440 5.768700 0.010586 -0.372330 -0.928040 14.120300 -0.996878 0.068689 -0.038929 -0.144600 0.000000 0.000000 0.000000 1.000000
0.062750 0.929631 -0.363109 5.768700 0.011091 -0.364453 -0.931156 14.120300 -0.997968 0.054403 -0.033179 -0.144600 0.000000 0.000000 0.000000 1.000000
0.054877 0.929421 -0.364919 5.768700 0.011389 -0.366028 -0.930534 14.120300 -0.998428 0.046909 -0.030672 -0.144600 0.000000 0.000000 0.000000 1.000000
0.062041 0.925795 -0.372900 5.768700 0.011241 -0.374244 -0.927262 14.120300 -0.998010 0.053336 -0.033625 -0.144600 0.000000 0.000000 0.000000 1.000000
0.067163 0.923644 -0.377320 5.768700 0.011083 -0.378841 -0.925395 14.120300 -0.997680 0.057971 -0.035680 -0.144600 0.000000 0.000000 0.000000 1.000000
0.068121 0.922218 -0.380622 5.768700 0.011074 -0.382183 -0.924020 14.120300 -0.997616 0.058730 -0.036247 -0.144600 0.000000 0.000000 0.000000 1.000000
0.079245 0.918936 -0.386363 5.768700 0.010604 -0.388337 -0.921457 14.120300 -0.996799 0.068924 -0.040518 -0.144600 0.000000 0.000000 0.000000 1.000000
0.090698 0.914895 -0.393372 5.768700 0.010038 -0.395820 -0.918273 14.120300 -0.995828 0.079337 -0.045084 -0.144600 0.000000 0.000000 0.000000 1.000000
0.094173 0.909730 -0.404379 5.768700 0.009807 -0.407012 -0.913370 14.120300 -0.995508 0.082049 -0.047251 -0.144600 0.000000 0.000000 0.000000 1.000000
0.099594 0.904884 -0.413844 5.768700 0.009418 -0.416750 -0.908972 14.120300 -0.994984 0.086631 -0.050028 -0.144600 0.000000 0.000000 0.000000 1.000000
0.106631 0.905650 -0.410401 5.768700 0.009063 -0.413622 -0.910404 14.120300 -0.994257 0.093358 -0.052312 -0.144600 0.000000 0.000000 0.000000 1.000000
0.113931 0.907127 -0.405143 5.768700 0.008709 -0.408694 -0.912630 14.120300 -0.993450 0.100449 -0.054463 -0.144600 0.000000 0.000000 0.000000 1.000000
0.121205 0.908888 -0.399039 5.768700 0.008372 -0.402924 -0.915195 14.120300 -0.992592 0.107585 -0.056446 -0.144600 0.000000 0.000000 0.000000 1.000000
0.128160 0.910535 -0.393066 5.768700 0.008067 -0.397279 -0.917663 14.120300 -0.991721 0.114437 -0.058260 -0.144600 0.000000 0.000000 0.000000 1.000000
0.133145 0.912751 -0.386210 5.768700 0.007976 -0.390654 -0.920503 14.120300 -0.991064 0.119480 -0.059294 -0.144600 0.000000 0.000000 0.000000 1.000000
0.139975 0.914066 -0.380643 5.768700 0.007785 -0.385432 -0.922703 14.120300 -0.990124 0.126192 -0.061067 -0.144600 0.000000 0.000000 0.000000 1.000000
0.152034 0.912103 -0.380728 5.768700 0.007179 -0.386215 -0.922381 14.120300 -0.988349 0.137500 -0.065266 -0.144600 0.000000 0.000000 0.000000 1.000000
0.155772 0.912562 -0.378107 5.768700 0.007067 -0.383799 -0.923389 14.120300 -0.987768 0.141166 -0.066235 -0.144600 0.000000 0.000000 0.000000 1.000000
0.157845 0.913481 -0.375015 5.768700 0.007052 -0.380809 -0.924627 14.120300 -0.987439 0.143303 -0.066550 -0.144600 0.000000 0.000000 0.000000 1.000000
0.158209 0.914473 -0.372437 5.768700 0.007099 -0.378231 -0.925684 14.120300 -0.987380 0.143808 -0.066331 -0.144600 0.000000 0.000000 0.000000 1.000000
0.150008 0.915725 -0.372754 5.768700 0.007450 -0.378057 -0.925752 14.120300 -0.988657 0.136093 -0.063534 -0.144600 0.000000 0.000000 0.000000 1.000000
0.139839 0.918224 -0.370553 5.768700 0.007957 -0.375260 -0.926885 14.120300 -0.990142 0.126666 -0.059782 -0.144600 0.000000 0.000000 0.000000 1.000000
0.135279 0.919988 -0.367861 5.768700 0.008194 -0.372300 -0.928076 14.120300 -0.990774 0.122535 -0.057903 -0.144600 0.000000 0.000000 0.000000 1.000000
0.136363 0.919713 -0.368149 5.768700 0.008115 -0.372645 -0.927938 14.120300 -0.990626 0.123549 -0.058278 -0.144600 0.000000 0.000000 0.000000 1.000000
0.138131 0.917053 -0.374078 5.768700 0.007902 -0.378707 -0.925483 14.120300 -0.990382 0.124882 -0.059558 -0.144600 0.000000 0.000000 0.000000 1.000000
0.138625 0.914978 -0.378944 5.768700 0.007775 -0.383632 -0.923453 14.120300 -0.990314 0.125068 -0.060295 -0.144600 0.000000 0.000000 0.000000 1.000000
0.135253 0.914454 -0.381419 5.768700 0.007905 -0.385940 -0.922490 14.120300 -0.990780 0.121755 -0.059428 -0.144600 0.000000 0.000000 0.000000 1.000000</float_array>
        <technique_common>
          <accessor source="#mixamorig_LeftShoulder-Matrix-animation-output-transform-array" count="31" stride="16">
            <param type="float4x4"/>
          </accessor>
        </technique_common>
      </source>
      <source id="mixamorig_LeftShoulder-Interpolations">
        <Name_array id="mixamorig_LeftShoulder-Interpolations-array" count="31">
 LINEAR LINEAR LINEAR LINEAR LINEAR LINEAR LINEAR LINEAR LINEAR LINEAR LINEAR
LINEAR LINEAR LINEAR LINEAR LINEAR LINEAR LINEAR LINEAR LINEAR LINEAR LINEAR LINEAR
LINEAR LINEAR LINEAR LINEAR LINEAR LINEAR LINEAR LINEAR</Name_array>
        <technique_common>
          <accessor source="#mixamorig_LeftShoulder-Interpolations-array" count="31">
            <param type="name"/>
          </accessor>
        </technique_common>
      </source>
      <sampler id="mixamorig_LeftShoulder-Matrix-animation-transform">
        <input semantic="INPUT" source="#mixamorig_LeftShoulder-Matrix-animation-input"/>
        <input semantic="OUTPUT" source="#mixamorig_LeftShoulder-Matrix-animation-output-transform"/>
        <input semantic="INTERPOLATION" source="#mixamorig_LeftShoulder-Interpolations"/>
      </sampler>
      <channel source="#mixamorig_LeftShoulder-Matrix-animation-transform" target="mixamorig_LeftShoulder/matrix"/>
    </animation>
    <animation id="mixamorig_LeftArm-anim" name="mixamorig_LeftArm">
      <source id="mixamorig_LeftArm-Matrix-animation-input">
        <float_array id="mixamorig_LeftArm-Matrix-animation-input-array" count="31">

0.000000 0.033333 0.066667 0.100000 0.133333 0.166667 0.200000 0.233333 0.266667 0.300000 0.333333 0.366667 0.400000 0.433333 0.466667 0.500000
0.533333 0.566667 0.600000 0.633333 0.666667 0.700000 0.733333 0.766667 0.800000 0.833333 0.866667 0.900000 0.933333 0.966667 1.000000</float_array>
        <technique_common>
          <accessor source="#mixamorig_LeftArm-Matrix-animation-input-array" count="31">
            <param name="TIME" type="float"/>
          </accessor>
        </technique_common>
      </source>
      <source id="mixamorig_LeftArm-Matrix-animation-output-transform">
        <float_array id="mixamorig_LeftArm-Matrix-animation-output-transform-array" count="496">

0.949925 -0.038258 0.310126 0.000000 0.269063 0.604813 -0.749538 12.133700 -0.158893 0.795448 0.584821 0.000000 0.000000 0.000000 0.000000 1.000000
0.959326 0.042923 0.279018 0.000000 0.199918 0.594533 -0.778822 12.133700 -0.199315 0.802925 0.561770 0.000000 0.000000 0.000000 0.000000 1.000000
0.962970 0.118844 0.242002 -0.000000 0.130808 0.578932 -0.804815 12.133700 -0.235750 0.806669 0.541948 0.000000 0.000000 0.000000 0.000000 1.000000
0.961712 0.187062 0.200293 0.000000 0.064205 0.556712 -0.828220 12.133700 -0.266434 0.809370 0.523387 0.000000 0.000000 0.000000 0.000000 1.000000
0.956210 0.246415 0.157933 0.000000 0.003391 0.530244 -0.847839 12.133700 -0.292663 0.811247 0.506188 -0.000000 0.000000 0.000000 0.000000 1.000000
0.951541 0.280832 0.125309 -0.000000 -0.037189 0.509576 -0.859622 12.133700 -0.305264 0.813306 0.495326 0.000000 0.000000 0.000000 0.000000 1.000000
0.954003 0.281305 0.103658 0.000000 -0.055936 0.506711 -0.860300 12.133700 -0.294531 0.814931 0.499139 0.000000 0.000000 0.000000 0.000000 1.000000
0.957750 0.269371 0.100768 0.000000 -0.056895 0.520904 -0.851717 12.133700 -0.281918 0.809999 0.514221 0.000000 0.000000 0.000000 0.000000 1.000000
0.959334 0.255242 0.120543 0.000000 -0.038577 0.541584 -0.839761 12.133700 -0.279626 0.800961 0.529406 0.000000 0.000000 0.000000 0.000000 1.000000
0.961473 0.233745 0.144681 0.000000 -0.013401 0.565536 -0.824614 12.133700 -0.274572 0.790906 0.546880 0.000000 0.000000 0.000000 0.000000 1.000000
0.964595 0.200652 0.171161 0.000000 0.018642 0.595486 -0.803149 12.133700 -0.263077 0.777904 0.570662 -0.000000 0.000000 0.000000 0.000000 1.000000
0.969943 0.147943 0.193191 0.000000 0.059598 0.625325 -0.778085 12.133700 -0.235919 0.766213 0.597713 -0.000000 0.000000 0.000000 0.000000 1.000000
0.979947 0.076665 0.183921 0.000000 0.091622 0.646293 -0.757569 12.133700 -0.176947 0.759228 0.626309 -0.000000 0.000000 0.000000 0.000000 1.000000
0.987083 0.001023 0.160209 0.000000 0.120074 0.657303 -0.743999 12.133700 -0.106067 0.753625 0.648690 -0.000000 0.000000 0.000000 0.000000 1.000000
0.983210 -0.057664 0.173129 0.000000 0.167213 0.664590 -0.728258 12.133700 -0.073065 0.744980 0.663074 0.000000 0.000000 0.000000 0.000000 1.000000
0.975176 -0.114351 0.189621 0.000000 0.216710 0.668769 -0.711186 12.133700 -0.045488 0.734624 0.676948 0.000000 0.000000 0.000000 0.000000 1.000000
0.963520 -0.169178 0.207381 0.000000 0.266718 0.671057 -0.691769 12.133700 -0.022133 0.721846 0.691700 0.000000 0.000000 0.000000 0.000000 1.000000
0.948915 -0.222378 0.223847 0.000000 0.315526 0.672559 -0.669408 12.133700 -0.001689 0.705841 0.708368 -0.000000 0.000000 0.000000 0.000000 1.000000
0.932309 -0.263654 0.247562 -0.000000 0.361648 0.685815 -0.631560 12.133700 -0.003269 0.678340 0.734741 0.000000 0.000000 0.000000 0.000000 1.000000
0.915772 -0.306327 0.259859 0.000000 0.401690 0.702758 -0.587177 12.133700 -0.002750 0.642102 0.766614 0.000000 0.000000 0.000000 0.000000 1.000000
0.901243 -0.342943 0.264862 0.000000 0.433205 0.726842 -0.532948 12.133700 -0.009742 0.595055 0.803626 0.000000 0.000000 0.000000 0.000000 1.000000
0.893395 -0.363204 0.264439 0.000000 0.449050 0.740381 -0.500191 12.133700 -0.014114 0.565614 0.824549 -0.000000 0.000000 0.000000 0.000000 1.000000
0.887029 -0.379843 0.262486 0.000000 0.461367 0.751208 -0.472045 12.133700 -0.017879 0.539820 0.841590 0.000000 0.000000 0.000000 0.000000 1.000000
0.885065 -0.387157 0.258399 -0.000000 0.465063 0.758687 -0.456192 12.133700 -0.019426 0.523931 0.851539 0.000000 0.000000 0.000000 0.000000 1.000000
0.905750 -0.345873 0.244925 0.000000 0.423705 0.751966 -0.504997 12.133700 -0.009510 0.561177 0.827641 0.000000 0.000000 0.000000 0.000000 1.000000
0.929780 -0.284363 0.233766 -0.000000 0.368018 0.732663 -0.572510 12.133700 -0.008471 0.618339 0.785866 0.000000 0.000000 0.000000 0.000000 1.000000
0.942142 -0.234193 0.239837 0.000000 0.334419 0.705877 -0.624421 12.133700 -0.023061 0.668499 0.743355 -0.000000 0.000000 0.000000 0.000000 1.000000
0.938803 -0.214355 0.269632 0.000000 0.341597 0.680004 -0.648773 12.133700 -0.044284 0.701175 0.711613 0.000000 0.000000 0.000000 0.000000 1.000000
0.930304 -0.203723 0.305009 0.000000 0.360928 0.656522 -0.662352 12.133700 -0.065309 0.726275 0.684295 0.000000 0.000000 0.000000 0.000000 1.000000
0.929022 -0.172754 0.327221 -0.000000 0.359065 0.634512 -0.684446 12.133700 -0.089385 0.753360 0.651506 0.000000 0.000000 0.000000 0.000000 1.000000
0.937832 -0.116250 0.327043 0.000000 0.326349 0.616168 -0.716822 12.133700 -0.118183 0.778989 0.615800 -0.000000 0.000000 0.000000 0.000000 1.000000</float_array>
        <technique_common>
          <accessor source="#mixamorig_LeftArm-Matrix-animation-output-transform-array" count="31" stride="16">
            <param type="float4x4"/>
          </accessor>
        </technique_common>
      </source>
      <source id="mixamorig_LeftArm-Interpolations">
        <Name_array id="mixamorig_LeftArm-Interpolations-array" count="31">
 LINEAR LINEAR LINEAR LINEAR LINEAR LINEAR LINEAR LINEAR LINEAR LINEAR LINEAR
LINEAR LINEAR LINEAR LINEAR LINEAR LINEAR LINEAR LINEAR LINEAR LINEAR LINEAR LINEAR
LINEAR LINEAR LINEAR LINEAR LINEAR LINEAR LINEAR LINEAR</Name_array>
        <technique_common>
          <accessor source="#mixamorig_LeftArm-Interpolations-array" count="31">
            <param type="name"/>
          </accessor>
        </technique_common>
      </source>
      <sampler id="mixamorig_LeftArm-Matrix-animation-transform">
        <input semantic="INPUT" source="#mixamorig_LeftArm-Matrix-animation-input"/>
        <input semantic="OUTPUT" source="#mixamorig_LeftArm-Matrix-animation-output-transform"/>
        <input semantic="INTERPOLATION" source="#mixamorig_LeftArm-Interpolations"/>
      </sampler>
      <channel source="#mixamorig_LeftArm-Matrix-animation-transform" target="mixamorig_LeftArm/matrix"/>
    </animation>
    <animation id="mixamorig_LeftForeArm-anim" name="mixamorig_LeftForeArm">
      <source id="mixamorig_LeftForeArm-Matrix-animation-input">
        <float_array id="mixamorig_LeftForeArm-Matrix-animation-input-array" count="31">

0.000000 0.033333 0.066667 0.100000 0.133333 0.166667 0.200000 0.233333 0.266667 0.300000 0.333333 0.366667 0.400000 0.433333 0.466667 0.500000
0.533333 0.566667 0.600000 0.633333 0.666667 0.700000 0.733333 0.766667 0.800000 0.833333 0.866667 0.900000 0.933333 0.966667 1.000000</float_array>
        <technique_common>
          <accessor source="#mixamorig_LeftForeArm-Matrix-animation-input-array" count="31">
            <param name="TIME" type="float"/>
          </accessor>
        </technique_common>
      </source>
      <source id="mixamorig_LeftForeArm-Matrix-animation-output-transform">
        <float_array id="mixamorig_LeftForeArm-Matrix-animation-output-transform-array" count="496">

0.981733 -0.188952 -0.022296 0.000000 0.188026 0.981422 -0.038168 24.385900 0.029093 0.033278 0.999023 -0.000000 0.000000 0.000000 0.000000 1.000000
0.981796 -0.188623 -0.022308 0.000000 0.187698 0.981488 -0.038101 24.385900 0.029082 0.033220 0.999025 -0.000000 0.000000 0.000000 0.000000 1.000000
0.982135 -0.186840 -0.022377 0.000000 0.185924 0.981839 -0.037741 24.385900 0.029022 0.032906 0.999037 0.000000 0.000000 0.000000 0.000000 1.000000
0.983653 -0.178639 -0.022685 0.000000 0.177763 0.983412 -0.036084 24.385900 0.028755 0.031462 0.999091 0.000000 0.000000 0.000000 0.000000 1.000000
0.986028 -0.164959 -0.023167 0.000000 0.164150 0.985872 -0.033321 24.385900 0.028337 0.029052 0.999176 -0.000000 0.000000 0.000000 0.000000 1.000000
0.990254 -0.137187 -0.024025 0.000000 0.136515 0.990250 -0.027711 24.385900 0.027593 0.024161 0.999327 0.000000 0.000000 0.000000 0.000000 1.000000
0.994977 -0.096941 -0.024984 0.000000 0.096465 0.995144 -0.019582 24.385900 0.026761 0.017073 0.999496 0.000000 0.000000 0.000000 0.000000 1.000000
0.997101 -0.071715 -0.025415 -0.000000 0.071363 0.997345 -0.014486 24.385900 0.026387 0.012630 0.999572 0.000000 0.000000 0.000000 0.000000 1.000000
0.996946 -0.073856 -0.025384 0.000000 0.073494 0.997184 -0.014919 24.385900 0.026414 0.013008 0.999566 0.000000 0.000000 0.000000 0.000000 1.000000
0.995525 -0.091106 -0.025095 0.000000 0.090660 0.995712 -0.018403 24.385900 0.026664 0.016046 0.999516 -0.000000 0.000000 0.000000 0.000000 1.000000
0.992704 -0.118060 -0.024523 -0.000000 0.117481 0.992789 -0.023848 24.385900 0.027161 0.020793 0.999415 -0.000000 0.000000 0.000000 0.000000 1.000000
0.987448 -0.156191 -0.023456 0.000000 0.155425 0.987344 -0.031550 24.385900 0.028087 0.027508 0.999227 0.000000 0.000000 0.000000 0.000000 1.000000
0.979489 -0.200313 -0.021840 0.000000 0.199330 0.979097 -0.040462 24.385900 0.029488 0.035279 0.998942 0.000000 0.000000 0.000000 0.000000 1.000000
0.968596 -0.247865 -0.019629 -0.000000 0.246650 0.967810 -0.050068 24.385900 0.031407 0.043654 0.998553 0.000000 0.000000 0.000000 0.000000 1.000000
0.945954 -0.323871 -0.016680 0.000000 0.322193 0.944416 -0.065347 24.385900 0.036917 0.056441 0.997723 0.000000 0.000000 0.000000 0.000000 1.000000
0.916001 -0.401023 -0.011081 -0.000000 0.398906 0.913404 -0.081042 24.385900 0.042621 0.069814 0.996649 0.000000 0.000000 0.000000 0.000000 1.000000
0.877989 -0.478674 -0.002780 0.000000 0.476191 0.873997 -0.096809 24.385900 0.048770 0.083673 0.995299 0.000000 0.000000 0.000000 0.000000 1.000000
0.831151 -0.555985 0.008271 -0.000000 0.553258 0.825405 -0.112306 24.385900 0.055613 0.097919 0.993639 -0.000000 0.000000 0.000000 0.000000 1.000000
0.755506 -0.654715 0.023627 -0.000000 0.651504 0.747029 -0.132250 24.385900 0.068936 0.115308 0.990935 0.000000 0.000000 0.000000 0.000000 1.000000
0.682690 -0.729698 0.038408 0.000000 0.726119 0.671584 -0.147396 24.385900 0.081760 0.128514 0.988332 0.000000 0.000000 0.000000 0.000000 1.000000
0.611691 -0.789331 0.052820 0.000000 0.785460 0.598022 -0.159442 24.385900 0.094265 0.139017 0.985793 0.000000 0.000000 0.000000 0.000000 1.000000
0.580869 -0.811850 0.059079 0.000000 0.807870 0.566088 -0.163982 24.385900 0.099685 0.142981 0.984693 0.000000 0.000000 0.000000 0.000000 1.000000
0.558313 -0.827188 0.063617 0.000000 0.823126 0.542721 -0.167084 24.385900 0.103684 0.145650 0.983888 -0.000000 0.000000 0.000000 0.000000 1.000000
0.544410 -0.836181 0.066477 0.000000 0.832080 0.528312 -0.168905 24.385900 0.106114 0.147268 0.983388 0.000000 0.000000 0.000000 0.000000 1.000000
0.575176 -0.815809 0.060232 0.000000 0.811808 0.560189 -0.164790 24.385900 0.100696 0.143680 0.984488 0.000000 0.000000 0.000000 0.000000 1.000000
0.631132 -0.774134 0.048874 0.000000 0.770338 0.618165 -0.156372 24.385900 0.090841 0.136341 0.986488 0.000000 0.000000 0.000000 0.000000 1.000000
0.715825 -0.697561 0.031682 0.000000 0.694140 0.705915 -0.140904 24.385900 0.075925 0.122854 0.989516 0.000000 0.000000 0.000000 0.000000 1.000000
0.817912 -0.575239 0.010959 0.000000 0.572418 0.811687 -0.116196 24.385900 0.057945 0.101311 0.993166 0.000000 0.000000 0.000000 0.000000 1.000000
0.903689 -0.428140 -0.006453 0.000000 0.426040 0.900561 -0.086482 24.385900 0.042838 0.075404 0.996232 0.000000 0.000000 0.000000 0.000000 1.000000
0.948530 -0.316305 -0.015556 0.000000 0.314754 0.947020 -0.063892 24.385900 0.034941 0.055708 0.997836 0.000000 0.000000 0.000000 0.000000 1.000000
0.971881 -0.234595 -0.020296 0.000000 0.233445 0.971215 -0.047387 24.385900 0.030828 0.041317 0.998670 0.000000 0.000000 0.000000 0.000000 1.000000</float_array>
        <technique_common>
          <accessor source="#mixamorig_LeftForeArm-Matrix-animation-output-transform-array" count="31" stride="16">
            <param type="float4x4"/>
          </accessor>
        </technique_common>
      </source>
      <source id="mixamorig_LeftForeArm-Interpolations">
        <Name_array id="mixamorig_LeftForeArm-Interpolations-array" count="31">
 LINEAR LINEAR LINEAR LINEAR LINEAR LINEAR LINEAR LINEAR LINEAR LINEAR LINEAR
LINEAR LINEAR LINEAR LINEAR LINEAR LINEAR LINEAR LINEAR LINEAR LINEAR LINEAR LINEAR
LINEAR LINEAR LINEAR LINEAR LINEAR LINEAR LINEAR LINEAR</Name_array>
        <technique_common>
          <accessor source="#mixamorig_LeftForeArm-Interpolations-array" count="31">
            <param type="name"/>
          </accessor>
        </technique_common>
      </source>
      <sampler id="mixamorig_LeftForeArm-Matrix-animation-transform">
        <input semantic="INPUT" source="#mixamorig_LeftForeArm-Matrix-animation-input"/>
        <input semantic="OUTPUT" source="#mixamorig_LeftForeArm-Matrix-animation-output-transform"/>
        <input semantic="INTERPOLATION" source="#mixamorig_LeftForeArm-Interpolations"/>
      </sampler>
      <channel source="#mixamorig_LeftForeArm-Matrix-animation-transform" target="mixamorig_LeftForeArm/matrix"/>
    </animation>
    <animation id="mixamorig_RightShoulder-anim" name="mixamorig_RightShoulder">
      <source id="mixamorig_RightShoulder-Matrix-animation-input">
        <float_array id="mixamorig_RightShoulder-Matrix-animation-input-array" count="31">

0.000000 0.033333 0.066667 0.100000 0.133333 0.166667 0.200000 0.233333 0.266667 0.300000 0.333333 0.366667 0.400000 0.433333 0.466667 0.500000
0.533333 0.566667 0.600000 0.633333 0.666667 0.700000 0.733333 0.766667 0.800000 0.833333 0.866667 0.900000 0.933333 0.966667 1.000000</float_array>
        <technique_common>
          <accessor source="#mixamorig_RightShoulder-Matrix-animation-input-array" count="31">
            <param name="TIME" type="float"/>
          </accessor>
        </technique_common>
      </source>
      <source id="mixamorig_RightShoulder-Matrix-animation-output-transform">
        <float_array id="mixamorig_RightShoulder-Matrix-animation-output-transform-array" count="496">

0.052313 -0.912292 0.406186 -5.768700 -0.011512 -0.407267 -0.913237 14.115900 0.998564 0.043098 -0.031808 -0.073100 0.000000 0.000000 0.000000 1.000000
0.058046 -0.913667 0.402297 -5.768700 -0.011152 -0.403545 -0.914892 14.115900 0.998252 0.048619 -0.033613 -0.073100 0.000000 0.000000 0.000000 1.000000
0.064700 -0.918327 0.390500 -5.768700 -0.010727 -0.391937 -0.919929 14.115900 0.997847 0.055330 -0.035209 -0.073100 0.000000 0.000000 0.000000 1.000000
0.073348 -0.923189 0.377281 -5.768700 -0.010302 -0.378982 -0.925347 14.115900 0.997253 0.063986 -0.037308 -0.073100 0.000000 0.000000 0.000000 1.000000
0.090335 -0.922776 0.374600 -5.768700 -0.009606 -0.376927 -0.926193 14.115900 0.995865 0.080069 -0.042914 -0.073100 0.000000 0.000000 0.000000 1.000000
0.111734 -0.919554 0.376744 -5.768700 -0.008664 -0.380005 -0.924944 14.115900 0.993700 0.100084 -0.050426 -0.073100 0.000000 0.000000 0.000000 1.000000
0.122938 -0.920308 0.371375 -5.768700 -0.008315 -0.375156 -0.926924 14.115900 0.992380 0.110866 -0.053773 -0.073100 0.000000 0.000000 0.000000 1.000000
0.121513 -0.923314 0.364315 -5.768700 -0.008558 -0.367996 -0.929788 14.115900 0.992553 0.109863 -0.052618 -0.073100 0.000000 0.000000 0.000000 1.000000
0.111342 -0.925006 0.363271 -5.768700 -0.008959 -0.366464 -0.930389 14.115900 0.993742 0.100337 -0.049089 -0.073100 0.000000 0.000000 0.000000 1.000000
0.103892 -0.925186 0.365017 -5.768700 -0.009199 -0.367881 -0.929827 14.115900 0.994546 0.093244 -0.046730 -0.073100 0.000000 0.000000 0.000000 1.000000
0.099395 -0.923402 0.370742 -5.768700 -0.009283 -0.373431 -0.927611 14.115900 0.995005 0.088758 -0.045690 -0.073100 0.000000 0.000000 0.000000 1.000000
0.095902 -0.922114 0.374846 -5.768700 -0.009372 -0.377401 -0.926002 14.115900 0.995347 0.085292 -0.044835 -0.073100 0.000000 0.000000 0.000000 1.000000
0.096409 -0.922670 0.373343 -5.768700 -0.009369 -0.375915 -0.926607 14.115900 0.995298 0.085836 -0.044887 -0.073100 0.000000 0.000000 0.000000 1.000000
0.096026 -0.922249 0.374481 -5.768700 -0.009371 -0.377040 -0.926149 14.115900 0.995335 0.085425 -0.044848 -0.073100 0.000000 0.000000 0.000000 1.000000
0.090620 -0.921083 0.378673 -5.768700 -0.009590 -0.381027 -0.924514 14.115900 0.995839 0.080148 -0.043362 -0.073100 0.000000 0.000000 0.000000 1.000000
0.084551 -0.919698 0.383415 -5.768700 -0.009838 -0.385544 -0.922637 14.115900 0.996371 0.074238 -0.041646 -0.073100 0.000000 0.000000 0.000000 1.000000
0.078072 -0.918380 0.387922 -5.768700 -0.010105 -0.389819 -0.920836 14.115900 0.996897 0.067971 -0.039714 -0.073100 0.000000 0.000000 0.000000 1.000000
0.071439 -0.917436 0.391419 -5.768700 -0.010382 -0.393084 -0.919444 14.115900 0.997391 0.061620 -0.037606 -0.073100 0.000000 0.000000 0.000000 1.000000
0.062927 -0.919370 0.388328 -5.768700 -0.010752 -0.389701 -0.920878 14.115900 0.997960 0.053773 -0.034408 -0.073100 0.000000 0.000000 0.000000 1.000000
0.054605 -0.921995 0.383332 -5.768700 -0.011033 -0.384439 -0.923085 14.115900 0.998447 0.046176 -0.031165 -0.073100 0.000000 0.000000 0.000000 1.000000
0.043418 -0.924896 0.377732 -5.768700 -0.011338 -0.378521 -0.925523 14.115900 0.998993 0.035902 -0.026922 -0.073100 0.000000 0.000000 0.000000 1.000000
0.034029 -0.925505 0.377204 -5.768700 -0.011614 -0.377763 -0.925829 14.115900 0.999353 0.027125 -0.023604 -0.073100 0.000000 0.000000 0.000000 1.000000
0.025101 -0.925592 0.377690 -5.768700 -0.011883 -0.378058 -0.925706 14.115900 0.999614 0.018748 -0.020489 -0.073100 0.000000 0.000000 0.000000 1.000000
0.018186 -0.924930 0.379702 -5.768700 -0.012141 -0.379941 -0.924931 14.115900 0.999761 0.012211 -0.018140 -0.073100 0.000000 0.000000 0.000000 1.000000
0.021867 -0.920686 0.389692 -5.768700 -0.012335 -0.390004 -0.920731 14.115900 0.999685 0.015326 -0.019885 -0.073100 0.000000 0.000000 0.000000 1.000000
0.028124 -0.916173 0.399794 -5.768700 -0.012428 -0.400242 -0.916325 14.115900 0.999527 0.020802 -0.022643 -0.073100 0.000000 0.000000 0.000000 1.000000
0.030580 -0.910824 0.411660 -5.768700 -0.012790 -0.412176 -0.911015 14.115900 0.999450 0.022594 -0.024254 -0.073100 0.000000 0.000000 0.000000 1.000000
0.029714 -0.906114 0.421989 -5.768700 -0.013311 -0.422497 -0.906267 14.115900 0.999470 0.021312 -0.024615 -0.073100 0.000000 0.000000 0.000000 1.000000
0.031823 -0.905707 0.422708 -5.768700 -0.013253 -0.423267 -0.905908 14.115900 0.999406 0.023227 -0.025473 -0.073100 0.000000 0.000000 0.000000 1.000000
0.037457 -0.907465 0.418455 -5.768700 -0.012767 -0.419149 -0.907828 14.115900 0.999217 0.028662 -0.027286 -0.073100 0.000000 0.000000 0.000000 1.000000
0.045646 -0.909603 0.412964 -5.768700 -0.012106 -0.413869 -0.910256 14.115900 0.998884 0.036550 -0.029904 -0.073100 0.000000 0.000000 0.000000 1.000000</float_array>
        <technique_common>
          <accessor source="#mixamorig_RightShoulder-Matrix-animation-output-transform-array" count="31" stride="16">
            <param type="float4x4"/>
          </accessor>
        </technique_common>
      </source>
      <source id="mixamorig_RightShoulder-Interpolations">
        <Name_array id="mixamorig_RightShoulder-Interpolations-array" count="31">
 LINEAR LINEAR LINEAR LINEAR LINEAR LINEAR LINEAR LINEAR LINEAR LINEAR LINEAR
LINEAR LINEAR LINEAR LINEAR LINEAR LINEAR LINEAR LINEAR LINEAR LINEAR LINEAR LINEAR
LINEAR LINEAR LINEAR LINEAR LINEAR LINEAR LINEAR LINEAR</Name_array>
        <technique_common>
          <accessor source="#mixamorig_RightShoulder-Interpolations-array" count="31">
            <param type="name"/>
          </accessor>
        </technique_common>
      </source>
      <sampler id="mixamorig_RightShoulder-Matrix-animation-transform">
        <input semantic="INPUT" source="#mixamorig_RightShoulder-Matrix-animation-input"/>
        <input semantic="OUTPUT" source="#mixamorig_RightShoulder-Matrix-animation-output-transform"/>
        <input semantic="INTERPOLATION" source="#mixamorig_RightShoulder-Interpolations"/>
      </sampler>
      <channel source="#mixamorig_RightShoulder-Matrix-animation-transform" target="mixamorig_RightShoulder/matrix"/>
    </animation>
    <animation id="mixamorig_RightArm-anim" name="mixamorig_RightArm">
      <source id="mixamorig_RightArm-Matrix-animation-input">
        <float_array id="mixamorig_RightArm-Matrix-animation-input-array" count="31">

0.000000 0.033333 0.066667 0.100000 0.133333 0.166667 0.200000 0.233333 0.266667 0.300000 0.333333 0.366667 0.400000 0.433333 0.466667 0.500000
0.533333 0.566667 0.600000 0.633333 0.666667 0.700000 0.733333 0.766667 0.800000 0.833333 0.866667 0.900000 0.933333 0.966667 1.000000</float_array>
        <technique_common>
          <accessor source="#mixamorig_RightArm-Matrix-animation-input-array" count="31">
            <param name="TIME" type="float"/>
          </accessor>
        </technique_common>
      </source>
      <source id="mixamorig_RightArm-Matrix-animation-output-transform">
        <float_array id="mixamorig_RightArm-Matrix-animation-output-transform-array" count="496">

0.928317 0.227863 -0.293778 -0.000000 -0.367974 0.676024 -0.638425 12.133700 0.053127 0.700764 0.711412 0.000000 0.000000 0.000000 0.000000 1.000000
0.912866 0.266766 -0.309051 -0.000000 -0.405274 0.683511 -0.607096 12.133700 0.049287 0.679447 0.732067 0.000000 0.000000 0.000000 0.000000 1.000000
0.898802 0.303425 -0.316368 0.000000 -0.435926 0.694576 -0.572305 12.133700 0.046090 0.652302 0.756557 0.000000 0.000000 0.000000 0.000000 1.000000
0.885623 0.343954 -0.312037 0.000000 -0.462876 0.708226 -0.533068 12.133700 0.037642 0.616532 0.786430 0.000000 0.000000 0.000000 0.000000 1.000000
0.870073 0.386449 -0.305989 0.000000 -0.491569 0.726229 -0.480574 12.133700 0.036501 0.568549 0.821839 0.000000 0.000000 0.000000 0.000000 1.000000
0.857262 0.420110 -0.297675 0.000000 -0.513155 0.744431 -0.427194 12.133700 0.042130 0.518971 0.853753 -0.000000 0.000000 0.000000 0.000000 1.000000
0.854801 0.436728 -0.280329 -0.000000 -0.517865 0.752856 -0.406231 12.133700 0.033635 0.492419 0.869708 0.000000 0.000000 0.000000 0.000000 1.000000
0.864838 0.423974 -0.268890 -0.000000 -0.501468 0.755314 -0.421937 12.133700 0.024206 0.499747 0.865833 0.000000 0.000000 0.000000 0.000000 1.000000
0.877606 0.386639 -0.283403 0.000000 -0.477947 0.751407 -0.454921 12.133700 0.037061 0.534694 0.844233 0.000000 0.000000 0.000000 0.000000 1.000000
0.892192 0.330541 -0.307793 0.000000 -0.447192 0.742074 -0.499345 12.133700 0.063351 0.583154 0.809887 0.000000 0.000000 0.000000 0.000000 1.000000
0.910814 0.258968 -0.321487 0.000000 -0.402254 0.731795 -0.550152 12.133700 0.092791 0.630405 0.770700 -0.000000 0.000000 0.000000 0.000000 1.000000
0.922314 0.198413 -0.331615 0.000000 -0.367521 0.715584 -0.594028 12.133700 0.119435 0.669755 0.732914 0.000000 0.000000 0.000000 0.000000 1.000000
0.923866 0.168992 -0.343384 0.000000 -0.358803 0.694631 -0.623496 12.133700 0.133160 0.699235 0.702381 0.000000 0.000000 0.000000 0.000000 1.000000
0.932020 0.147909 -0.330849 -0.000000 -0.339351 0.676603 -0.653490 12.133700 0.127197 0.721340 0.680801 0.000000 0.000000 0.000000 0.000000 1.000000
0.945755 0.099878 -0.309148 0.000000 -0.293402 0.671205 -0.680734 12.133700 0.139511 0.734512 0.664100 0.000000 0.000000 0.000000 0.000000 1.000000
0.957654 0.048130 -0.283872 0.000000 -0.242724 0.665275 -0.706041 12.133700 0.154871 0.745045 0.648785 0.000000 0.000000 0.000000 0.000000 1.000000
0.966367 -0.004997 -0.257119 0.000000 -0.190452 0.657940 -0.728590 12.133700 0.172810 0.753054 0.634860 0.000000 0.000000 0.000000 0.000000 1.000000
0.971235 -0.057081 -0.231179 0.000000 -0.139939 0.648682 -0.748083 12.133700 0.192663 0.758916 0.622035 0.000000 0.000000 0.000000 0.000000 1.000000
0.969094 -0.108800 -0.221404 0.000000 -0.101382 0.642549 -0.759508 12.133700 0.224897 0.758481 0.611660 0.000000 0.000000 0.000000 0.000000 1.000000
0.966378 -0.151144 -0.208014 0.000000 -0.066731 0.633851 -0.770571 12.133700 0.248317 0.758543 0.602454 -0.000000 0.000000 0.000000 0.000000 1.000000
0.963350 -0.185643 -0.193633 0.000000 -0.036430 0.624613 -0.780085 12.133700 0.265763 0.758548 0.594957 0.000000 0.000000 0.000000 0.000000 1.000000
0.962942 -0.196517 -0.184726 0.000000 -0.023507 0.621152 -0.783338 12.133700 0.268682 0.758651 0.593514 0.000000 0.000000 0.000000 0.000000 1.000000
0.963087 -0.202576 -0.177276 -0.000000 -0.014298 0.619125 -0.785162 12.133700 0.268811 0.758714 0.593375 0.000000 0.000000 0.000000 0.000000 1.000000
0.963375 -0.202200 -0.176135 -0.000000 -0.012828 0.621333 -0.783442 12.133700 0.267850 0.757008 0.595983 0.000000 0.000000 0.000000 0.000000 1.000000
0.963680 -0.168337 -0.207323 0.000000 -0.051364 0.644996 -0.762457 12.133700 0.262072 0.745414 0.612924 0.000000 0.000000 0.000000 0.000000 1.000000
0.961646 -0.118374 -0.247435 0.000000 -0.105877 0.671975 -0.732966 12.133700 0.253034 0.731052 0.633669 0.000000 0.000000 0.000000 0.000000 1.000000
0.960463 -0.059740 -0.271924 0.000000 -0.156626 0.691545 -0.705148 12.133700 0.230173 0.719858 0.654847 0.000000 0.000000 0.000000 0.000000 1.000000
0.965307 0.001319 -0.261116 -0.000000 -0.187814 0.698234 -0.690793 12.133700 0.181409 0.715868 0.674258 0.000000 0.000000 0.000000 0.000000 1.000000
0.968459 0.063955 -0.240824 -0.000000 -0.216532 0.694237 -0.686403 12.133700 0.123290 0.716899 0.686189 -0.000000 0.000000 0.000000 0.000000 1.000000
0.961665 0.125719 -0.243713 0.000000 -0.261657 0.686656 -0.678262 12.133700 0.082077 0.716029 0.693228 0.000000 0.000000 0.000000 0.000000 1.000000
0.947103 0.181060 -0.264977 0.000000 -0.315236 0.679685 -0.662310 12.133700 0.060183 0.710806 0.700808 -0.000000 0.000000 0.000000 0.000000 1.000000</float_array>
        <technique_common>
          <accessor source="#mixamorig_RightArm-Matrix-animation-output-transform-array" count="31" stride="16">
            <param type="float4x4"/>
          </accessor>
        </technique_common>
      </source>
      <source id="mixamorig_RightArm-Interpolations">
        <Name_array id="mixamorig_RightArm-Interpolations-array" count="31">
 LINEAR LINEAR LINEAR LINEAR LINEAR LINEAR LINEAR LINEAR LINEAR LINEAR LINEAR
LINEAR LINEAR LINEAR LINEAR LINEAR LINEAR LINEAR LINEAR LINEAR LINEAR LINEAR LINEAR
LINEAR LINEAR LINEAR LINEAR LINEAR LINEAR LINEAR LINEAR</Name_array>
        <technique_common>
          <accessor source="#mixamorig_RightArm-Interpolations-array" count="31">
            <param type="name"/>
          </accessor>
        </technique_common>
      </source>
      <sampler id="mixamorig_RightArm-Matrix-animation-transform">
        <input semantic="INPUT" source="#mixamorig_RightArm-Matrix-animation-input"/>
        <input semantic="OUTPUT" source="#mixamorig_RightArm-Matrix-animation-output-transform"/>
        <input semantic="INTERPOLATION" source="#mixamorig_RightArm-Interpolations"/>
      </sampler>
      <channel source="#mixamorig_RightArm-Matrix-animation-transform" target="mixamorig_RightArm/matrix"/>
    </animation>
    <animation id="mixamorig_RightForeArm-anim" name="mixamorig_RightForeArm">
      <source id="mixamorig_RightForeArm-Matrix-animation-input">
        <float_array id="mixamorig_RightForeArm-Matrix-animation-input-array" count="31">

0.000000 0.033333 0.066667 0.100000 0.133333 0.166667 0.200000 0.233333 0.266667 0.300000 0.333333 0.366667 0.400000 0.433333 0.466667 0.500000
0.533333 0.566667 0.600000 0.633333 0.666667 0.700000 0.733333 0.766667 0.800000 0.833333 0.866667 0.900000 0.933333 0.966667 1.000000</float_array>
        <technique_common>
          <accessor source="#mixamorig_RightForeArm-Matrix-animation-input-array" count="31">
            <param name="TIME" type="float"/>
          </accessor>
        </technique_common>
      </source>
      <source id="mixamorig_RightForeArm-Matrix-animation-output-transform">
        <float_array id="mixamorig_RightForeArm-Matrix-animation-output-transform-array" count="496">

0.921077 0.389340 0.005620 0.000000 -0.388112 0.919144 -0.067407 24.384300 -0.031409 0.059906 0.997710 0.000000 0.000000 0.000000 0.000000 1.000000
0.901268 0.433257 0.002179 0.000000 -0.431890 0.898802 -0.075010 24.384300 -0.034457 0.066663 0.997180 0.000000 0.000000 0.000000 0.000000 1.000000
0.866660 0.498885 -0.003831 -0.000000 -0.497311 0.863262 -0.086372 24.384300 -0.039782 0.076761 0.996256 0.000000 0.000000 0.000000 0.000000 1.000000
0.840773 0.541324 -0.008328 0.000000 -0.539616 0.836679 -0.093720 24.384300 -0.043765 0.083291 0.995564 0.000000 0.000000 0.000000 0.000000 1.000000
0.829009 0.559139 -0.010371 -0.000000 -0.557375 0.824598 -0.096804 24.384300 -0.045575 0.086031 0.995249 0.000000 0.000000 0.000000 0.000000 1.000000
0.826917 0.562222 -0.010734 0.000000 -0.560448 0.822450 -0.097338 24.384300 -0.045897 0.086506 0.995194 -0.000000 0.000000 0.000000 0.000000 1.000000
0.838174 0.545332 -0.008779 -0.000000 -0.543612 0.834010 -0.094414 24.384300 -0.044165 0.083907 0.995494 0.000000 0.000000 0.000000 0.000000 1.000000
0.855225 0.518224 -0.005818 0.000000 -0.516589 0.851520 -0.089720 24.384300 -0.041541 0.079736 0.995950 0.000000 0.000000 0.000000 0.000000 1.000000
0.877527 0.479523 -0.001944 0.000000 -0.478010 0.874422 -0.083020 24.384300 -0.038110 0.073781 0.996546 -0.000000 0.000000 0.000000 0.000000 1.000000
0.901680 0.432398 0.002251 0.000000 -0.431034 0.899225 -0.074861 24.384300 -0.034394 0.066531 0.997191 0.000000 0.000000 0.000000 0.000000 1.000000
0.918074 0.396377 0.005098 0.000000 -0.395126 0.916060 -0.068625 24.384300 -0.031871 0.060988 0.997630 0.000000 0.000000 0.000000 0.000000 1.000000
0.931415 0.363883 0.007415 0.000000 -0.362735 0.929760 -0.062999 24.384300 -0.029819 0.055989 0.997986 0.000000 0.000000 0.000000 0.000000 1.000000
0.950562 0.310348 0.010740 0.000000 -0.309369 0.949423 -0.053730 24.384300 -0.026872 0.047751 0.998498 -0.000000 0.000000 0.000000 0.000000 1.000000
0.968274 0.249508 0.013817 0.000000 -0.248721 0.967611 -0.043197 24.384300 -0.024147 0.038390 0.998971 0.000000 0.000000 0.000000 0.000000 1.000000
0.974810 0.222531 0.015005 0.000000 -0.221828 0.974324 -0.038530 24.384300 -0.023194 0.034231 0.999145 0.000000 0.000000 0.000000 0.000000 1.000000
0.979738 0.199650 0.015893 0.000000 -0.199017 0.979386 -0.034568 24.384300 -0.022467 0.030705 0.999276 0.000000 0.000000 0.000000 0.000000 1.000000
0.983462 0.180360 0.016533 0.000000 -0.179789 0.983209 -0.031226 24.384300 -0.021888 0.027737 0.999376 0.000000 0.000000 0.000000 0.000000 1.000000
0.986293 0.164133 0.016946 0.000000 -0.163615 0.986115 -0.028416 24.384300 -0.021375 0.025254 0.999453 0.000000 0.000000 0.000000 0.000000 1.000000
0.984277 0.175848 0.016596 0.000000 -0.175293 0.984045 -0.030445 24.384300 -0.021685 0.027057 0.999399 0.000000 0.000000 0.000000 0.000000 1.000000
0.982508 0.185506 0.016289 0.000000 -0.184921 0.982229 -0.032117 24.384300 -0.021957 0.028543 0.999351 0.000000 0.000000 0.000000 0.000000 1.000000
0.981745 0.189516 0.016156 0.000000 -0.188918 0.981445 -0.032811 24.384300 -0.022075 0.029160 0.999331 0.000000 0.000000 0.000000 0.000000 1.000000
0.983092 0.182378 0.016401 0.000000 -0.181802 0.982828 -0.031575 24.384300 -0.021878 0.028059 0.999367 -0.000000 0.000000 0.000000 0.000000 1.000000
0.984758 0.173125 0.016691 0.000000 -0.172579 0.984540 -0.029973 24.384300 -0.021622 0.026636 0.999411 0.000000 0.000000 0.000000 0.000000 1.000000
0.986364 0.163702 0.016959 -0.000000 -0.163186 0.986188 -0.028342 24.384300 -0.021364 0.025188 0.999454 0.000000 0.000000 0.000000 0.000000 1.000000
0.987898 0.154145 0.017225 0.000000 -0.153659 0.987763 -0.026687 24.384300 -0.021127 0.023717 0.999495 0.000000 0.000000 0.000000 0.000000 1.000000
0.986549 0.162580 0.016991 0.000000 -0.162067 0.986378 -0.028148 24.384300 -0.021335 0.025016 0.999459 0.000000 0.000000 0.000000 0.000000 1.000000
0.982110 0.187610 0.016219 -0.000000 -0.187018 0.981819 -0.032481 24.384300 -0.022018 0.028867 0.999341 0.000000 0.000000 0.000000 0.000000 1.000000
0.974905 0.222117 0.014968 0.000000 -0.221416 0.974421 -0.038455 24.384300 -0.023127 0.034176 0.999148 0.000000 0.000000 0.000000 0.000000 1.000000
0.965714 0.259264 0.013372 0.000000 -0.258446 0.964982 -0.044887 24.384300 -0.024541 0.039892 0.998903 0.000000 0.000000 0.000000 0.000000 1.000000
0.954990 0.296416 0.011510 0.000000 -0.295480 0.953969 -0.051319 24.384300 -0.026191 0.045608 0.998616 0.000000 0.000000 0.000000 0.000000 1.000000
0.940612 0.339363 0.009012 0.000000 -0.338292 0.939205 -0.058754 24.384300 -0.028403 0.052216 0.998232 -0.000000 0.000000 0.000000 0.000000 1.000000</float_array>
        <technique_common>
          <accessor source="#mixamorig_RightForeArm-Matrix-animation-output-transform-array" count="31" stride="16">
            <param type="float4x4"/>
          </accessor>
        </technique_common>
      </source>
      <source id="mixamorig_RightForeArm-Interpolations">
        <Name_array id="mixamorig_RightForeArm-Interpolations-array" count="31">
 LINEAR LINEAR LINEAR LINEAR LINEAR LINEAR LINEAR LINEAR LINEAR LINEAR LINEAR
LINEAR LINEAR LINEAR LINEAR LINEAR LINEAR LINEAR LINEAR LINEAR LINEAR LINEAR LINEAR
LINEAR LINEAR LINEAR LINEAR LINEAR LINEAR LINEAR LINEAR</Name_array>
        <technique_common>
          <accessor source="#mixamorig_RightForeArm-Interpolations-array" count="31">
            <param type="name"/>
          </accessor>
        </technique_common>
      </source>
      <sampler id="mixamorig_RightForeArm-Matrix-animation-transform">
        <input semantic="INPUT" source="#mixamorig_RightForeArm-Matrix-animation-input"/>
        <input semantic="OUTPUT" source="#mixamorig_RightForeArm-Matrix-animation-output-transform"/>
        <input semantic="INTERPOLATION" source="#mixamorig_RightForeArm-Interpolations"/>
      </sampler>
      <channel source="#mixamorig_RightForeArm-Matrix-animation-transform" target="mixamorig_RightForeArm/matrix"/>
    </animation>
    <animation id="mixamorig_LeftUpLeg-anim" name="mixamorig_LeftUpLeg">
      <source id="mixamorig_LeftUpLeg-Matrix-animation-input">
        <float_array id="mixamorig_LeftUpLeg-Matrix-animation-input-array" count="31">

0.000000 0.033333 0.066667 0.100000 0.133333 0.166667 0.200000 0.233333 0.266667 0.300000 0.333333 0.366667 0.400000 0.433333 0.466667 0.500000
0.533333 0.566667 0.600000 0.633333 0.666667 0.700000 0.733333 0.766667 0.800000 0.833333 0.866667 0.900000 0.933333 0.966667 1.000000</float_array>
        <technique_common>
          <accessor source="#mixamorig_LeftUpLeg-Matrix-animation-input-array" count="31">
            <param name="TIME" type="float"/>
          </accessor>
        </technique_common>
      </source>
      <source id="mixamorig_LeftUpLeg-Matrix-animation-output-transform">
        <float_array id="mixamorig_LeftUpLeg-Matrix-animation-output-transform-array" count="496">

-0.982985 0.093468 0.158127 10.928400 -0.011161 -0.889658 0.456491 -5.879300 0.183346 0.446959 0.875564 0.408700 0.000000 0.000000 0.000000 1.000000
-0.984524 0.077710 0.157080 10.928400 0.010242 -0.869268 0.494235 -5.879300 0.174952 0.488195 0.855019 0.408700 0.000000 0.000000 0.000000 1.000000
-0.987342 0.060717 0.146526 10.928400 0.019191 -0.871306 0.490364 -5.879300 0.157443 0.486969 0.859112 0.408700 0.000000 0.000000 0.000000 1.000000
-0.990436 0.074085 0.116392 10.928400 -0.000133 -0.844116 0.536160 -5.879300 0.137970 0.531017 0.836053 0.408700 0.000000 0.000000 0.000000 1.000000
-0.993257 0.088637 0.074723 10.928400 -0.025740 -0.797067 0.603342 -5.879300 0.113038 0.597351 0.793974 0.408700 0.000000 0.000000 0.000000 1.000000
-0.994142 0.096400 0.048876 10.928400 -0.038826 -0.740545 0.670885 -5.879300 0.100869 0.665057 0.739949 0.408700 0.000000 0.000000 0.000000 1.000000
-0.992490 0.102801 0.066305 10.928400 -0.030442 -0.732529 0.680055 -5.879300 0.118481 0.672929 0.730157 0.408700 0.000000 0.000000 0.000000 1.000000
-0.992858 0.083522 0.085194 10.928400 -0.009576 -0.767562 0.640904 -5.879300 0.118921 0.635510 0.762879 0.408700 0.000000 0.000000 0.000000 1.000000
-0.994806 0.053449 0.086624 10.928400 0.009463 -0.798789 0.601537 -5.879300 0.101346 0.599233 0.794134 0.408700 0.000000 0.000000 0.000000 1.000000
-0.995062 0.044548 0.088701 10.928400 0.017781 -0.799172 0.600839 -5.879300 0.097654 0.599449 0.794433 0.408700 0.000000 0.000000 0.000000 1.000000
-0.994404 0.051510 0.092231 10.928400 0.017393 -0.781325 0.623882 -5.879300 0.104198 0.621995 0.776057 0.408700 0.000000 0.000000 0.000000 1.000000
-0.994262 0.048737 0.095221 10.928400 0.018172 -0.800283 0.599347 -5.879300 0.105415 0.597639 0.794805 0.408700 0.000000 0.000000 0.000000 1.000000
-0.994459 0.036975 0.098412 10.928400 0.023142 -0.836151 0.548010 -5.879300 0.102550 0.547251 0.830662 0.408700 0.000000 0.000000 0.000000 1.000000
-0.995095 0.019459 0.096989 10.928400 0.028628 -0.881856 0.470649 -5.879300 0.094689 0.471117 0.876974 0.408700 0.000000 0.000000 0.000000 1.000000
-0.994650 0.004976 0.103178 10.928400 0.034023 -0.927325 0.372706 -5.879300 0.097534 0.374223 0.922195 0.408700 0.000000 0.000000 0.000000 1.000000
-0.994033 -0.010743 0.108549 10.928400 0.039611 -0.962759 0.267445 -5.879300 0.101633 0.270149 0.957440 0.408700 0.000000 0.000000 0.000000 1.000000
-0.993257 -0.026737 0.112808 10.928400 0.044624 -0.986244 0.159156 -5.879300 0.107001 0.163117 0.980787 0.408700 0.000000 0.000000 0.000000 1.000000
-0.992346 -0.041931 0.116151 10.928400 0.048297 -0.997450 0.052551 -5.879300 0.113652 0.057759 0.991840 0.408700 0.000000 0.000000 0.000000 1.000000
-0.990451 -0.046172 0.129902 10.928400 0.042432 -0.998605 -0.031409 -5.879300 0.131171 -0.025597 0.991029 0.408700 0.000000 0.000000 0.000000 1.000000
-0.986013 -0.051042 0.158661 10.928400 0.033047 -0.992924 -0.114059 -5.879300 0.163360 -0.107220 0.980723 0.408700 0.000000 0.000000 0.000000 1.000000
-0.982096 -0.048518 0.182025 10.928400 0.016752 -0.984929 -0.172146 -5.879300 0.187634 -0.166015 0.968108 0.408700 0.000000 0.000000 0.000000 1.000000
-0.978692 -0.041257 0.201147 10.928400 -0.010128 -0.968714 -0.247973 -5.879300 0.205085 -0.244727 0.947655 0.408700 0.000000 0.000000 0.000000 1.000000
-0.974430 -0.035845 0.221815 10.928400 -0.038924 -0.945338 -0.323761 -5.879300 0.221296 -0.324116 0.919770 0.408700 0.000000 0.000000 0.000000 1.000000
-0.968614 -0.029556 0.246808 10.928400 -0.069316 -0.921402 -0.382378 -5.879300 0.238711 -0.387484 0.890434 0.408700 0.000000 0.000000 0.000000 1.000000
-0.958648 0.000473 0.284594 10.928400 -0.108396 -0.925230 -0.363592 -5.879300 0.263143 -0.379406 0.887021 0.408700 0.000000 0.000000 0.000000 1.000000
-0.950530 0.054402 0.305831 10.928400 -0.137530 -0.956494 -0.257302 -5.879300 0.278528 -0.286634 0.916659 0.408700 0.000000 0.000000 0.000000 1.000000
-0.956641 0.095761 0.275078 10.928400 -0.131366 -0.984753 -0.114036 -5.879300 0.259964 -0.145227 0.954635 0.408700 0.000000 0.000000 0.000000 1.000000
-0.969868 0.107916 0.218426 10.928400 -0.102455 -0.994078 0.036211 -5.879300 0.221041 0.012741 0.975181 0.408700 0.000000 0.000000 0.000000 1.000000
-0.976967 0.108598 0.183690 10.928400 -0.075475 -0.981028 0.178568 -5.879300 0.199597 0.160591 0.966629 0.408700 0.000000 0.000000 0.000000 1.000000
-0.978312 0.108433 0.176488 10.928400 -0.051353 -0.952402 0.300488 -5.879300 0.200670 0.284908 0.937315 0.408700 0.000000 0.000000 0.000000 1.000000
-0.979613 0.102838 0.172578 10.928400 -0.026742 -0.918151 0.395326 -5.879300 0.199107 0.382652 0.902183 0.408700 0.000000 0.000000 0.000000 1.000000</float_array>
        <technique_common>
          <accessor source="#mixamorig_LeftUpLeg-Matrix-animation-output-transform-array" count="31" stride="16">
            <param type="float4x4"/>
          </accessor>
        </technique_common>
      </source>
      <source id="mixamorig_LeftUpLeg-Interpolations">
        <Name_array id="mixamorig_LeftUpLeg-Interpolations-array" count="31">
 LINEAR LINEAR LINEAR LINEAR LINEAR LINEAR LINEAR LINEAR LINEAR LINEAR LINEAR
LINEAR LINEAR LINEAR LINEAR LINEAR LINEAR LINEAR LINEAR LINEAR LINEAR LINEAR LINEAR
LINEAR LINEAR LINEAR LINEAR LINEAR LINEAR LINEAR LINEAR</Name_array>
        <technique_common>
          <accessor source="#mixamorig_LeftUpLeg-Interpolations-array" count="31">
            <param type="name"/>
          </accessor>
        </technique_common>
      </source>
      <sampler id="mixamorig_LeftUpLeg-Matrix-animation-transform">
        <input semantic="INPUT" source="#mixamorig_LeftUpLeg-Matrix-animation-input"/>
        <input semantic="OUTPUT" source="#mixamorig_LeftUpLeg-Matrix-animation-output-transform"/>
        <input semantic="INTERPOLATION" source="#mixamorig_LeftUpLeg-Interpolations"/>
      </sampler>
      <channel source="#mixamorig_LeftUpLeg-Matrix-animation-transform" target="mixamorig_LeftUpLeg/matrix"/>
    </animation>
    <animation id="mixamorig_LeftLeg-anim" name="mixamorig_LeftLeg">
      <source id="mixamorig_LeftLeg-Matrix-animation-input">
        <float_array id="mixamorig_LeftLeg-Matrix-animation-input-array" count="31">

0.000000 0.033333 0.066667 0.100000 0.133333 0.166667 0.200000 0.233333 0.266667 0.300000 0.333333 0.366667 0.400000 0.433333 0.466667 0.500000
0.533333 0.566667 0.600000 0.633333 0.666667 0.700000 0.733333 0.766667 0.800000 0.833333 0.866667 0.900000 0.933333 0.966667 1.000000</float_array>
        <technique_common>
          <accessor source="#mixamorig_LeftLeg-Matrix-animation-input-array" count="31">
            <param name="TIME" type="float"/>
          </accessor>
        </technique_common>
      </source>
      <source id="mixamorig_LeftLeg-Matrix-animation-output-transform">
        <float_array id="mixamorig_LeftLeg-Matrix-animation-output-transform-array" count="496">

0.994816 0.029324 0.097375 0.000000 -0.099661 0.471624 0.876150 42.821301 -0.020232 -0.881312 0.472101 0.000000 0.000000 0.000000 0.000000 1.000000
0.996419 0.063110 0.056276 0.000000 -0.084079 0.668800 0.738673 42.821301 0.008980 -0.740759 0.671711 0.000000 0.000000 0.000000 0.000000 1.000000
0.996763 0.080290 -0.004237 0.000000 -0.068839 0.879454 0.470979 42.821301 0.041541 -0.469163 0.882134 0.000000 0.000000 0.000000 0.000000 1.000000
0.996640 0.064273 -0.050771 0.000000 -0.047719 0.959436 0.277858 42.821301 0.066570 -0.274502 0.959280 0.000000 0.000000 0.000000 0.000000 1.000000
0.997468 0.006980 -0.070774 0.000000 0.006260 0.982691 0.185147 42.821301 0.070841 -0.185121 0.980159 0.000000 0.000000 0.000000 0.000000 1.000000
0.997520 -0.026044 -0.065380 0.000000 0.038967 0.978000 0.204935 42.821301 0.058605 -0.206974 0.976590 0.000000 0.000000 0.000000 0.000000 1.000000
0.999164 -0.013039 -0.038735 0.000000 0.021160 0.975870 0.217326 42.821301 0.034966 -0.217964 0.975330 0.000000 0.000000 0.000000 0.000000 1.000000
0.999768 0.000113 0.021541 -0.000000 -0.004961 0.974310 0.225155 42.821301 -0.020962 -0.225210 0.974085 0.000000 0.000000 0.000000 0.000000 1.000000
0.997930 0.001402 0.064294 -0.000000 -0.017239 0.969006 0.246434 42.821301 -0.061956 -0.247032 0.967025 0.000000 0.000000 0.000000 0.000000 1.000000
0.997299 0.018239 0.071147 -0.000000 -0.043184 0.929164 0.367136 42.821301 -0.059411 -0.369217 0.927442 0.000000 0.000000 0.000000 0.000000 1.000000
0.995677 0.043854 0.081876 -0.000000 -0.082939 0.816597 0.571218 42.821301 -0.041809 -0.575540 0.816705 0.000000 0.000000 0.000000 0.000000 1.000000
0.993959 0.056012 0.094381 -0.000000 -0.104322 0.749279 0.653987 42.821301 -0.034087 -0.659882 0.750596 -0.000000 0.000000 0.000000 0.000000 1.000000
0.993172 0.052150 0.104357 -0.000000 -0.109489 0.725480 0.679478 42.821301 -0.040274 -0.686264 0.726236 0.000000 0.000000 0.000000 0.000000 1.000000
0.993552 0.037215 0.107092 0.000000 -0.098872 0.746654 0.657823 42.821301 -0.055480 -0.664170 0.745520 -0.000000 0.000000 0.000000 0.000000 1.000000
0.993538 0.009705 0.113082 0.000000 -0.075279 0.801994 0.592569 42.821301 -0.084940 -0.597253 0.797543 0.000000 0.000000 0.000000 0.000000 1.000000
0.991837 -0.018301 0.126194 0.000000 -0.049948 0.854805 0.516539 42.821301 -0.117325 -0.518626 0.846913 0.000000 0.000000 0.000000 0.000000 1.000000
0.988735 -0.043175 0.143312 0.000000 -0.023844 0.899828 0.435592 42.821301 -0.147763 -0.434102 0.888663 0.000000 0.000000 0.000000 0.000000 1.000000
0.985189 -0.063077 0.159450 -0.000000 0.002130 0.934313 0.356448 42.821301 -0.171460 -0.350829 0.920609 0.000000 0.000000 0.000000 0.000000 1.000000
0.988194 -0.073837 0.134244 0.000000 0.030679 0.953826 0.298790 42.821301 -0.150108 -0.291144 0.944829 -0.000000 0.000000 0.000000 0.000000 1.000000
0.992984 -0.067828 0.096857 0.000000 0.042882 0.969923 0.239605 42.821301 -0.110195 -0.233771 0.966027 0.000000 0.000000 0.000000 0.000000 1.000000
0.997233 -0.060028 0.043856 -0.000000 0.048506 0.972437 0.228064 42.821301 -0.056338 -0.225305 0.972658 -0.000000 0.000000 0.000000 0.000000 1.000000
0.996391 -0.080146 0.027942 0.000000 0.073342 0.978685 0.191826 42.821301 -0.042721 -0.189084 0.981031 0.000000 0.000000 0.000000 0.000000 1.000000
0.994131 -0.105934 0.021932 0.000000 0.101402 0.983122 0.152279 42.821301 -0.037693 -0.149161 0.988094 0.000000 0.000000 0.000000 0.000000 1.000000
0.991087 -0.129532 0.031103 0.000000 0.123821 0.981863 0.143575 42.821301 -0.049137 -0.138444 0.989151 0.000000 0.000000 0.000000 0.000000 1.000000
0.982723 -0.152312 0.105151 0.000000 0.114775 0.947209 0.299370 42.821301 -0.145198 -0.282129 0.948325 0.000000 0.000000 0.000000 0.000000 1.000000
0.975077 -0.145206 0.167748 0.000000 0.031341 0.838647 0.543773 42.821301 -0.219641 -0.524963 0.822297 -0.000000 0.000000 0.000000 0.000000 1.000000
0.974766 -0.144641 0.170030 0.000000 -0.042392 0.627883 0.777153 42.821301 -0.219167 -0.764750 0.605907 0.000000 0.000000 0.000000 0.000000 1.000000
0.987427 -0.119164 0.103869 -0.000000 -0.046692 0.407897 0.911833 42.821301 -0.151025 -0.905218 0.397204 0.000000 0.000000 0.000000 0.000000 1.000000
0.994397 -0.079190 0.070021 -0.000000 -0.045887 0.273355 0.960818 42.821301 -0.095228 -0.958648 0.268190 0.000000 0.000000 0.000000 0.000000 1.000000
0.994944 -0.041878 0.091285 0.000000 -0.077986 0.250578 0.964950 42.821301 -0.063285 -0.967190 0.246045 -0.000000 0.000000 0.000000 0.000000 1.000000
0.993825 -0.005746 0.110809 -0.000000 -0.103089 0.321556 0.941262 42.821301 -0.041040 -0.946873 0.318978 0.000000 0.000000 0.000000 0.000000 1.000000</float_array>
        <technique_common>
          <accessor source="#mixamorig_LeftLeg-Matrix-animation-output-transform-array" count="31" stride="16">
            <param type="float4x4"/>
          </accessor>
        </technique_common>
      </source>
      <source id="mixamorig_LeftLeg-Interpolations">
        <Name_array id="mixamorig_LeftLeg-Interpolations-array" count="31">
 LINEAR LINEAR LINEAR LINEAR LINEAR LINEAR LINEAR LINEAR LINEAR LINEAR LINEAR
LINEAR LINEAR LINEAR LINEAR LINEAR LINEAR LINEAR LINEAR LINEAR LINEAR LINEAR LINEAR
LINEAR LINEAR LINEAR LINEAR LINEAR LINEAR LINEAR LINEAR</Name_array>
        <technique_common>
          <accessor source="#mixamorig_LeftLeg-Interpolations-array" count="31">
            <param type="name"/>
          </accessor>
        </technique_common>
      </source>
      <sampler id="mixamorig_LeftLeg-Matrix-animation-transform">
        <input semantic="INPUT" source="#mixamorig_LeftLeg-Matrix-animation-input"/>
        <input semantic="OUTPUT" source="#mixamorig_LeftLeg-Matrix-animation-output-transform"/>
        <input semantic="INTERPOLATION" source="#mixamorig_LeftLeg-Interpolations"/>
      </sampler>
      <channel source="#mixamorig_LeftLeg-Matrix-animation-transform" target="mixamorig_LeftLeg/matrix"/>
    </animation>
    <animation id="mixamorig_LeftFoot-anim" name="mixamorig_LeftFoot">
      <source id="mixamorig_LeftFoot-Matrix-animation-input">
        <float_array id="mixamorig_LeftFoot-Matrix-animation-input-array" count="31">

0.000000 0.033333 0.066667 0.100000 0.133333 0.166667 0.200000 0.233333 0.266667 0.300000 0.333333 0.366667 0.400000 0.433333 0.466667 0.500000
0.533333 0.566667 0.600000 0.633333 0.666667 0.700000 0.733333 0.766667 0.800000 0.833333 0.866667 0.900000 0.933333 0.966667 1.000000</float_array>
        <technique_common>
          <accessor source="#mixamorig_LeftFoot-Matrix-animation-input-array" count="31">
            <param name="TIME" type="float"/>
          </accessor>
        </technique_common>
      </source>
      <source id="mixamorig_LeftFoot-Matrix-animation-output-transform">
        <float_array id="mixamorig_LeftFoot-Matrix-animation-output-transform-array" count="496">

0.988175 -0.150742 -0.028066 -0.000000 0.053018 0.507662 -0.859923 37.973900 0.143874 0.848267 0.509651 -0.000000 0.000000 0.000000 0.000000 1.000000
0.989577 -0.134438 -0.051618 0.000000 0.025508 0.516408 -0.855963 37.973900 0.141729 0.845724 0.514454 0.000000 0.000000 0.000000 0.000000 1.000000
0.990197 -0.123364 -0.065505 0.000000 0.016435 0.568622 -0.822435 37.973900 0.138707 0.813296 0.565075 0.000000 0.000000 0.000000 0.000000 1.000000
0.990526 -0.105935 -0.087389 0.000000 -0.009764 0.580414 -0.814263 37.973900 0.136980 0.807401 0.573881 0.000000 0.000000 0.000000 0.000000 1.000000
0.990068 -0.098646 -0.100176 0.000000 -0.034107 0.522717 -0.851823 37.973900 0.136393 0.846779 0.514161 0.000000 0.000000 0.000000 0.000000 1.000000
0.989256 -0.117467 -0.087032 0.000000 -0.031760 0.408417 -0.912243 37.973900 0.142704 0.905206 0.400298 0.000000 0.000000 0.000000 0.000000 1.000000
0.989890 -0.115210 -0.082732 0.000000 -0.025451 0.429543 -0.902688 37.973900 0.139536 0.895667 0.422268 -0.000000 0.000000 0.000000 0.000000 1.000000
0.989951 -0.129711 -0.056325 0.000000 0.028921 0.575590 -0.817227 37.973900 0.138423 0.807385 0.573557 0.000000 0.000000 0.000000 0.000000 1.000000
0.984929 -0.172791 -0.007645 0.000000 0.118418 0.705896 -0.698346 37.973900 0.126065 0.686916 0.715719 0.000000 0.000000 0.000000 0.000000 1.000000
0.981636 -0.190647 0.006666 0.000000 0.149895 0.749251 -0.645100 37.973900 0.117992 0.634252 0.764069 0.000000 0.000000 0.000000 0.000000 1.000000
0.977112 -0.209264 0.038207 0.000000 0.160331 0.606442 -0.778795 37.973900 0.139804 0.767096 0.626114 0.000000 0.000000 0.000000 0.000000 1.000000
0.974354 -0.216646 0.060812 0.000000 0.164125 0.499351 -0.850712 37.973900 0.153937 0.838876 0.522102 0.000000 0.000000 0.000000 0.000000 1.000000
0.973616 -0.216502 0.072107 0.000000 0.159745 0.420998 -0.892884 37.973900 0.162954 0.880845 0.444475 0.000000 0.000000 0.000000 0.000000 1.000000
0.975090 -0.210591 0.069652 0.000000 0.146358 0.374899 -0.915440 37.973900 0.166671 0.902830 0.396382 0.000000 0.000000 0.000000 0.000000 1.000000
0.977756 -0.202346 0.055227 0.000000 0.126554 0.359152 -0.924659 37.973900 0.167267 0.911079 0.376771 0.000000 0.000000 0.000000 0.000000 1.000000
0.980047 -0.195046 0.038276 0.000000 0.105628 0.347942 -0.931547 37.973900 0.168377 0.917003 0.361602 -0.000000 0.000000 0.000000 0.000000 1.000000
0.982409 -0.185447 0.021974 0.000000 0.084714 0.337695 -0.937436 37.973900 0.166424 0.922806 0.347465 -0.000000 0.000000 0.000000 0.000000 1.000000
0.985326 -0.170434 0.009193 -0.000000 0.064959 0.324647 -0.943602 37.973900 0.157837 0.930353 0.330954 0.000000 0.000000 0.000000 0.000000 1.000000
0.993413 -0.112849 0.019898 0.000000 0.052743 0.296136 -0.953688 37.973900 0.101730 0.948456 0.300138 0.000000 0.000000 0.000000 0.000000 1.000000
0.998611 -0.023602 0.047098 0.000000 0.051735 0.270657 -0.961285 37.973900 0.009941 0.962386 0.271503 0.000000 0.000000 0.000000 0.000000 1.000000
0.994372 0.074842 0.074984 0.000000 0.056354 0.225679 -0.972570 37.973900 -0.089711 0.971323 0.220192 0.000000 0.000000 0.000000 0.000000 1.000000
0.990504 0.119540 0.067917 -0.000000 0.039258 0.227516 -0.972983 37.973900 -0.131762 0.966409 0.220663 -0.000000 0.000000 0.000000 0.000000 1.000000
0.986657 0.152767 0.056301 -0.000000 0.018422 0.238831 -0.970886 37.973900 -0.161766 0.958969 0.232830 -0.000000 0.000000 0.000000 0.000000 1.000000
0.985401 0.163542 0.047319 -0.000000 0.002790 0.262389 -0.964958 37.973900 -0.170227 0.951003 0.258102 0.000000 0.000000 0.000000 0.000000 1.000000
0.997612 0.057220 0.038675 0.000000 0.016490 0.346452 -0.937923 37.973900 -0.067067 0.936321 0.344681 0.000000 0.000000 0.000000 0.000000 1.000000
0.997644 -0.049395 0.047612 0.000000 0.067252 0.566878 -0.821052 37.973900 0.013566 0.822319 0.568864 0.000000 0.000000 0.000000 0.000000 1.000000
0.995521 -0.081464 -0.047974 0.000000 0.022978 0.700721 -0.713065 37.973900 0.091706 0.708769 0.699455 0.000000 0.000000 0.000000 0.000000 1.000000
0.991442 -0.095263 -0.089262 0.000000 0.001839 0.693871 -0.720097 37.973900 0.130536 0.713770 0.688108 0.000000 0.000000 0.000000 0.000000 1.000000
0.990602 -0.121675 -0.062480 0.000000 0.024953 0.609891 -0.792092 37.973900 0.134484 0.783089 0.607195 -0.000000 0.000000 0.000000 0.000000 1.000000
0.989855 -0.133351 -0.049029 0.000000 0.035497 0.566253 -0.823467 37.973900 0.137573 0.813373 0.565242 0.000000 0.000000 0.000000 0.000000 1.000000
0.988748 -0.145762 -0.033631 0.000000 0.049783 0.532629 -0.844884 37.973900 0.141064 0.833703 0.533892 0.000000 0.000000 0.000000 0.000000 1.000000</float_array>
        <technique_common>
          <accessor source="#mixamorig_LeftFoot-Matrix-animation-output-transform-array" count="31" stride="16">
            <param type="float4x4"/>
          </accessor>
        </technique_common>
      </source>
      <source id="mixamorig_LeftFoot-Interpolations">
        <Name_array id="mixamorig_LeftFoot-Interpolations-array" count="31">
 LINEAR LINEAR LINEAR LINEAR LINEAR LINEAR LINEAR LINEAR LINEAR LINEAR LINEAR
LINEAR LINEAR LINEAR LINEAR LINEAR LINEAR LINEAR LINEAR LINEAR LINEAR LINEAR LINEAR
LINEAR LINEAR LINEAR LINEAR LINEAR LINEAR LINEAR LINEAR</Name_array>
        <technique_common>
          <accessor source="#mixamorig_LeftFoot-Interpolations-array" count="31">
            <param type="name"/>
          </accessor>
        </technique_common>
      </source>
      <sampler id="mixamorig_LeftFoot-Matrix-animation-transform">
        <input semantic="INPUT" source="#mixamorig_LeftFoot-Matrix-animation-input"/>
        <input semantic="OUTPUT" source="#mixamorig_LeftFoot-Matrix-animation-output-transform"/>
        <input semantic="INTERPOLATION" source="#mixamorig_LeftFoot-Interpolations"/>
      </sampler>
      <channel source="#mixamorig_LeftFoot-Matrix-animation-transform" target="mixamorig_LeftFoot/matrix"/>
    </animation>
    <animation id="mixamorig_LeftToeBase-anim" name="mixamorig_LeftToeBase">
      <source id="mixamorig_LeftToeBase-Matrix-animation-input">
        <float_array id="mixamorig_LeftToeBase-Matrix-animation-input-array" count="31">

0.000000 0.033333 0.066667 0.100000 0.133333 0.166667 0.200000 0.233333 0.266667 0.300000 0.333333 0.366667 0.400000 0.433333 0.466667 0.500000
0.533333 0.566667 0.600000 0.633333 0.666667 0.700000 0.733333 0.766667 0.800000 0.833333 0.866667 0.900000 0.933333 0.966667 1.000000</float_array>
        <technique_common>
          <accessor source="#mixamorig_LeftToeBase-Matrix-animation-input-array" count="31">
            <param name="TIME" type="float"/>
          </accessor>
        </technique_common>
      </source>
      <source id="mixamorig_LeftToeBase-Matrix-animation-output-transform">
        <float_array id="mixamorig_LeftToeBase-Matrix-animation-output-transform-array" count="496">

0.999953 0.006771 0.006877 -0.000000 0.000106 0.704834 -0.709373 18.228800 -0.009650 0.709340 0.704800 0.000000 0.000000 0.000000 0.000000 1.000000
0.999895 0.009690 0.010757 0.000000 0.000349 0.726630 -0.687029 18.228800 -0.014474 0.686961 0.726550 0.000000 0.000000 0.000000 0.000000 1.000000
0.999852 0.011279 0.012979 -0.000000 0.000419 0.738582 -0.674164 18.228800 -0.017190 0.674070 0.738468 -0.000000 0.000000 0.000000 0.000000 1.000000
0.999874 0.010527 0.011917 0.000000 0.000392 0.732919 -0.680316 18.228800 -0.015896 0.680235 0.732822 0.000000 0.000000 0.000000 0.000000 1.000000
0.999939 0.007625 0.007986 0.000000 0.000192 0.711190 -0.703000 18.228800 -0.011040 0.702959 0.711145 0.000000 0.000000 0.000000 0.000000 1.000000
0.999951 0.006946 0.007102 0.000000 0.000124 0.706134 -0.708079 18.228800 -0.009933 0.708045 0.706098 0.000000 0.000000 0.000000 0.000000 1.000000
0.999952 0.006833 0.006957 0.000000 0.000113 0.705299 -0.708910 18.228800 -0.009751 0.708877 0.705265 -0.000000 0.000000 0.000000 0.000000 1.000000
0.999981 0.004601 0.004148 0.000000 -0.000161 0.688762 -0.724987 18.228800 -0.006193 0.724973 0.688750 0.000000 0.000000 0.000000 0.000000 1.000000
0.999993 0.002991 0.002204 0.000000 -0.000403 0.676908 -0.736067 18.228800 -0.003693 0.736061 0.676905 0.000000 0.000000 0.000000 0.000000 1.000000
0.999969 0.005656 0.005460 -0.000000 -0.000022 0.696569 -0.717490 18.228800 -0.007862 0.717467 0.696548 0.000000 0.000000 0.000000 0.000000 1.000000
0.999923 0.008436 0.009059 -0.000000 0.000262 0.717243 -0.696823 18.228800 -0.012376 0.696772 0.717186 0.000000 0.000000 0.000000 0.000000 1.000000
0.999920 0.008610 0.009291 -0.000000 0.000275 0.718537 -0.695488 18.228800 -0.012664 0.695435 0.718477 0.000000 0.000000 0.000000 0.000000 1.000000
0.999930 0.008117 0.008634 0.000000 0.000235 0.714855 -0.699272 18.228800 -0.011848 0.699225 0.714803 0.000000 0.000000 0.000000 0.000000 1.000000
0.999931 0.008071 0.008574 0.000000 0.000231 0.714515 -0.699621 18.228800 -0.011772 0.699574 0.714463 -0.000000 0.000000 0.000000 0.000000 1.000000
0.999925 0.008351 0.008942 0.000000 0.000252 0.716594 -0.697490 18.228800 -0.012233 0.697440 0.716539 0.000000 0.000000 0.000000 0.000000 1.000000
0.999918 0.008676 0.009375 0.000000 0.000277 0.719020 -0.694990 18.228800 -0.012771 0.694936 0.718958 0.000000 0.000000 0.000000 0.000000 1.000000
0.999911 0.009013 0.009829 0.000000 0.000303 0.721538 -0.692375 18.228800 -0.013332 0.692316 0.721471 0.000000 0.000000 0.000000 0.000000 1.000000
0.999904 0.009326 0.010259 0.000000 0.000326 0.723902 -0.689903 18.228800 -0.013861 0.689840 0.723829 -0.000000 0.000000 0.000000 0.000000 1.000000
0.999899 0.009553 0.010568 0.000000 0.000341 0.725600 -0.688117 18.228800 -0.014242 0.688050 0.725523 -0.000000 0.000000 0.000000 0.000000 1.000000
0.999903 0.009350 0.010291 0.000000 0.000328 0.724077 -0.689720 18.228800 -0.013900 0.689656 0.724003 -0.000000 0.000000 0.000000 0.000000 1.000000
0.999922 0.008507 0.009154 -0.000000 0.000268 0.717774 -0.696276 18.228800 -0.012494 0.696224 0.717716 -0.000000 0.000000 0.000000 0.000000 1.000000
0.999968 0.005685 0.005670 0.000000 0.000098 0.697543 -0.716542 18.228800 -0.008029 0.716520 0.697520 0.000000 0.000000 0.000000 0.000000 1.000000
0.999996 0.002138 0.001699 -0.000000 -0.000182 0.672700 -0.739915 18.228800 -0.002725 0.739912 0.672698 0.000000 0.000000 0.000000 0.000000 1.000000
0.999975 -0.004159 -0.005727 0.000000 -0.001873 0.624830 -0.780758 18.228800 0.006826 0.780750 0.624807 0.000000 0.000000 0.000000 0.000000 1.000000
0.999189 -0.029790 -0.027109 0.000000 -0.011071 0.443992 -0.895963 18.228800 0.038727 0.895536 0.443302 0.000000 0.000000 0.000000 0.000000 1.000000
0.993908 -0.081531 -0.074158 0.000000 -0.061222 0.151071 -0.986625 18.228800 0.091644 0.985155 0.145159 0.000000 0.000000 0.000000 0.000000 1.000000
0.999707 -0.011116 -0.021500 0.000000 -0.011129 0.577702 -0.816172 18.228800 0.021493 0.816172 0.577410 -0.000000 0.000000 0.000000 0.000000 1.000000
0.999975 0.005120 0.004790 0.000000 -0.000091 0.692602 -0.721320 18.228800 -0.007011 0.721302 0.692585 0.000000 0.000000 0.000000 0.000000 1.000000
0.999985 0.004095 0.003530 0.000000 -0.000233 0.685029 -0.728516 18.228800 -0.005401 0.728505 0.685019 0.000000 0.000000 0.000000 0.000000 1.000000
0.999977 0.004941 0.004569 0.000000 -0.000115 0.691279 -0.722588 18.228800 -0.006729 0.722571 0.691264 0.000000 0.000000 0.000000 0.000000 1.000000
0.999969 0.005668 0.005475 0.000000 -0.000021 0.696655 -0.717407 18.228800 -0.007880 0.717384 0.696633 -0.000000 0.000000 0.000000 0.000000 1.000000</float_array>
        <technique_common>
          <accessor source="#mixamorig_LeftToeBase-Matrix-animation-output-transform-array" count="31" stride="16">
            <param type="float4x4"/>
          </accessor>
        </technique_common>
      </source>
      <source id="mixamorig_LeftToeBase-Interpolations">
        <Name_array id="mixamorig_LeftToeBase-Interpolations-array" count="31">
 LINEAR LINEAR LINEAR LINEAR LINEAR LINEAR LINEAR LINEAR LINEAR LINEAR LINEAR
LINEAR LINEAR LINEAR LINEAR LINEAR LINEAR LINEAR LINEAR LINEAR LINEAR LINEAR LINEAR
LINEAR LINEAR LINEAR LINEAR LINEAR LINEAR LINEAR LINEAR</Name_array>
        <technique_common>
          <accessor source="#mixamorig_LeftToeBase-Interpolations-array" count="31">
            <param type="name"/>
          </accessor>
        </technique_common>
      </source>
      <sampler id="mixamorig_LeftToeBase-Matrix-animation-transform">
        <input semantic="INPUT" source="#mixamorig_LeftToeBase-Matrix-animation-input"/>
        <input semantic="OUTPUT" source="#mixamorig_LeftToeBase-Matrix-animation-output-transform"/>
        <input semantic="INTERPOLATION" source="#mixamorig_LeftToeBase-Interpolations"/>
      </sampler>
      <channel source="#mixamorig_LeftToeBase-Matrix-animation-transform" target="mixamorig_LeftToeBase/matrix"/>
    </animation>
    <animation id="mixamorig_RightUpLeg-anim" name="mixamorig_RightUpLeg">
      <source id="mixamorig_RightUpLeg-Matrix-animation-input">
        <float_array id="mixamorig_RightUpLeg-Matrix-animation-input-array" count="31">

0.000000 0.033333 0.066667 0.100000 0.133333 0.166667 0.200000 0.233333 0.266667 0.300000 0.333333 0.366667 0.400000 0.433333 0.466667 0.500000
0.533333 0.566667 0.600000 0.633333 0.666667 0.700000 0.733333 0.766667 0.800000 0.833333 0.866667 0.900000 0.933333 0.966667 1.000000</float_array>
        <technique_common>
          <accessor source="#mixamorig_RightUpLeg-Matrix-animation-input-array" count="31">
            <param name="TIME" type="float"/>
          </accessor>
        </technique_common>
      </source>
      <source id="mixamorig_RightUpLeg-Matrix-animation-output-transform">
        <float_array id="mixamorig_RightUpLeg-Matrix-animation-output-transform-array" count="496">

-0.992806 0.011671 -0.119167 -10.928400 -0.036350 -0.977646 0.207092 -5.879300 -0.114086 0.209934 0.971037 0.373200 0.000000 0.000000 0.000000 1.000000
-0.991216 0.019009 -0.130881 -10.928400 -0.033359 -0.993554 0.108337 -5.879300 -0.127978 0.111751 0.985461 0.373200 0.000000 0.000000 0.000000 1.000000
-0.987200 0.022934 -0.157828 -10.928400 -0.027050 -0.999346 0.023981 -5.879300 -0.157175 0.027943 0.987175 0.373200 0.000000 0.000000 0.000000 1.000000
-0.981614 0.030445 -0.188432 -10.928400 -0.026778 -0.999400 -0.021975 -5.879300 -0.188988 -0.016525 0.981840 0.373200 0.000000 0.000000 0.000000 1.000000
-0.977697 0.034740 -0.207129 -10.928400 -0.020270 -0.997229 -0.071578 -5.879300 -0.209042 -0.065783 0.975692 0.373200 0.000000 0.000000 0.000000 1.000000
-0.975886 0.029245 -0.216314 -10.928400 -0.001559 -0.991893 -0.127069 -5.879300 -0.218276 -0.123667 0.968020 0.373200 0.000000 0.000000 0.000000 1.000000
-0.974580 0.019450 -0.223194 -10.928400 0.023282 -0.982038 -0.187239 -5.879300 -0.222826 -0.187676 0.956622 0.373200 0.000000 0.000000 0.000000 1.000000
-0.971071 0.007680 -0.238669 -10.928400 0.058042 -0.961917 -0.267109 -5.879300 -0.231631 -0.273235 0.933643 0.373200 0.000000 0.000000 0.000000 1.000000
-0.964745 0.007236 -0.263088 -10.928400 0.089090 -0.931631 -0.352317 -5.879300 -0.247650 -0.363335 0.898141 0.373200 0.000000 0.000000 0.000000 1.000000
-0.961478 -0.012849 -0.274583 -10.928400 0.113078 -0.928962 -0.352482 -5.879300 -0.250548 -0.369953 0.894629 0.373200 0.000000 0.000000 0.000000 1.000000
-0.963732 -0.056185 -0.260890 -10.928400 0.125890 -0.957694 -0.258793 -5.879300 -0.235312 -0.282251 0.930034 0.373200 0.000000 0.000000 0.000000 1.000000
-0.968477 -0.098571 -0.228771 -10.928400 0.128193 -0.984653 -0.118431 -5.879300 -0.213586 -0.144025 0.966249 0.373200 0.000000 0.000000 0.000000 1.000000
-0.973977 -0.118384 -0.193270 -10.928400 0.115736 -0.992966 0.024976 -5.879300 -0.194867 0.001958 0.980828 0.373200 0.000000 0.000000 0.000000 1.000000
-0.976419 -0.127502 -0.174209 -10.928400 0.099126 -0.981655 0.162874 -5.879300 -0.191780 0.141765 0.971145 0.373200 0.000000 0.000000 0.000000 1.000000
-0.977337 -0.133405 -0.164365 -10.928400 0.083144 -0.955952 0.281502 -5.879300 -0.194679 0.261456 0.945379 0.373200 0.000000 0.000000 0.000000 1.000000
-0.977736 -0.139184 -0.157033 -10.928400 0.067071 -0.916392 0.394624 -5.879300 -0.198829 0.375306 0.905325 0.373200 0.000000 0.000000 0.000000 1.000000
-0.977981 -0.144947 -0.150143 -10.928400 0.051522 -0.864869 0.499346 -5.879300 -0.202233 0.480615 0.853294 0.373200 0.000000 0.000000 0.000000 1.000000
-0.978497 -0.149800 -0.141786 -10.928400 0.037086 -0.803986 0.593491 -5.879300 -0.202898 0.575471 0.792254 0.373200 0.000000 0.000000 0.000000 1.000000
-0.982277 -0.143740 -0.120293 -10.928400 0.030671 -0.756400 0.653389 -5.879300 -0.184908 0.638120 0.747403 0.373200 0.000000 0.000000 0.000000 1.000000
-0.987405 -0.132620 -0.086274 -10.928400 0.041120 -0.741681 0.669491 -5.879300 -0.152776 0.657512 0.737793 0.373200 0.000000 0.000000 0.000000 1.000000
-0.988367 -0.130387 -0.078299 -10.928400 0.049707 -0.763476 0.643920 -5.879300 -0.143738 0.632537 0.761076 0.373200 0.000000 0.000000 0.000000 1.000000
-0.989552 -0.119498 -0.080664 -10.928400 0.042127 -0.774721 0.630899 -5.879300 -0.137883 0.620909 0.771661 0.373200 0.000000 0.000000 0.000000 1.000000
-0.990661 -0.106849 -0.084703 -10.928400 0.031462 -0.783585 0.620487 -5.879300 -0.132670 0.612028 0.779629 0.373200 0.000000 0.000000 0.000000 1.000000
-0.991539 -0.094656 -0.088829 -10.928400 0.020282 -0.788872 0.614223 -5.879300 -0.128214 0.607224 0.784117 0.373200 0.000000 0.000000 0.000000 1.000000
-0.991798 -0.086081 -0.094480 -10.928400 0.007475 -0.777001 0.629455 -5.879300 -0.127595 0.623586 0.771272 0.373200 0.000000 0.000000 0.000000 1.000000
-0.991054 -0.082580 -0.104847 -10.928400 -0.001690 -0.777762 0.628557 -5.879300 -0.133452 0.623111 0.770665 0.373200 0.000000 0.000000 0.000000 1.000000
-0.989566 -0.077766 -0.121289 -10.928400 -0.011660 -0.795841 0.605393 -5.879300 -0.143606 0.600491 0.786631 0.373200 0.000000 0.000000 0.000000 1.000000
-0.989359 -0.066776 -0.129268 -10.928400 -0.018249 -0.824492 0.565580 -5.879300 -0.144348 0.561920 0.814500 0.373200 0.000000 0.000000 0.000000 1.000000
-0.990710 -0.048698 -0.126976 -10.928400 -0.022450 -0.862312 0.505880 -5.879300 -0.134128 0.504031 0.853207 0.373200 0.000000 0.000000 0.000000 1.000000
-0.992699 -0.024448 -0.118116 -10.928400 -0.028190 -0.905103 0.424257 -5.879300 -0.117280 0.424490 0.897805 0.373200 0.000000 0.000000 0.000000 1.000000
-0.993498 -0.002591 -0.113823 -10.928400 -0.034603 -0.945576 0.323557 -5.879300 -0.108466 0.325392 0.939338 0.373200 0.000000 0.000000 0.000000 1.000000</float_array>
        <technique_common>
          <accessor source="#mixamorig_RightUpLeg-Matrix-animation-output-transform-array" count="31" stride="16">
            <param type="float4x4"/>
          </accessor>
        </technique_common>
      </source>
      <source id="mixamorig_RightUpLeg-Interpolations">
        <Name_array id="mixamorig_RightUpLeg-Interpolations-array" count="31">
 LINEAR LINEAR LINEAR LINEAR LINEAR LINEAR LINEAR LINEAR LINEAR LINEAR LINEAR
LINEAR LINEAR LINEAR LINEAR LINEAR LINEAR LINEAR LINEAR LINEAR LINEAR LINEAR LINEAR
LINEAR LINEAR LINEAR LINEAR LINEAR LINEAR LINEAR LINEAR</Name_array>
        <technique_common>
          <accessor source="#mixamorig_RightUpLeg-Interpolations-array" count="31">
            <param type="name"/>
          </accessor>
        </technique_common>
      </source>
      <sampler id="mixamorig_RightUpLeg-Matrix-animation-transform">
        <input semantic="INPUT" source="#mixamorig_RightUpLeg-Matrix-animation-input"/>
        <input semantic="OUTPUT" source="#mixamorig_RightUpLeg-Matrix-animation-output-transform"/>
        <input semantic="INTERPOLATION" source="#mixamorig_RightUpLeg-Interpolations"/>
      </sampler>
      <channel source="#mixamorig_RightUpLeg-Matrix-animation-transform" target="mixamorig_RightUpLeg/matrix"/>
    </animation>
    <animation id="mixamorig_RightLeg-anim" name="mixamorig_RightLeg">
      <source id="mixamorig_RightLeg-Matrix-animation-input">
        <float_array id="mixamorig_RightLeg-Matrix-animation-input-array" count="31">

0.000000 0.033333 0.066667 0.100000 0.133333 0.166667 0.200000 0.233333 0.266667 0.300000 0.333333 0.366667 0.400000 0.433333 0.466667 0.500000
0.533333 0.566667 0.600000 0.633333 0.666667 0.700000 0.733333 0.766667 0.800000 0.833333 0.866667 0.900000 0.933333 0.966667 1.000000</float_array>
        <technique_common>
          <accessor source="#mixamorig_RightLeg-Matrix-animation-input-array" count="31">
            <param name="TIME" type="float"/>
          </accessor>
        </technique_common>
      </source>
      <source id="mixamorig_RightLeg-Matrix-animation-output-transform">
        <float_array id="mixamorig_RightLeg-Matrix-animation-output-transform-array" count="496">

0.998335 0.029792 -0.049385 0.000000 -0.008435 0.922472 0.385971 42.926701 0.057055 -0.384912 0.921188 -0.000000 0.000000 0.000000 0.000000 1.000000
0.996364 0.045722 -0.071890 0.000000 -0.022789 0.956080 0.292220 42.926701 0.082093 -0.289519 0.953645 0.000000 0.000000 0.000000 0.000000 1.000000
0.993036 0.044906 -0.108921 0.000000 -0.019567 0.974533 0.223387 42.926701 0.116179 -0.219700 0.968625 0.000000 0.000000 0.000000 0.000000 1.000000
0.994082 0.029504 -0.104549 -0.000000 -0.003035 0.969577 0.244767 42.926701 0.108590 -0.243002 0.963929 0.000000 0.000000 0.000000 0.000000 1.000000
0.998190 0.015741 -0.058044 0.000000 0.000764 0.961745 0.273945 42.926701 0.060136 -0.273493 0.959992 0.000000 0.000000 0.000000 0.000000 1.000000
0.999587 0.012945 -0.025642 0.000000 -0.004893 0.956387 0.292060 42.926701 0.028304 -0.291814 0.956056 0.000000 0.000000 0.000000 0.000000 1.000000
0.999695 0.023512 -0.007563 0.000000 -0.020286 0.956320 0.291617 42.926701 0.014089 -0.291375 0.956505 0.000000 0.000000 0.000000 0.000000 1.000000
0.998615 0.050866 -0.013441 0.000000 -0.044984 0.957987 0.283261 42.926701 0.027285 -0.282264 0.958949 -0.000000 0.000000 0.000000 0.000000 1.000000
0.995881 0.081948 -0.038792 0.000000 -0.070007 0.966907 0.245335 42.926701 0.057613 -0.241608 0.968662 0.000000 0.000000 0.000000 0.000000 1.000000
0.990358 0.101585 -0.094188 0.000000 -0.061848 0.932610 0.355546 42.926701 0.123959 -0.346292 0.929901 0.000000 0.000000 0.000000 0.000000 1.000000
0.984045 0.102002 -0.145774 0.000000 0.002527 0.811241 0.584706 42.926701 0.177899 -0.575746 0.798040 0.000000 0.000000 0.000000 0.000000 1.000000
0.994706 0.082918 -0.060706 -0.000000 0.000314 0.588272 0.808663 42.926701 0.102764 -0.804401 0.585132 0.000000 0.000000 0.000000 0.000000 1.000000
0.997091 0.050046 0.057486 0.000000 -0.072342 0.383916 0.920530 42.926701 0.023998 -0.922011 0.386420 0.000000 0.000000 0.000000 0.000000 1.000000
0.996240 0.018696 0.084598 0.000000 -0.086491 0.271692 0.958490 42.926701 -0.005065 -0.962203 0.272288 0.000000 0.000000 0.000000 0.000000 1.000000
0.997924 0.001344 0.064387 0.000000 -0.062028 0.288945 0.955334 42.926701 -0.017321 -0.957345 0.288429 0.000000 0.000000 0.000000 0.000000 1.000000
0.999140 -0.015916 0.038281 0.000000 -0.031152 0.321057 0.946547 42.926701 -0.027355 -0.946926 0.320285 -0.000000 0.000000 0.000000 0.000000 1.000000
0.999350 -0.033349 0.013716 0.000000 -0.000555 0.366117 0.930568 42.926701 -0.036055 -0.929971 0.365861 0.000000 0.000000 0.000000 0.000000 1.000000
0.998752 -0.049899 -0.002163 0.000000 0.023058 0.422227 0.906197 42.926701 -0.044305 -0.905116 0.422851 0.000000 0.000000 0.000000 0.000000 1.000000
0.998905 -0.039786 0.024601 0.000000 0.003007 0.579440 0.815010 42.926701 -0.046681 -0.814043 0.578925 0.000000 0.000000 0.000000 0.000000 1.000000
0.997897 0.002270 0.064780 -0.000000 -0.043034 0.770568 0.635903 42.926701 -0.048474 -0.637353 0.769045 0.000000 0.000000 0.000000 0.000000 1.000000
0.996280 0.038855 0.076917 0.000000 -0.066978 0.910760 0.407468 42.926701 -0.054221 -0.411104 0.909974 0.000000 0.000000 0.000000 0.000000 1.000000
0.997089 0.040691 0.064488 -0.000000 -0.060609 0.936111 0.346442 42.926701 -0.046271 -0.349342 0.935852 0.000000 0.000000 0.000000 0.000000 1.000000
0.998200 0.034131 0.049316 -0.000000 -0.048231 0.945565 0.321841 42.926701 -0.035647 -0.323640 0.945509 -0.000000 0.000000 0.000000 0.000000 1.000000
0.999248 0.021585 0.032216 -0.000000 -0.030938 0.944616 0.326716 42.926701 -0.023379 -0.327467 0.944573 0.000000 0.000000 0.000000 0.000000 1.000000
0.999940 -0.010789 -0.002086 0.000000 0.010495 0.881367 0.472315 42.926701 -0.003257 -0.472309 0.881427 0.000000 0.000000 0.000000 0.000000 1.000000
0.998682 -0.044994 -0.024694 0.000000 0.051028 0.818825 0.571771 42.926701 -0.005506 -0.572278 0.820041 -0.000000 0.000000 0.000000 0.000000 1.000000
0.997040 -0.063006 -0.044069 0.000000 0.076641 0.768458 0.635294 42.926701 -0.006162 -0.636791 0.771012 0.000000 0.000000 0.000000 0.000000 1.000000
0.996014 -0.067613 -0.058176 -0.000000 0.089194 0.749917 0.655491 42.926701 -0.000692 -0.658067 0.752959 0.000000 0.000000 0.000000 0.000000 1.000000
0.996743 -0.055686 -0.058331 0.000000 0.080118 0.766237 0.637543 42.926701 0.009193 -0.640140 0.768203 0.000000 0.000000 0.000000 0.000000 1.000000
0.998612 -0.025928 -0.045852 0.000000 0.047906 0.808954 0.585916 42.926701 0.021900 -0.587299 0.809073 0.000000 0.000000 0.000000 0.000000 1.000000
0.999200 0.007539 -0.039284 0.000000 0.013141 0.865705 0.500383 42.926701 0.037781 -0.500498 0.864913 -0.000000 0.000000 0.000000 0.000000 1.000000</float_array>
        <technique_common>
          <accessor source="#mixamorig_RightLeg-Matrix-animation-output-transform-array" count="31" stride="16">
            <param type="float4x4"/>
          </accessor>
        </technique_common>
      </source>
      <source id="mixamorig_RightLeg-Interpolations">
        <Name_array id="mixamorig_RightLeg-Interpolations-array" count="31">
 LINEAR LINEAR LINEAR LINEAR LINEAR LINEAR LINEAR LINEAR LINEAR LINEAR LINEAR
LINEAR LINEAR LINEAR LINEAR LINEAR LINEAR LINEAR LINEAR LINEAR LINEAR LINEAR LINEAR
LINEAR LINEAR LINEAR LINEAR LINEAR LINEAR LINEAR LINEAR</Name_array>
        <technique_common>
          <accessor source="#mixamorig_RightLeg-Interpolations-array" count="31">
            <param type="name"/>
          </accessor>
        </technique_common>
      </source>
      <sampler id="mixamorig_RightLeg-Matrix-animation-transform">
        <input semantic="INPUT" source="#mixamorig_RightLeg-Matrix-animation-input"/>
        <input semantic="OUTPUT" source="#mixamorig_RightLeg-Matrix-animation-output-transform"/>
        <input semantic="INTERPOLATION" source="#mixamorig_RightLeg-Interpolations"/>
      </sampler>
      <channel source="#mixamorig_RightLeg-Matrix-animation-transform" target="mixamorig_RightLeg/matrix"/>
    </animation>
    <animation id="mixamorig_RightFoot-anim" name="mixamorig_RightFoot">
      <source id="mixamorig_RightFoot-Matrix-animation-input">
        <float_array id="mixamorig_RightFoot-Matrix-animation-input-array" count="31">

0.000000 0.033333 0.066667 0.100000 0.133333 0.166667 0.200000 0.233333 0.266667 0.300000 0.333333 0.366667 0.400000 0.433333 0.466667 0.500000
0.533333 0.566667 0.600000 0.633333 0.666667 0.700000 0.733333 0.766667 0.800000 0.833333 0.866667 0.900000 0.933333 0.966667 1.000000</float_array>
        <technique_common>
          <accessor source="#mixamorig_RightFoot-Matrix-animation-input-array" count="31">
            <param name="TIME" type="float"/>
          </accessor>
        </technique_common>
      </source>
      <source id="mixamorig_RightFoot-Matrix-animation-output-transform">
        <float_array id="mixamorig_RightFoot-Matrix-animation-output-transform-array" count="496">

0.987186 0.159242 0.010300 0.000000 -0.050020 0.370091 -0.927648 37.820801 -0.151533 0.915245 0.373314 0.000000 0.000000 0.000000 0.000000 1.000000
0.987854 0.154100 0.019933 0.000000 -0.036142 0.352639 -0.935061 37.820801 -0.151122 0.922984 0.353926 -0.000000 0.000000 0.000000 0.000000 1.000000
0.987465 0.157320 0.012761 -0.000000 -0.040086 0.328167 -0.943769 37.820801 -0.152661 0.931428 0.330359 0.000000 0.000000 0.000000 0.000000 1.000000
0.993158 0.115100 -0.019744 0.000000 -0.050554 0.271339 -0.961155 37.820801 -0.105272 0.955577 0.275302 0.000000 0.000000 0.000000 0.000000 1.000000
0.998279 0.029227 -0.050847 0.000000 -0.055978 0.216197 -0.974744 37.820801 -0.017496 0.975912 0.217461 0.000000 0.000000 0.000000 0.000000 1.000000
0.997908 -0.035250 -0.054192 0.000000 -0.048347 0.149573 -0.987568 37.820801 0.042917 0.988122 0.147556 0.000000 0.000000 0.000000 0.000000 1.000000
0.996219 -0.078008 -0.038248 0.000000 -0.028708 0.119947 -0.992365 37.820801 0.082000 0.989711 0.117254 0.000000 0.000000 0.000000 0.000000 1.000000
0.996476 -0.083140 -0.011105 0.000000 0.000749 0.141214 -0.989979 37.820801 0.083875 0.986482 0.140779 -0.000000 0.000000 0.000000 0.000000 1.000000
0.997743 -0.061479 0.027021 0.000000 0.041894 0.255349 -0.965941 37.820801 0.052486 0.964892 0.257349 0.000000 0.000000 0.000000 0.000000 1.000000
0.996163 0.006870 0.087242 -0.000000 0.076353 0.418906 -0.904814 37.820801 -0.042763 0.908004 0.416774 0.000000 0.000000 0.000000 0.000000 1.000000
0.983334 0.033057 0.178776 0.000000 0.115797 0.644195 -0.756045 37.820801 -0.140160 0.764146 0.629631 0.000000 0.000000 0.000000 0.000000 1.000000
0.982514 0.014500 0.185623 0.000000 0.117107 0.726943 -0.676639 37.820801 -0.144748 0.686545 0.712533 0.000000 0.000000 0.000000 0.000000 1.000000
0.987177 0.052235 0.150840 0.000000 0.075479 0.679894 -0.729415 37.820801 -0.140656 0.731447 0.667233 0.000000 0.000000 0.000000 0.000000 1.000000
0.989195 0.082159 0.121425 0.000000 0.046495 0.609669 -0.791291 37.820801 -0.139040 0.788387 0.599261 0.000000 0.000000 0.000000 0.000000 1.000000
0.989140 0.088350 0.117459 0.000000 0.051042 0.542941 -0.838218 37.820801 -0.137830 0.835111 0.532535 0.000000 0.000000 0.000000 0.000000 1.000000
0.988762 0.092112 0.117752 -0.000000 0.060727 0.472268 -0.879361 37.820801 -0.136610 0.876629 0.461367 -0.000000 0.000000 0.000000 0.000000 1.000000
0.988205 0.095739 0.119518 0.000000 0.071194 0.403768 -0.912087 37.820801 -0.135580 0.909838 0.392189 0.000000 0.000000 0.000000 0.000000 1.000000
0.987769 0.100331 0.119354 -0.000000 0.078098 0.344173 -0.935652 37.820801 -0.134953 0.933530 0.332128 -0.000000 0.000000 0.000000 0.000000 1.000000
0.988398 0.104558 0.110171 0.000000 0.064912 0.364990 -0.928746 37.820801 -0.137319 0.925122 0.353968 -0.000000 0.000000 0.000000 0.000000 1.000000
0.988708 0.101121 0.110594 -0.000000 0.059163 0.414656 -0.908053 37.820801 -0.137681 0.904343 0.403991 0.000000 0.000000 0.000000 0.000000 1.000000
0.988623 0.098354 0.113799 0.000000 0.062150 0.421856 -0.904530 37.820801 -0.136971 0.901312 0.410944 0.000000 0.000000 0.000000 0.000000 1.000000
0.990290 0.110789 0.083973 0.000000 0.021316 0.475890 -0.879247 37.820801 -0.137373 0.872499 0.468907 0.000000 0.000000 0.000000 0.000000 1.000000
0.990093 0.130897 0.050819 -0.000000 -0.027558 0.536025 -0.843752 37.820801 -0.137685 0.833992 0.534322 0.000000 0.000000 0.000000 0.000000 1.000000
0.987857 0.153696 0.022734 0.000000 -0.072766 0.586967 -0.806334 37.820801 -0.137274 0.794888 0.591023 0.000000 0.000000 0.000000 0.000000 1.000000
0.986207 0.165407 0.006047 0.000000 -0.096080 0.601846 -0.792812 37.820801 -0.134776 0.781295 0.609437 0.000000 0.000000 0.000000 0.000000 1.000000
0.982624 0.184750 -0.017825 0.000000 -0.121965 0.570315 -0.812321 37.820801 -0.139910 0.800380 0.582938 0.000000 0.000000 0.000000 0.000000 1.000000
0.979341 0.198230 -0.039950 0.000000 -0.134869 0.493103 -0.859453 37.820801 -0.150670 0.847086 0.509651 0.000000 0.000000 0.000000 0.000000 1.000000
0.977752 0.203054 -0.052628 0.000000 -0.135797 0.421514 -0.896596 37.820801 -0.159874 0.883796 0.439711 0.000000 0.000000 0.000000 0.000000 1.000000
0.979064 0.197642 -0.048694 0.000000 -0.121820 0.377279 -0.918052 37.820801 -0.163075 0.904764 0.393457 -0.000000 0.000000 0.000000 0.000000 1.000000
0.982601 0.183480 -0.028813 -0.000000 -0.093663 0.355564 -0.929947 37.820801 -0.160382 0.916466 0.366562 0.000000 0.000000 0.000000 0.000000 1.000000
0.985599 0.168999 -0.005822 0.000000 -0.066367 0.354927 -0.932535 37.820801 -0.155531 0.919493 0.361031 -0.000000 0.000000 0.000000 0.000000 1.000000</float_array>
        <technique_common>
          <accessor source="#mixamorig_RightFoot-Matrix-animation-output-transform-array" count="31" stride="16">
            <param type="float4x4"/>
          </accessor>
        </technique_common>
      </source>
      <source id="mixamorig_RightFoot-Interpolations">
        <Name_array id="mixamorig_RightFoot-Interpolations-array" count="31">
 LINEAR LINEAR LINEAR LINEAR LINEAR LINEAR LINEAR LINEAR LINEAR LINEAR LINEAR
LINEAR LINEAR LINEAR LINEAR LINEAR LINEAR LINEAR LINEAR LINEAR LINEAR LINEAR LINEAR
LINEAR LINEAR LINEAR LINEAR LINEAR LINEAR LINEAR LINEAR</Name_array>
        <technique_common>
          <accessor source="#mixamorig_RightFoot-Interpolations-array" count="31">
            <param type="name"/>
          </accessor>
        </technique_common>
      </source>
      <sampler id="mixamorig_RightFoot-Matrix-animation-transform">
        <input semantic="INPUT" source="#mixamorig_RightFoot-Matrix-animation-input"/>
        <input semantic="OUTPUT" source="#mixamorig_RightFoot-Matrix-animation-output-transform"/>
        <input semantic="INTERPOLATION" source="#mixamorig_RightFoot-Interpolations"/>
      </sampler>
      <channel source="#mixamorig_RightFoot-Matrix-animation-transform" target="mixamorig_RightFoot/matrix"/>
    </animation>
    <animation id="mixamorig_RightToeBase-anim" name="mixamorig_RightToeBase">
      <source id="mixamorig_RightToeBase-Matrix-animation-input">
        <float_array id="mixamorig_RightToeBase-Matrix-animation-input-array" count="31">

0.000000 0.033333 0.066667 0.100000 0.133333 0.166667 0.200000 0.233333 0.266667 0.300000 0.333333 0.366667 0.400000 0.433333 0.466667 0.500000
0.533333 0.566667 0.600000 0.633333 0.666667 0.700000 0.733333 0.766667 0.800000 0.833333 0.866667 0.900000 0.933333 0.966667 1.000000</float_array>
        <technique_common>
          <accessor source="#mixamorig_RightToeBase-Matrix-animation-input-array" count="31">
            <param name="TIME" type="float"/>
          </accessor>
        </technique_common>
      </source>
      <source id="mixamorig_RightToeBase-Matrix-animation-output-transform">
        <float_array id="mixamorig_RightToeBase-Matrix-animation-output-transform-array" count="496">

0.999860 -0.010835 -0.012742 -0.000000 -0.000222 0.753160 -0.657837 18.605301 0.016724 0.657748 0.753052 0.000000 0.000000 0.000000 0.000000 1.000000
0.999847 -0.011267 -0.013403 0.000000 -0.000240 0.756557 -0.653927 18.605301 0.017508 0.653830 0.756439 0.000000 0.000000 0.000000 0.000000 1.000000
0.999838 -0.011532 -0.013811 0.000000 -0.000249 0.758638 -0.651512 18.605301 0.017990 0.651410 0.758512 -0.000000 0.000000 0.000000 0.000000 1.000000
0.999841 -0.011449 -0.013683 -0.000000 -0.000247 0.757990 -0.652267 18.605301 0.017840 0.652166 0.757866 0.000000 0.000000 0.000000 0.000000 1.000000
0.999863 -0.010749 -0.012613 0.000000 -0.000218 0.752490 -0.658604 18.605301 0.016570 0.658516 0.752384 -0.000000 0.000000 0.000000 0.000000 1.000000
0.999901 -0.009332 -0.010503 0.000000 -0.000129 0.741408 -0.671055 18.605301 0.014049 0.670990 0.741333 0.000000 0.000000 0.000000 0.000000 1.000000
0.999951 -0.006938 -0.007104 0.000000 0.000106 0.722838 -0.691018 18.605301 0.009929 0.690983 0.722803 0.000000 0.000000 0.000000 0.000000 1.000000
0.999998 -0.001753 -0.000355 0.000000 0.000938 0.683160 -0.730268 18.605301 0.001522 0.730267 0.683160 0.000000 0.000000 0.000000 0.000000 1.000000
0.999771 0.011604 0.017983 0.000000 0.007804 0.584755 -0.811173 18.605301 -0.019928 0.811127 0.584530 -0.000000 0.000000 0.000000 0.000000 1.000000
0.997976 0.048466 0.041159 0.000000 0.023318 0.323262 -0.946022 18.605301 -0.059155 0.945067 0.321478 0.000000 0.000000 0.000000 0.000000 1.000000
0.995863 0.076542 0.048965 0.000000 0.039385 0.122007 -0.991748 18.605301 -0.081884 0.989573 0.118487 0.000000 0.000000 0.000000 0.000000 1.000000
0.999986 0.000868 0.005166 0.000000 0.003288 0.663687 -0.748003 18.605301 -0.004078 0.748010 0.663675 -0.000000 0.000000 0.000000 0.000000 1.000000
0.999988 0.002243 0.004357 0.000000 0.001835 0.653025 -0.757334 18.605301 -0.004544 0.757333 0.653013 0.000000 0.000000 0.000000 0.000000 1.000000
0.999992 0.001679 0.003716 0.000000 0.001697 0.657254 -0.753667 18.605301 -0.003708 0.753667 0.657246 0.000000 0.000000 0.000000 0.000000 1.000000
0.999999 -0.000793 0.001022 0.000000 0.001289 0.675129 -0.737698 18.605301 -0.000105 0.737699 0.675130 0.000000 0.000000 0.000000 0.000000 1.000000
0.999992 -0.003417 -0.002136 0.000000 0.000837 0.694735 -0.719265 18.605301 0.003941 0.719258 0.694732 -0.000000 0.000000 0.000000 0.000000 1.000000
0.999968 -0.005881 -0.005440 0.000000 0.000389 0.713895 -0.700253 18.605301 0.008002 0.700228 0.713874 0.000000 0.000000 0.000000 0.000000 1.000000
0.999932 -0.007947 -0.008513 -0.000000 -0.000006 0.730644 -0.682759 18.605301 0.011646 0.682713 0.730594 -0.000000 0.000000 0.000000 0.000000 1.000000
0.999919 -0.008591 -0.009430 0.000000 -0.000068 0.735640 -0.677373 18.605301 0.012756 0.677319 0.735579 0.000000 0.000000 0.000000 0.000000 1.000000
0.999919 -0.008590 -0.009428 -0.000000 -0.000068 0.735632 -0.677381 18.605301 0.012754 0.677327 0.735572 0.000000 0.000000 0.000000 0.000000 1.000000
0.999937 -0.007694 -0.008156 0.000000 0.000021 0.728681 -0.684853 18.605301 0.011212 0.684810 0.728635 0.000000 0.000000 0.000000 0.000000 1.000000
0.999974 -0.005372 -0.004813 0.000000 0.000426 0.710177 -0.704023 18.605301 0.007200 0.704003 0.710161 0.000000 0.000000 0.000000 0.000000 1.000000
0.999996 -0.002621 -0.001269 0.000000 0.000886 0.689171 -0.724598 18.605301 0.002774 0.724594 0.689170 0.000000 0.000000 0.000000 0.000000 1.000000
0.999999 -0.000206 0.001515 0.000000 0.001261 0.671455 -0.741044 18.605301 -0.000864 0.741045 0.671455 -0.000000 0.000000 0.000000 0.000000 1.000000
0.999999 -0.000664 0.000967 0.000000 0.001162 0.674917 -0.737892 18.605301 -0.000163 0.737893 0.674918 0.000000 0.000000 0.000000 0.000000 1.000000
0.999951 -0.006948 -0.007118 0.000000 0.000105 0.722916 -0.690936 18.605301 0.009947 0.690901 0.722881 0.000000 0.000000 0.000000 0.000000 1.000000
0.999906 -0.009123 -0.010199 -0.000000 -0.000113 0.739784 -0.672845 18.605301 0.013684 0.672783 0.739714 -0.000000 0.000000 0.000000 0.000000 1.000000
0.999913 -0.008843 -0.009793 -0.000000 -0.000090 0.737602 -0.675236 18.605301 0.013194 0.675178 0.737537 0.000000 0.000000 0.000000 0.000000 1.000000
0.999902 -0.009303 -0.010460 -0.000000 -0.000127 0.741180 -0.671306 18.605301 0.013998 0.671241 0.741107 0.000000 0.000000 0.000000 0.000000 1.000000
0.999888 -0.009857 -0.011276 0.000000 -0.000167 0.745508 -0.666497 18.605301 0.014976 0.666424 0.745422 0.000000 0.000000 0.000000 0.000000 1.000000
0.999874 -0.010357 -0.012021 -0.000000 -0.000198 0.749417 -0.662099 18.605301 0.015866 0.662018 0.749320 -0.000000 0.000000 0.000000 0.000000 1.000000</float_array>
        <technique_common>
          <accessor source="#mixamorig_RightToeBase-Matrix-animation-output-transform-array" count="31" stride="16">
            <param type="float4x4"/>
          </accessor>
        </technique_common>
      </source>
      <source id="mixamorig_RightToeBase-Interpolations">
        <Name_array id="mixamorig_RightToeBase-Interpolations-array" count="31">
 LINEAR LINEAR LINEAR LINEAR LINEAR LINEAR LINEAR LINEAR LINEAR LINEAR LINEAR
LINEAR LINEAR LINEAR LINEAR LINEAR LINEAR LINEAR LINEAR LINEAR LINEAR LINEAR LINEAR
LINEAR LINEAR LINEAR LINEAR LINEAR LINEAR LINEAR LINEAR</Name_array>
        <technique_common>
          <accessor source="#mixamorig_RightToeBase-Interpolations-array" count="31">
            <param type="name"/>
          </accessor>
        </technique_common>
      </source>
      <sampler id="mixamorig_RightToeBase-Matrix-animation-transform">
        <input semantic="INPUT" source="#mixamorig_RightToeBase-Matrix-animation-input"/>
        <input semantic="OUTPUT" source="#mixamorig_RightToeBase-Matrix-animation-output-transform"/>
        <input semantic="INTERPOLATION" source="#mixamorig_RightToeBase-Interpolations"/>
      </sampler>
      <channel source="#mixamorig_RightToeBase-Matrix-animation-transform" target="mixamorig_RightToeBase/matrix"/>
    </animation>
  </library_animations>
  <library_visual_scenes>
    <visual_scene id="RootNode" name="RootNode">
      <node id="mixamorig_Hips" name="mixamorig_Hips" sid="mixamorig_Hips" type="JOINT">
        <matrix sid="matrix">0.999433 0.001362 0.033654 0.047220 -0.000222 0.999427 -0.033856 96.012001 -0.033680 0.033829 0.998860 -0.477349 0.000000 0.000000 0.000000 1.000000</matrix>
        <node id="mixamorig_Spine" name="mixamorig_Spine" sid="mixamorig_Spine" type="JOINT">
          <matrix sid="matrix">0.999750 0.002012 -0.022263 -0.000000 -0.003042 0.998922 -0.046330 10.573600 0.022145 0.046386 0.998678 -0.649400 0.000000 0.000000 0.000000 1.000000</matrix>
          <node id="mixamorig_Spine1" name="mixamorig_Spine1" sid="mixamorig_Spine1" type="JOINT">
            <matrix sid="matrix">0.998877 -0.018859 -0.043453 0.000000 0.016968 0.998909 -0.043503 12.359100 0.044226 0.042716 0.998108 0.000000 0.000000 0.000000 0.000000 1.000000</matrix>
            <node id="mixamorig_Spine2" name="mixamorig_Spine2" sid="mixamorig_Spine2" type="JOINT">
              <matrix sid="matrix">0.998867 -0.020816 -0.042801 -0.000000 0.018972 0.998893 -0.043043 14.124600 0.043649 0.042183 0.998156 0.000000 0.000000 0.000000 0.000000 1.000000</matrix>
              <node id="mixamorig_Neck" name="mixamorig_Neck" sid="mixamorig_Neck" type="JOINT">
                <matrix sid="matrix">0.999301 0.004142 0.037153 0.000000 -0.002170 0.998594 -0.052959 15.890200 -0.037320 0.052841 0.997905 0.000000 0.000000 0.000000 0.000000 1.000000</matrix>
                <node id="mixamorig_Head" name="mixamorig_Head" sid="mixamorig_Head" type="JOINT">
                  <matrix sid="matrix">0.996340 0.032647 0.078999 0.000000 -0.037096 0.997768 0.055527 3.913500 -0.077010 -0.058255 0.995327 1.360900 0.000000 0.000000 0.000000 1.000000</matrix>
                  <node id="mixamorig_HeadTop_End" name="mixamorig_HeadTop_End" sid="mixamorig_HeadTop_End" type="JOINT">
                    <matrix sid="matrix">1.000000 -0.000000 -0.000000 -0.000000 0.000000 1.000000 0.000000 26.401800 0.000000 -0.000000 1.000000 9.181200 0.000000 0.000000 0.000000 1.000000</matrix>
                  </node>
                </node>
              </node>
              <node id="mixamorig_LeftShoulder" name="mixamorig_LeftShoulder" sid="mixamorig_LeftShoulder" type="JOINT">
                <matrix sid="matrix">0.128775 0.913385 -0.386193 5.768700 0.008192 -0.390402 -0.920608 14.120300 -0.991640 0.115388 -0.057756 -0.144600 0.000000 0.000000 0.000000 1.000000</matrix>
                <node id="mixamorig_LeftArm" name="mixamorig_LeftArm" sid="mixamorig_LeftArm" type="JOINT">
                  <matrix sid="matrix">0.949925 -0.038258 0.310126 0.000000 0.269063 0.604813 -0.749538 12.133700 -0.158893 0.795448 0.584821 0.000000 0.000000 0.000000 0.000000 1.000000</matrix>
                  <node id="mixamorig_LeftForeArm" name="mixamorig_LeftForeArm" sid="mixamorig_LeftForeArm" type="JOINT">
                    <matrix sid="matrix">0.981733 -0.188952 -0.022296 0.000000 0.188026 0.981422 -0.038168 24.385900 0.029093 0.033278 0.999023 -0.000000 0.000000 0.000000 0.000000 1.000000</matrix>
                    <node id="mixamorig_LeftHand" name="mixamorig_LeftHand" sid="mixamorig_LeftHand" type="JOINT">
                      <matrix sid="matrix">1.000000 0.000000 0.000000 -0.000000 0.000000 1.000000 -0.000000 27.777201 0.000000 0.000000 1.000000 -0.000000 0.000000 0.000000 0.000000 1.000000</matrix>
                    </node>
                  </node>
                </node>
              </node>
              <node id="mixamorig_RightShoulder" name="mixamorig_RightShoulder" sid="mixamorig_RightShoulder" type="JOINT">
                <matrix sid="matrix">0.052313 -0.912292 0.406186 -5.768700 -0.011512 -0.407267 -0.913237 14.115900 0.998564 0.043098 -0.031808 -0.073100 0.000000 0.000000 0.000000 1.000000</matrix>
                <node id="mixamorig_RightArm" name="mixamorig_RightArm" sid="mixamorig_RightArm" type="JOINT">
                  <matrix sid="matrix">0.928317 0.227863 -0.293778 -0.000000 -0.367974 0.676024 -0.638425 12.133700 0.053127 0.700764 0.711412 0.000000 0.000000 0.000000 0.000000 1.000000</matrix>
                  <node id="mixamorig_RightForeArm" name="mixamorig_RightForeArm" sid="mixamorig_RightForeArm" type="JOINT">
                    <matrix sid="matrix">0.921077 0.389340 0.005620 0.000000 -0.388112 0.919144 -0.067407 24.384300 -0.031409 0.059906 0.997710 0.000000 0.000000 0.000000 0.000000 1.000000</matrix>
                    <node id="mixamorig_RightHand" name="mixamorig_RightHand" sid="mixamorig_RightHand" type="JOINT">
                      <matrix sid="matrix">1.000000 0.000000 0.000000 0.000000 0.000000 1.000000 -0.000000 29.705099 0.000000 -0.000000 1.000000 0.000000 0.000000 0.000000 0.000000 1.000000</matrix>
                    </node>
                  </node>
                </node>
              </node>
            </node>
          </node>
        </node>
        <node id="mixamorig_LeftUpLeg" name="mixamorig_LeftUpLeg" sid="mixamorig_LeftUpLeg" type="JOINT">
          <matrix sid="matrix">-0.982985 0.093468 0.158127 10.928400 -0.011161 -0.889658 0.456491 -5.879300 0.183346 0.446959 0.875564 0.408700 0.000000 0.000000 0.000000 1.000000</matrix>
          <node id="mixamorig_LeftLeg" name="mixamorig_LeftLeg" sid="mixamorig_LeftLeg" type="JOINT">
            <matrix sid="matrix">0.994816 0.029324 0.097375 0.000000 -0.099661 0.471624 0.876150 42.821301 -0.020232 -0.881312 0.472101 0.000000 0.000000 0.000000 0.000000 1.000000</matrix>
            <node id="mixamorig_LeftFoot" name="mixamorig_LeftFoot" sid="mixamorig_LeftFoot" type="JOINT">
              <matrix sid="matrix">0.988175 -0.150742 -0.028066 -0.000000 0.053018 0.507662 -0.859923 37.973900 0.143874 0.848267 0.509651 -0.000000 0.000000 0.000000 0.000000 1.000000</matrix>
              <node id="mixamorig_LeftToeBase" name="mixamorig_LeftToeBase" sid="mixamorig_LeftToeBase" type="JOINT">
                <matrix sid="matrix">0.999953 0.006771 0.006877 -0.000000 0.000106 0.704834 -0.709373 18.228800 -0.009650 0.709340 0.704800 0.000000 0.000000 0.000000 0.000000 1.000000</matrix>
                <node id="mixamorig_LeftToe_End" name="mixamorig_LeftToe_End" sid="mixamorig_LeftToe_End" type="JOINT">
                  <matrix sid="matrix">1.000000 -0.000000 0.000000 0.000000 0.000000 1.000000 -0.000000 7.186700 -0.000000 -0.000000 1.000000 -0.000000 0.000000 0.000000 0.000000 1.000000</matrix>
                </node>
              </node>
            </node>
          </node>
        </node>
        <node id="mixamorig_RightUpLeg" name="mixamorig_RightUpLeg" sid="mixamorig_RightUpLeg" type="JOINT">
          <matrix sid="matrix">-0.992806 0.011671 -0.119167 -10.928400 -0.036350 -0.977646 0.207092 -5.879300 -0.114086 0.209934 0.971037 0.373200 0.000000 0.000000 0.000000 1.000000</matrix>
          <node id="mixamorig_RightLeg" name="mixamorig_RightLeg" sid="mixamorig_RightLeg" type="JOINT">
            <matrix sid="matrix">0.998335 0.029792 -0.049385 0.000000 -0.008435 0.922472 0.385971 42.926701 0.057055 -0.384912 0.921188 -0.000000 0.000000 0.000000 0.000000 1.000000</matrix>
            <node id="mixamorig_RightFoot" name="mixamorig_RightFoot" sid="mixamorig_RightFoot" type="JOINT">
              <matrix sid="matrix">0.987186 0.159242 0.010300 0.000000 -0.050020 0.370091 -0.927648 37.820801 -0.151533 0.915245 0.373314 0.000000 0.000000 0.000000 0.000000 1.000000</matrix>
              <node id="mixamorig_RightToeBase" name="mixamorig_RightToeBase" sid="mixamorig_RightToeBase" type="JOINT">
                <matrix sid="matrix">0.999860 -0.010835 -0.012742 -0.000000 -0.000222 0.753160 -0.657837 18.605301 0.016724 0.657748 0.753052 0.000000 0.000000 0.000000 0.000000 1.000000</matrix>
                <node id="mixamorig_RightToe_End" name="mixamorig_RightToe_End" sid="mixamorig_RightToe_End" type="JOINT">
                  <matrix sid="matrix">1.000000 0.000000 -0.000000 0.000000 -0.000000 1.000000 0.000000 7.153300 -0.000000 -0.000000 1.000000 0.000000 0.000000 0.000000 0.000000 1.000000</matrix>
                </node>
              </node>
            </node>
          </node>
        </node>
      </node>
    </visual_scene>
  </library_visual_scenes>
  <scene>
    <instance_visual_scene url="#RootNode"/>
  </scene>
</COLLADA>
