<?xml version="1.0" encoding="utf-8"?>
<COLLADA xmlns="http://www.collada.org/2005/11/COLLADASchema" version="1.4.1">
  <asset>
    <contributor>
      <author>Mixamo</author>
      <authoring_tool>COLLADA Mixamo exporter</authoring_tool>
      <comments/>
    </contributor>
    <created>2026-01-06T19:22:18Z</created>
    <modified>2026-01-06T19:22:18Z</modified>
    <revision/>
    <title/>
    <unit meter="0.010000"/>
    <up_axis>Y_UP</up_axis>
  </asset>
  <library_animations>
    <animation id="mixamorig_Hips-anim" name="mixamorig_Hips">
      <source id="mixamorig_Hips-Matrix-animation-input">
        <float_array id="mixamorig_Hips-Matrix-animation-input-array" count="184">

0.000000 0.033333 0.066667 0.100000 0.133333 0.166667 0.200000 0.233333 0.266667 0.300000 0.333333 0.366667 0.400000 0.433333 0.466667 0.500000
0.533333 0.566667 0.600000 0.633333 0.666667 0.700000 0.733333 0.766667 0.800000 0.833333 0.866667 0.900000 0.933333 0.966667 1.000000 1.033333
1.066667 1.100000 1.133333 1.166667 1.200000 1.233333 1.266667 1.300000 1.333333 1.366667 1.400000 1.433333 1.466667 1.500000 1.533333 1.566667
1.600000 1.633333 1.666667 1.700000 1.733333 1.766667 1.800000 1.833333 1.866667 1.900000 1.933333 1.966667 2.000000 2.033333 2.066667 2.100000
2.133333 2.166667 2.200000 2.233333 2.266667 2.300000 2.333333 2.366667 2.400000 2.433333 2.466667 2.500000 2.533333 2.566667 2.600000 2.633333
2.666667 2.700000 2.733333 2.766667 2.800000 2.833333 2.866667 2.900000 2.933333 2.966667 3.000000 3.033333 3.066667 3.100000 3.133333 3.166667
3.200000 3.233333 3.266667 3.300000 3.333333 3.366667 3.400000 3.433333 3.466667 3.500000 3.533333 3.566667 3.600000 3.633333 3.666667 3.700000
3.733333 3.766667 3.800000 3.833333 3.866667 3.900000 3.933333 3.966667 4.000000 4.033333 4.066667 4.100000 4.133333 4.166667 4.200000 4.233333
4.266667 4.300000 4.333333 4.366667 4.400000 4.433333 4.466667 4.500000 4.533333 4.566667 4.600000 4.633333 4.666667 4.700000 4.733333 4.766667
4.800000 4.833333 4.866667 4.900000 4.933333 4.966667 5.000000 5.033333 5.066667 5.100000 5.133333 5.166667 5.200000 5.233333 5.266667 5.300000
5.333333 5.366667 5.400000 5.433333 5.466667 5.500000 5.533333 5.566667 5.600000 5.633333 5.666667 5.700000 5.733333 5.766667 5.800000 5.833333
5.866667 5.900000 5.933333 5.966667 6.000000 6.033333 6.066667 6.100000</float_array>
        <technique_common>
          <accessor source="#mixamorig_Hips-Matrix-animation-input-array" count="184">
            <param name="TIME" type="float"/>
          </accessor>
        </technique_common>
      </source>
      <source id="mixamorig_Hips-Matrix-animation-output-transform">
        <float_array id="mixamorig_Hips-Matrix-animation-output-transform-array" count="2944">

0.997663 0.033048 -0.059811 -2.978257 -0.029293 0.997608 0.062607 92.840385 0.061737 -0.060708 0.996244 -0.924095 0.000000 0.000000 0.000000 1.000000
0.997646 0.032853 -0.060200 -2.977022 -0.029067 0.997607 0.062728 92.844635 0.062117 -0.060831 0.996213 -0.937043 0.000000 0.000000 0.000000 1.000000
0.997634 0.032652 -0.060501 -2.977064 -0.028833 0.997601 0.062942 92.847679 0.062411 -0.061049 0.996182 -0.955319 0.000000 0.000000 0.000000 1.000000
0.997629 0.032442 -0.060692 -2.978043 -0.028588 0.997584 0.063321 92.848900 0.062600 -0.061436 0.996146 -0.984989 0.000000 0.000000 0.000000 1.000000
0.997625 0.032231 -0.060871 -2.978796 -0.028340 0.997564 0.063748 92.849701 0.062777 -0.061871 0.996108 -1.018704 0.000000 0.000000 0.000000 1.000000
0.997628 0.032012 -0.060943 -2.981918 -0.028087 0.997541 0.064218 92.849548 0.062849 -0.062353 0.996073 -1.052323 0.000000 0.000000 0.000000 1.000000
0.997643 0.031777 -0.060814 -2.990003 -0.027827 0.997515 0.064727 92.847878 0.062720 -0.062882 0.996048 -1.081710 0.000000 0.000000 0.000000 1.000000
0.997674 0.031514 -0.060451 -3.003698 -0.027552 0.997487 0.065279 92.844543 0.062356 -0.063461 0.996034 -1.106503 0.000000 0.000000 0.000000 1.000000
0.997714 0.031228 -0.059929 -3.020969 -0.027264 0.997456 0.065869 92.840065 0.061833 -0.064085 0.996027 -1.129287 0.000000 0.000000 0.000000 1.000000
0.997759 0.030939 -0.059324 -3.040386 -0.026976 0.997423 0.066480 92.834877 0.061228 -0.064731 0.996023 -1.150336 0.000000 0.000000 0.000000 1.000000
0.997804 0.030666 -0.058712 -3.060523 -0.026706 0.997389 0.067094 92.829445 0.060616 -0.065378 0.996018 -1.169926 0.000000 0.000000 0.000000 1.000000
0.997843 0.030428 -0.058166 -3.079953 -0.026468 0.997355 0.067692 92.824211 0.060072 -0.066006 0.996009 -1.188332 0.000000 0.000000 0.000000 1.000000
0.997857 0.030501 -0.057891 -3.101606 -0.026526 0.997317 0.068229 92.817940 0.059816 -0.066548 0.995989 -1.189151 0.000000 0.000000 0.000000 1.000000
0.997867 0.030687 -0.057622 -3.121293 -0.026688 0.997263 0.068946 92.813637 0.059580 -0.067261 0.995955 -1.177649 0.000000 0.000000 0.000000 1.000000
0.997873 0.030895 -0.057395 -3.140380 -0.026865 0.997206 0.069703 92.809753 0.059388 -0.068013 0.995915 -1.163260 0.000000 0.000000 0.000000 1.000000
0.997842 0.031098 -0.057829 -3.155797 -0.026986 0.997142 0.070571 92.806374 0.059859 -0.068858 0.995829 -1.139666 0.000000 0.000000 0.000000 1.000000
0.997772 0.031288 -0.058918 -3.167827 -0.027042 0.997071 0.071537 92.803314 0.060984 -0.069784 0.995696 -1.107492 0.000000 0.000000 0.000000 1.000000
0.997690 0.031475 -0.060205 -3.178929 -0.027076 0.996998 0.072535 92.800323 0.062307 -0.070737 0.995547 -1.072263 0.000000 0.000000 0.000000 1.000000
0.997597 0.031663 -0.061631 -3.189293 -0.027098 0.996923 0.073556 92.797417 0.063770 -0.071709 0.995385 -1.035002 0.000000 0.000000 0.000000 1.000000
0.997496 0.031856 -0.063140 -3.199110 -0.027114 0.996845 0.074592 92.794617 0.065318 -0.072693 0.995213 -0.996732 0.000000 0.000000 0.000000 1.000000
0.997391 0.032058 -0.064676 -3.208570 -0.027134 0.996766 0.075634 92.791939 0.066891 -0.073681 0.995036 -0.958478 0.000000 0.000000 0.000000 1.000000
0.997286 0.032272 -0.066180 -3.217862 -0.027165 0.996686 0.076672 92.789398 0.068435 -0.074666 0.994858 -0.921262 0.000000 0.000000 0.000000 1.000000
0.997183 0.032502 -0.067596 -3.227179 -0.027216 0.996605 0.077699 92.787003 0.069892 -0.075641 0.994683 -0.886109 0.000000 0.000000 0.000000 1.000000
0.997096 0.032940 -0.068665 -3.230930 -0.027500 0.996517 0.078719 92.787918 0.071019 -0.076602 0.994529 -0.869422 0.000000 0.000000 0.000000 1.000000
0.996987 0.033554 -0.069932 -3.233911 -0.027914 0.996394 0.080126 92.786652 0.072368 -0.077933 0.994329 -0.857095 0.000000 0.000000 0.000000 1.000000
0.996869 0.034204 -0.071286 -3.237446 -0.028306 0.996217 0.082165 92.784698 0.073827 -0.079890 0.994066 -0.848991 0.000000 0.000000 0.000000 1.000000
0.996749 0.034976 -0.072576 -3.239245 -0.028717 0.995919 0.085556 92.788300 0.075273 -0.083193 0.993687 -0.843082 0.000000 0.000000 0.000000 1.000000
0.996627 0.035928 -0.073785 -3.241761 -0.029246 0.995537 0.089723 92.793221 0.076679 -0.087263 0.993230 -0.838624 0.000000 0.000000 0.000000 1.000000
0.996499 0.037626 -0.074660 -3.249590 -0.030341 0.994878 0.096421 92.799156 0.077905 -0.093819 0.992537 -0.839232 0.000000 0.000000 0.000000 1.000000
0.996373 0.039745 -0.075235 -3.267612 -0.031777 0.994039 0.104296 92.803444 0.078932 -0.101527 0.991697 -0.850940 0.000000 0.000000 0.000000 1.000000
0.996282 0.041286 -0.075620 -3.292729 -0.032637 0.993145 0.112240 92.804710 0.079735 -0.109354 0.990800 -0.887821 0.000000 0.000000 0.000000 1.000000
0.996249 0.041924 -0.075701 -3.326432 -0.032626 0.992221 0.120135 92.803040 0.080148 -0.117215 0.989867 -0.941406 0.000000 0.000000 0.000000 1.000000
0.996246 0.042243 -0.075561 -3.378021 -0.032345 0.991282 0.127726 92.792404 0.080298 -0.124803 0.988927 -1.005542 0.000000 0.000000 0.000000 1.000000
0.996332 0.041924 -0.074595 -3.450248 -0.031505 0.990242 0.135751 92.767685 0.079558 -0.132903 0.987931 -1.084099 0.000000 0.000000 0.000000 1.000000
0.996536 0.038814 -0.073546 -3.589559 -0.027820 0.989038 0.145017 92.674957 0.078368 -0.142469 0.986692 -1.262438 0.000000 0.000000 0.000000 1.000000
0.996748 0.035372 -0.072403 -3.734905 -0.023816 0.987682 0.154651 92.570862 0.076981 -0.152424 0.985313 -1.451084 0.000000 0.000000 0.000000 1.000000
0.996924 0.031557 -0.071736 -3.893053 -0.019431 0.986296 0.163835 92.467682 0.075923 -0.161938 0.983876 -1.655256 0.000000 0.000000 0.000000 1.000000
0.997022 0.027351 -0.072101 -4.070773 -0.014602 0.985032 0.171750 92.377739 0.075719 -0.170185 0.982499 -1.880176 0.000000 0.000000 0.000000 1.000000
0.996650 0.019973 -0.079312 -4.399052 -0.006157 0.985293 0.170765 92.371513 0.081556 -0.169705 0.982114 -2.269270 0.000000 0.000000 0.000000 1.000000
0.996770 0.012991 -0.079247 -4.895769 -0.000007 0.986841 0.161693 92.448601 0.080305 -0.161170 0.983654 -2.948098 0.000000 0.000000 0.000000 1.000000
0.997179 0.005862 -0.074835 -5.403408 0.005398 0.988766 0.149375 92.510910 0.074870 -0.149357 0.985945 -3.722338 0.000000 0.000000 0.000000 1.000000
0.998410 -0.002106 -0.056331 -5.797224 0.009363 0.991616 0.128879 92.416054 0.055588 -0.129201 0.990059 -4.683905 0.000000 0.000000 0.000000 1.000000
0.998713 -0.021203 -0.046080 -6.029691 0.026069 0.993840 0.107718 92.399155 0.043513 -0.108780 0.993113 -5.685787 0.000000 0.000000 0.000000 1.000000
0.997890 -0.033134 -0.055832 -6.285673 0.037961 0.995421 0.087725 92.578621 0.052670 -0.089659 0.994579 -6.808586 0.000000 0.000000 0.000000 1.000000
0.996939 -0.041603 -0.066194 -6.536011 0.046163 0.996554 0.068913 92.678360 0.063098 -0.071758 0.995424 -7.885252 0.000000 0.000000 0.000000 1.000000
0.996621 -0.043906 -0.069419 -6.762113 0.047579 0.997505 0.052163 92.486809 0.066955 -0.055290 0.996223 -8.787808 0.000000 0.000000 0.000000 1.000000
0.996916 -0.043140 -0.065551 -6.969589 0.045765 0.998188 0.039077 92.110985 0.063746 -0.041956 0.997084 -9.585192 0.000000 0.000000 0.000000 1.000000
0.997850 -0.041699 -0.050562 -7.157615 0.043377 0.998529 0.032537 91.547356 0.049130 -0.034660 0.998191 -10.316092 0.000000 0.000000 0.000000 1.000000
0.998844 -0.039124 -0.027917 -7.326911 0.039929 0.998785 0.028877 90.916008 0.026753 -0.029958 0.999193 -10.943270 0.000000 0.000000 0.000000 1.000000
0.999340 -0.035989 0.004874 -7.522530 0.035862 0.999067 0.024052 90.296478 -0.005735 -0.023861 0.999699 -11.472977 0.000000 0.000000 0.000000 1.000000
0.998917 -0.031811 0.033949 -7.610652 0.031075 0.999275 0.021997 89.806831 -0.034624 -0.020919 0.999181 -11.813442 0.000000 0.000000 0.000000 1.000000
0.998447 -0.027604 0.048396 -7.509096 0.026368 0.999314 0.025994 89.577820 -0.049081 -0.024677 0.998490 -11.913659 0.000000 0.000000 0.000000 1.000000
0.998109 -0.023195 0.056932 -7.320163 0.021385 0.999253 0.032196 89.454727 -0.057636 -0.030917 0.997859 -11.899873 0.000000 0.000000 0.000000 1.000000
0.998075 -0.016729 0.059718 -7.053284 0.014581 0.999237 0.036221 89.334579 -0.060278 -0.035281 0.997558 -11.836174 0.000000 0.000000 0.000000 1.000000
0.998675 -0.005474 0.051163 -6.614365 0.003749 0.999423 0.033758 89.178215 -0.051318 -0.033521 0.998120 -11.689125 0.000000 0.000000 0.000000 1.000000
0.999403 0.009115 0.033319 -6.097107 -0.010132 0.999484 0.030485 89.041878 -0.033024 -0.030804 0.998980 -11.476981 0.000000 0.000000 0.000000 1.000000
0.999593 0.028208 0.004334 -5.675127 -0.028344 0.998972 0.035383 88.995766 -0.003331 -0.035491 0.999364 -11.243727 0.000000 0.000000 0.000000 1.000000
0.999195 0.039698 -0.005857 -5.376498 -0.039429 0.998396 0.040624 89.233589 0.007460 -0.040360 0.999157 -10.795768 0.000000 0.000000 0.000000 1.000000
0.998612 0.050722 -0.014158 -5.091128 -0.050025 0.997695 0.045850 89.500053 0.016451 -0.045078 0.998848 -10.330660 0.000000 0.000000 0.000000 1.000000
0.997904 0.061170 -0.021131 -4.812890 -0.060021 0.996879 0.051284 89.784103 0.024202 -0.049908 0.998461 -9.849432 0.000000 0.000000 0.000000 1.000000
0.997105 0.070957 -0.027331 -4.535663 -0.069308 0.995956 0.057170 90.074707 0.031277 -0.055110 0.997990 -9.353114 0.000000 0.000000 0.000000 1.000000
0.996238 0.080010 -0.033305 -4.253322 -0.077773 0.994929 0.063773 90.360809 0.038238 -0.060943 0.997409 -8.842737 0.000000 0.000000 0.000000 1.000000
0.996287 0.079340 -0.033414 -3.953492 -0.076629 0.994173 0.075822 90.676781 0.039235 -0.072980 0.996561 -8.141344 0.000000 0.000000 0.000000 1.000000
0.997054 0.072399 -0.025342 -3.691759 -0.069836 0.993442 0.090537 91.013672 0.031730 -0.088500 0.995571 -7.338300 0.000000 0.000000 0.000000 1.000000
0.997865 0.064325 -0.011316 -3.470124 -0.062771 0.992390 0.105934 91.292435 0.018044 -0.104998 0.994309 -6.508516 0.000000 0.000000 0.000000 1.000000
0.998409 0.055893 0.007501 -3.321289 -0.056386 0.991597 0.116426 91.477440 -0.000930 -0.116664 0.993171 -5.655811 0.000000 0.000000 0.000000 1.000000
0.998536 0.048274 0.024412 -3.211242 -0.050961 0.990829 0.125141 91.628899 -0.018147 -0.126202 0.991839 -4.815846 0.000000 0.000000 0.000000 1.000000
0.998445 0.043347 0.035065 -3.155937 -0.047617 0.990121 0.131879 91.748642 -0.029003 -0.133344 0.990645 -4.012023 0.000000 0.000000 0.000000 1.000000
0.998377 0.040206 0.040326 -3.139747 -0.045379 0.989549 0.136871 91.844360 -0.034401 -0.138479 0.989768 -3.247178 0.000000 0.000000 0.000000 1.000000
0.998515 0.038389 0.038644 -3.150496 -0.043466 0.989127 0.140494 91.926109 -0.032830 -0.141965 0.989327 -2.530375 0.000000 0.000000 0.000000 1.000000
0.998738 0.038095 0.032729 -3.193785 -0.042386 0.988906 0.142369 91.988594 -0.026942 -0.143576 0.989272 -1.866331 0.000000 0.000000 0.000000 1.000000
0.998924 0.039475 0.024347 -3.272421 -0.042542 0.988950 0.142012 92.027443 -0.018472 -0.142895 0.989566 -1.272026 0.000000 0.000000 0.000000 1.000000
0.999017 0.041815 0.014682 -3.382608 -0.043465 0.989155 0.140300 92.049919 -0.008656 -0.140800 0.990000 -0.719735 0.000000 0.000000 0.000000 1.000000
0.998991 0.044622 0.005030 -3.528918 -0.044889 0.989453 0.137721 92.063171 0.001168 -0.137808 0.990458 -0.172916 0.000000 0.000000 0.000000 1.000000
0.998867 0.047475 -0.003182 -3.689055 -0.046613 0.989758 0.134930 92.063194 0.009555 -0.134629 0.990850 0.325005 0.000000 0.000000 0.000000 1.000000
0.998734 0.049782 -0.007206 -3.842161 -0.048386 0.989951 0.132878 92.042763 0.013749 -0.132361 0.991106 0.725272 0.000000 0.000000 0.000000 1.000000
0.998611 0.051803 -0.009651 -3.988504 -0.050095 0.990109 0.131055 92.018700 0.016345 -0.130390 0.991328 1.080424 0.000000 0.000000 0.000000 1.000000
0.998513 0.053187 -0.011957 -4.102898 -0.051198 0.990271 0.129391 92.017990 0.018723 -0.128586 0.991522 1.404433 0.000000 0.000000 0.000000 1.000000
0.998481 0.053521 -0.013049 -4.202644 -0.051418 0.990446 0.127955 92.022087 0.019773 -0.127090 0.991694 1.700653 0.000000 0.000000 0.000000 1.000000
0.998456 0.053413 -0.015275 -4.293374 -0.051057 0.990635 0.126628 92.033684 0.021895 -0.125652 0.991833 1.995970 0.000000 0.000000 0.000000 1.000000
0.998385 0.053402 -0.019399 -4.366071 -0.050564 0.990830 0.125297 92.063416 0.025913 -0.124114 0.991930 2.299819 0.000000 0.000000 0.000000 1.000000
0.998257 0.053795 -0.024271 -4.419206 -0.050366 0.990910 0.124746 92.092735 0.030761 -0.123306 0.991892 2.613671 0.000000 0.000000 0.000000 1.000000
0.998037 0.055233 -0.029505 -4.463526 -0.051152 0.990882 0.124643 92.109283 0.036120 -0.122889 0.991763 2.944815 0.000000 0.000000 0.000000 1.000000
0.997778 0.056774 -0.034861 -4.506689 -0.052027 0.990845 0.124577 92.125336 0.041614 -0.122486 0.991597 3.278080 0.000000 0.000000 0.000000 1.000000
0.997486 0.058375 -0.040184 -4.549473 -0.052966 0.990797 0.124559 92.140099 0.047086 -0.122118 0.991398 3.612181 0.000000 0.000000 0.000000 1.000000
0.997169 0.059995 -0.045322 -4.592659 -0.053945 0.990739 0.124601 92.152786 0.052378 -0.121803 0.991171 3.945831 0.000000 0.000000 0.000000 1.000000
0.996842 0.061592 -0.050120 -4.637027 -0.054940 0.990671 0.124710 92.162628 0.057333 -0.121563 0.990927 4.277745 0.000000 0.000000 0.000000 1.000000
0.996655 0.063267 -0.051738 -4.690523 -0.056360 0.990491 0.125503 92.141617 0.059187 -0.122167 0.990743 4.597371 0.000000 0.000000 0.000000 1.000000
0.996584 0.064806 -0.051182 -4.740856 -0.057834 0.990138 0.127603 92.099243 0.058947 -0.124207 0.990504 4.882983 0.000000 0.000000 0.000000 1.000000
0.996465 0.067164 -0.050473 -4.789746 -0.059983 0.989387 0.132343 92.019119 0.058826 -0.128847 0.989918 5.174032 0.000000 0.000000 0.000000 1.000000
0.996332 0.069553 -0.049848 -4.834342 -0.062074 0.988422 0.138449 91.925819 0.058900 -0.134847 0.989114 5.462442 0.000000 0.000000 0.000000 1.000000
0.996210 0.071561 -0.049444 -4.868652 -0.063626 0.987127 0.146740 91.815765 0.059308 -0.143038 0.987939 5.745693 0.000000 0.000000 0.000000 1.000000
0.996073 0.073479 -0.049395 -4.898262 -0.064983 0.985648 0.155803 91.706161 0.060134 -0.151981 0.986552 6.015296 0.000000 0.000000 0.000000 1.000000
0.995871 0.075790 -0.049968 -4.935440 -0.066615 0.984054 0.164922 91.611427 0.061671 -0.160913 0.985040 6.278150 0.000000 0.000000 0.000000 1.000000
0.995689 0.077525 -0.050917 -4.954144 -0.067669 0.982621 0.172850 91.536354 0.063432 -0.168660 0.983631 6.485573 0.000000 0.000000 0.000000 1.000000
0.995566 0.078199 -0.052273 -4.942741 -0.067705 0.981540 0.178873 91.480934 0.065296 -0.174541 0.982483 6.627913 0.000000 0.000000 0.000000 1.000000
0.995450 0.078580 -0.053895 -4.922579 -0.067421 0.980540 0.184378 91.431755 0.067335 -0.179905 0.981377 6.753497 0.000000 0.000000 0.000000 1.000000
0.995369 0.078687 -0.055209 -4.893730 -0.066952 0.979658 0.189178 91.390266 0.068972 -0.184605 0.980390 6.844927 0.000000 0.000000 0.000000 1.000000
0.995358 0.078525 -0.055639 -4.856266 -0.066436 0.978930 0.193085 91.357941 0.069629 -0.188493 0.979603 6.884807 0.000000 0.000000 0.000000 1.000000
0.995514 0.077762 -0.053896 -4.800545 -0.065809 0.978382 0.196053 91.336319 0.067976 -0.191627 0.979111 6.826854 0.000000 0.000000 0.000000 1.000000
0.995770 0.076475 -0.050928 -4.729465 -0.065017 0.978132 0.197562 91.330124 0.064923 -0.193415 0.978967 6.687565 0.000000 0.000000 0.000000 1.000000
0.995930 0.075311 -0.049505 -4.661914 -0.064204 0.978357 0.196712 91.345566 0.063248 -0.192733 0.979211 6.543703 0.000000 0.000000 0.000000 1.000000
0.995984 0.074424 -0.049778 -4.602336 -0.063431 0.978875 0.194370 91.373993 0.063192 -0.190431 0.979665 6.423021 0.000000 0.000000 0.000000 1.000000
0.996036 0.073535 -0.050055 -4.542594 -0.062656 0.979391 0.192009 91.402596 0.063143 -0.188112 0.980116 6.302106 0.000000 0.000000 0.000000 1.000000
0.996087 0.072644 -0.050338 -4.482698 -0.061880 0.979903 0.189632 91.431374 0.063101 -0.185775 0.980564 6.180973 0.000000 0.000000 0.000000 1.000000
0.996137 0.071751 -0.050624 -4.422660 -0.061103 0.980413 0.187236 91.460335 0.063067 -0.183420 0.981010 6.059635 0.000000 0.000000 0.000000 1.000000
0.996186 0.070857 -0.050915 -4.362492 -0.060325 0.980918 0.184825 91.489456 0.063039 -0.181048 0.981452 5.938104 0.000000 0.000000 0.000000 1.000000
0.996234 0.069962 -0.051209 -4.302205 -0.059546 0.981420 0.182397 91.518738 0.063018 -0.178660 0.981891 5.816397 0.000000 0.000000 0.000000 1.000000
0.996282 0.069064 -0.051507 -4.241808 -0.058765 0.981918 0.179953 91.548172 0.063004 -0.176257 0.982326 5.694525 0.000000 0.000000 0.000000 1.000000
0.996328 0.068166 -0.051808 -4.181316 -0.057984 0.982412 0.177494 91.577751 0.062996 -0.173838 0.982757 5.572504 0.000000 0.000000 0.000000 1.000000
0.996373 0.067266 -0.052112 -4.120737 -0.057202 0.982902 0.175021 91.607468 0.062994 -0.171405 0.983185 5.450347 0.000000 0.000000 0.000000 1.000000
0.996418 0.066364 -0.052419 -4.060085 -0.056420 0.983387 0.172533 91.637314 0.062998 -0.168957 0.983608 5.328067 0.000000 0.000000 0.000000 1.000000
0.996461 0.065461 -0.052728 -3.999370 -0.055636 0.983867 0.170032 91.667282 0.063008 -0.166496 0.984027 5.205679 0.000000 0.000000 0.000000 1.000000
0.996503 0.064557 -0.053040 -3.938603 -0.054852 0.984342 0.167517 91.697365 0.063024 -0.164022 0.984441 5.083196 0.000000 0.000000 0.000000 1.000000
0.996545 0.063651 -0.053354 -3.877797 -0.054068 0.984812 0.164990 91.727562 0.063046 -0.161536 0.984851 4.960633 0.000000 0.000000 0.000000 1.000000
0.996586 0.062744 -0.053670 -3.816961 -0.053283 0.985277 0.162452 91.757866 0.063073 -0.159037 0.985256 4.838002 0.000000 0.000000 0.000000 1.000000
0.996625 0.061836 -0.053988 -3.756108 -0.052498 0.985736 0.159901 91.788261 0.063105 -0.156527 0.985656 4.715318 0.000000 0.000000 0.000000 1.000000
0.996664 0.060927 -0.054307 -3.695249 -0.051713 0.986190 0.157340 91.818748 0.063143 -0.154006 0.986050 4.592594 0.000000 0.000000 0.000000 1.000000
0.996702 0.060016 -0.054627 -3.634395 -0.050928 0.986637 0.154768 91.849319 0.063186 -0.151475 0.986439 4.469845 0.000000 0.000000 0.000000 1.000000
0.996738 0.059105 -0.054949 -3.573558 -0.050142 0.987079 0.152186 91.879967 0.063234 -0.148935 0.986823 4.347084 0.000000 0.000000 0.000000 1.000000
0.996774 0.058192 -0.055271 -3.512748 -0.049357 0.987515 0.149595 91.910675 0.063286 -0.146385 0.987201 4.224325 0.000000 0.000000 0.000000 1.000000
0.996809 0.057279 -0.055594 -3.451977 -0.048572 0.987944 0.146995 91.941444 0.063343 -0.143826 0.987574 4.101581 0.000000 0.000000 0.000000 1.000000
0.996843 0.056365 -0.055917 -3.391257 -0.047786 0.988367 0.144387 91.972282 0.063405 -0.141259 0.987940 3.978868 0.000000 0.000000 0.000000 1.000000
0.996876 0.055450 -0.056240 -3.330599 -0.047001 0.988783 0.141771 92.003159 0.063471 -0.138685 0.988301 3.856197 0.000000 0.000000 0.000000 1.000000
0.996909 0.054534 -0.056564 -3.270014 -0.046217 0.989192 0.139148 92.034081 0.063541 -0.136104 0.988655 3.733584 0.000000 0.000000 0.000000 1.000000
0.996940 0.053618 -0.056887 -3.209513 -0.045433 0.989595 0.136518 92.065033 0.063615 -0.133516 0.989003 3.611042 0.000000 0.000000 0.000000 1.000000
0.996970 0.052701 -0.057209 -3.149107 -0.044649 0.989991 0.133883 92.096008 0.063693 -0.130923 0.989345 3.488584 0.000000 0.000000 0.000000 1.000000
0.997000 0.051783 -0.057532 -3.088810 -0.043866 0.990379 0.131241 92.127014 0.063774 -0.128324 0.989680 3.366225 0.000000 0.000000 0.000000 1.000000
0.997028 0.050865 -0.057853 -3.028630 -0.043084 0.990761 0.128595 92.158020 0.063859 -0.125720 0.990008 3.243978 0.000000 0.000000 0.000000 1.000000
0.997056 0.049947 -0.058173 -2.968580 -0.042302 0.991135 0.125944 92.189049 0.063948 -0.123112 0.990330 3.121858 0.000000 0.000000 0.000000 1.000000
0.997083 0.049028 -0.058493 -2.908671 -0.041521 0.991502 0.123289 92.220062 0.064040 -0.120501 0.990645 2.999878 0.000000 0.000000 0.000000 1.000000
0.997109 0.048110 -0.058810 -2.848914 -0.040741 0.991861 0.120631 92.251076 0.064135 -0.117886 0.990954 2.878052 0.000000 0.000000 0.000000 1.000000
0.997134 0.047191 -0.059127 -2.789322 -0.039963 0.992213 0.117970 92.282074 0.064233 -0.115269 0.991255 2.756392 0.000000 0.000000 0.000000 1.000000
0.997159 0.046272 -0.059441 -2.729904 -0.039185 0.992557 0.115307 92.313049 0.064334 -0.112650 0.991550 2.634915 0.000000 0.000000 0.000000 1.000000
0.997182 0.045353 -0.059754 -2.670672 -0.038408 0.992893 0.112642 92.344002 0.064438 -0.110030 0.991837 2.513633 0.000000 0.000000 0.000000 1.000000
0.997205 0.044434 -0.060064 -2.611638 -0.037633 0.993222 0.109977 92.374908 0.064544 -0.107409 0.992118 2.392560 0.000000 0.000000 0.000000 1.000000
0.997227 0.043516 -0.060373 -2.552814 -0.036858 0.993542 0.107310 92.405785 0.064653 -0.104787 0.992391 2.271709 0.000000 0.000000 0.000000 1.000000
0.997248 0.042598 -0.060679 -2.494209 -0.036086 0.993855 0.104644 92.436607 0.064763 -0.102166 0.992657 2.151096 0.000000 0.000000 0.000000 1.000000
0.997268 0.041680 -0.060982 -2.435836 -0.035314 0.994160 0.101978 92.467369 0.064876 -0.099546 0.992916 2.030732 0.000000 0.000000 0.000000 1.000000
0.997288 0.040763 -0.061283 -2.377706 -0.034545 0.994456 0.099313 92.498077 0.064991 -0.096927 0.993167 1.910633 0.000000 0.000000 0.000000 1.000000
0.997306 0.039847 -0.061580 -2.319830 -0.033777 0.994745 0.096650 92.528709 0.065108 -0.094310 0.993412 1.790812 0.000000 0.000000 0.000000 1.000000
0.997324 0.038931 -0.061875 -2.262220 -0.033010 0.995026 0.093990 92.559273 0.065226 -0.091696 0.993649 1.671284 0.000000 0.000000 0.000000 1.000000
0.997342 0.038016 -0.062166 -2.204887 -0.032246 0.995298 0.091332 92.589745 0.065346 -0.089085 0.993878 1.552060 0.000000 0.000000 0.000000 1.000000
0.997358 0.037103 -0.062454 -2.147842 -0.031483 0.995563 0.088678 92.620132 0.065467 -0.086477 0.994100 1.433157 0.000000 0.000000 0.000000 1.000000
0.997374 0.036190 -0.062738 -2.091097 -0.030722 0.995819 0.086028 92.650414 0.065590 -0.083874 0.994315 1.314586 0.000000 0.000000 0.000000 1.000000
0.997389 0.035279 -0.063019 -2.034662 -0.029963 0.996067 0.083382 92.680595 0.065713 -0.081276 0.994523 1.196363 0.000000 0.000000 0.000000 1.000000
0.997403 0.034369 -0.063296 -1.978550 -0.029207 0.996307 0.080741 92.710670 0.065837 -0.078683 0.994723 1.078500 0.000000 0.000000 0.000000 1.000000
0.997416 0.033460 -0.063569 -1.922771 -0.028453 0.996539 0.078106 92.740623 0.065962 -0.076096 0.994916 0.961012 0.000000 0.000000 0.000000 1.000000
0.997429 0.032553 -0.063838 -1.867337 -0.027700 0.996763 0.075478 92.770454 0.066088 -0.073515 0.995102 0.843913 0.000000 0.000000 0.000000 1.000000
0.997441 0.031648 -0.064102 -1.812260 -0.026951 0.996978 0.072856 92.800148 0.066214 -0.070942 0.995280 0.727216 0.000000 0.000000 0.000000 1.000000
0.997453 0.030744 -0.064363 -1.757550 -0.026203 0.997186 0.070242 92.829712 0.066341 -0.068376 0.995451 0.610936 0.000000 0.000000 0.000000 1.000000
0.997464 0.029843 -0.064618 -1.703218 -0.025459 0.997385 0.067636 92.859123 0.066468 -0.065819 0.995615 0.495085 0.000000 0.000000 0.000000 1.000000
0.997220 0.030745 -0.067872 -1.900869 -0.026306 0.997515 0.065355 92.841774 0.069712 -0.063388 0.995551 0.646511 0.000000 0.000000 0.000000 1.000000
0.996981 0.031530 -0.070960 -2.105146 -0.027089 0.997665 0.062694 92.817871 0.072771 -0.060583 0.995507 0.783630 0.000000 0.000000 0.000000 1.000000
0.996770 0.032157 -0.073591 -2.308719 -0.027754 0.997807 0.060095 92.792038 0.075362 -0.057859 0.995476 0.908127 0.000000 0.000000 0.000000 1.000000
0.996732 0.032180 -0.074087 -2.502151 -0.027895 0.997917 0.058168 92.763161 0.075805 -0.055912 0.995554 0.983824 0.000000 0.000000 0.000000 1.000000
0.996629 0.033031 -0.075098 -2.669596 -0.028698 0.997901 0.058059 92.742477 0.076858 -0.055708 0.995485 1.036610 0.000000 0.000000 0.000000 1.000000
0.996580 0.033884 -0.075367 -2.821876 -0.029490 0.997842 0.058664 92.729431 0.077192 -0.056241 0.995429 1.073283 0.000000 0.000000 0.000000 1.000000
0.996710 0.034357 -0.073414 -2.953722 -0.029949 0.997730 0.060321 92.732193 0.075320 -0.057923 0.995476 1.084024 0.000000 0.000000 0.000000 1.000000
0.996914 0.034487 -0.070524 -3.065041 -0.030128 0.997624 0.061957 92.740692 0.072493 -0.059641 0.995584 1.075122 0.000000 0.000000 0.000000 1.000000
0.997141 0.034097 -0.067436 -3.151590 -0.029891 0.997602 0.062420 92.747787 0.069403 -0.060226 0.995769 1.047576 0.000000 0.000000 0.000000 1.000000
0.997368 0.033492 -0.064309 -3.220554 -0.029483 0.997622 0.062305 92.752754 0.066243 -0.060245 0.995983 1.007439 0.000000 0.000000 0.000000 1.000000
0.997534 0.032897 -0.061999 -3.258542 -0.029098 0.997701 0.061208 92.745461 0.063870 -0.059253 0.996198 0.950193 0.000000 0.000000 0.000000 1.000000
0.997601 0.032544 -0.061098 -3.276129 -0.028900 0.997804 0.059605 92.729301 0.062903 -0.057697 0.996350 0.893800 0.000000 0.000000 0.000000 1.000000
0.997687 0.031912 -0.060019 -3.267232 -0.028415 0.997897 0.058251 92.729744 0.061751 -0.056411 0.996496 0.804475 0.000000 0.000000 0.000000 1.000000
0.997775 0.031235 -0.058908 -3.253202 -0.027880 0.997988 0.056943 92.733459 0.060568 -0.055174 0.996638 0.708820 0.000000 0.000000 0.000000 1.000000
0.997856 0.030627 -0.057832 -3.236507 -0.027411 0.998076 0.055610 92.739777 0.059424 -0.053906 0.996776 0.610706 0.000000 0.000000 0.000000 1.000000
0.997914 0.030392 -0.056962 -3.207314 -0.027310 0.998161 0.054127 92.758842 0.058503 -0.052459 0.996908 0.501581 0.000000 0.000000 0.000000 1.000000
0.997984 0.030164 -0.055843 -3.177858 -0.027214 0.998231 0.052867 92.779640 0.057339 -0.051240 0.997039 0.394472 0.000000 0.000000 0.000000 1.000000
0.998040 0.030375 -0.054719 -3.152578 -0.027538 0.998273 0.051887 92.797485 0.056201 -0.050278 0.997153 0.297634 0.000000 0.000000 0.000000 1.000000
0.998100 0.030057 -0.053791 -3.122663 -0.027330 0.998338 0.050733 92.800102 0.055226 -0.049167 0.997263 0.194763 0.000000 0.000000 0.000000 1.000000
0.998157 0.029657 -0.052950 -3.092398 -0.027033 0.998403 0.049596 92.799843 0.054337 -0.048073 0.997365 0.091644 0.000000 0.000000 0.000000 1.000000
0.998160 0.029518 -0.052959 -3.070443 -0.026914 0.998425 0.049224 92.799034 0.054328 -0.047708 0.997383 0.002638 0.000000 0.000000 0.000000 1.000000
0.998107 0.029680 -0.053861 -3.057049 -0.027009 0.998401 0.049650 92.798561 0.055249 -0.048101 0.997313 -0.071891 0.000000 0.000000 0.000000 1.000000
0.998032 0.029936 -0.055108 -3.046309 -0.027166 0.998362 0.050353 92.797829 0.056526 -0.048757 0.997210 -0.141848 0.000000 0.000000 0.000000 1.000000
0.997940 0.030260 -0.056567 -3.037646 -0.027367 0.998311 0.051248 92.796951 0.058022 -0.049595 0.997083 -0.208277 0.000000 0.000000 0.000000 1.000000
0.997841 0.030624 -0.058105 -3.030484 -0.027595 0.998253 0.052250 92.796082 0.059603 -0.050533 0.996942 -0.272221 0.000000 0.000000 0.000000 1.000000
0.997741 0.031000 -0.059590 -3.024244 -0.027832 0.998192 0.053272 92.795349 0.061133 -0.051493 0.996800 -0.334722 0.000000 0.000000 0.000000 1.000000
0.997652 0.031358 -0.060890 -3.018350 -0.028063 0.998134 0.054229 92.794891 0.062477 -0.052392 0.996670 -0.396824 0.000000 0.000000 0.000000 1.000000
0.997623 0.031849 -0.061114 -3.029048 -0.028464 0.998054 0.055485 92.797081 0.062762 -0.053613 0.996587 -0.433106 0.000000 0.000000 0.000000 1.000000
0.997594 0.032304 -0.061334 -3.042258 -0.028863 0.998004 0.056175 92.797180 0.063026 -0.054270 0.996535 -0.446292 0.000000 0.000000 0.000000 1.000000
0.997567 0.032748 -0.061542 -3.055900 -0.029259 0.997959 0.056764 92.796898 0.063276 -0.054826 0.996489 -0.455141 0.000000 0.000000 0.000000 1.000000
0.997551 0.033129 -0.061595 -3.068933 -0.029596 0.997911 0.057420 92.796761 0.063369 -0.055457 0.996448 -0.463872 0.000000 0.000000 0.000000 1.000000
0.997597 0.033179 -0.060823 -3.078572 -0.029623 0.997850 0.058466 92.797516 0.062632 -0.056523 0.996435 -0.473426 0.000000 0.000000 0.000000 1.000000</float_array>
        <technique_common>
          <accessor source="#mixamorig_Hips-Matrix-animation-output-transform-array" count="184" stride="16">
            <param type="float4x4"/>
          </accessor>
        </technique_common>
      </source>
      <source id="mixamorig_Hips-Interpolations">
        <Name_array id="mixamorig_Hips-Interpolations-array" count="184">
 LINEAR LINEAR LINEAR LINEAR LINEAR LINEAR LINEAR LINEAR LINEAR LINEAR LINEAR
LINEAR LINEAR LINEAR LINEAR LINEAR LINEAR LINEAR LINEAR LINEAR LINEAR LINEAR LINEAR
LINEAR LINEAR LINEAR LINEAR LINEAR LINEAR LINEAR LINEAR LINEAR LINEAR LINEAR LINEAR
LINEAR LINEAR LINEAR LINEAR LINEAR LINEAR LINEAR LINEAR LINEAR LINEAR LINEAR LINEAR
LINEAR LINEAR LINEAR LINEAR LINEAR LINEAR LINEAR LINEAR LINEAR LINEAR LINEAR LINEAR
LINEAR LINEAR LINEAR LINEAR LINEAR LINEAR LINEAR LINEAR LINEAR LINEAR LINEAR LINEAR
LINEAR LINEAR LINEAR LINEAR LINEAR LINEAR LINEAR LINEAR LINEAR LINEAR LINEAR LINEAR
LINEAR LINEAR LINEAR LINEAR LINEAR LINEAR LINEAR LINEAR LINEAR LINEAR LINEAR LINEAR
LINEAR LINEAR LINEAR LINEAR LINEAR LINEAR LINEAR LINEAR LINEAR LINEAR LINEAR LINEAR
LINEAR LINEAR LINEAR LINEAR LINEAR LINEAR LINEAR LINEAR LINEAR LINEAR LINEAR LINEAR
LINEAR LINEAR LINEAR LINEAR LINEAR LINEAR LINEAR LINEAR LINEAR LINEAR LINEAR LINEAR
LINEAR LINEAR LINEAR LINEAR LINEAR LINEAR LINEAR LINEAR LINEAR LINEAR LINEAR LINEAR
LINEAR LINEAR LINEAR LINEAR LINEAR LINEAR LINEAR LINEAR LINEAR LINEAR LINEAR LINEAR
LINEAR LINEAR LINEAR LINEAR LINEAR LINEAR LINEAR LINEAR LINEAR LINEAR LINEAR LINEAR
LINEAR LINEAR LINEAR LINEAR LINEAR LINEAR LINEAR LINEAR LINEAR LINEAR LINEAR LINEAR
LINEAR LINEAR LINEAR LINEAR LINEAR</Name_array>
        <technique_common>
          <accessor source="#mixamorig_Hips-Interpolations-array" count="184">
            <param type="name"/>
          </accessor>
        </technique_common>
      </source>
      <sampler id="mixamorig_Hips-Matrix-animation-transform">
        <input semantic="INPUT" source="#mixamorig_Hips-Matrix-animation-input"/>
        <input semantic="OUTPUT" source="#mixamorig_Hips-Matrix-animation-output-transform"/>
        <input semantic="INTERPOLATION" source="#mixamorig_Hips-Interpolations"/>
      </sampler>
      <channel source="#mixamorig_Hips-Matrix-animation-transform" target="mixamorig_Hips/matrix"/>
    </animation>
    <animation id="mixamorig_Spine-anim" name="mixamorig_Spine">
      <source id="mixamorig_Spine-Matrix-animation-input">
        <float_array id="mixamorig_Spine-Matrix-animation-input-array" count="184">

0.000000 0.033333 0.066667 0.100000 0.133333 0.166667 0.200000 0.233333 0.266667 0.300000 0.333333 0.366667 0.400000 0.433333 0.466667 0.500000
0.533333 0.566667 0.600000 0.633333 0.666667 0.700000 0.733333 0.766667 0.800000 0.833333 0.866667 0.900000 0.933333 0.966667 1.000000 1.033333
1.066667 1.100000 1.133333 1.166667 1.200000 1.233333 1.266667 1.300000 1.333333 1.366667 1.400000 1.433333 1.466667 1.500000 1.533333 1.566667
1.600000 1.633333 1.666667 1.700000 1.733333 1.766667 1.800000 1.833333 1.866667 1.900000 1.933333 1.966667 2.000000 2.033333 2.066667 2.100000
2.133333 2.166667 2.200000 2.233333 2.266667 2.300000 2.333333 2.366667 2.400000 2.433333 2.466667 2.500000 2.533333 2.566667 2.600000 2.633333
2.666667 2.700000 2.733333 2.766667 2.800000 2.833333 2.866667 2.900000 2.933333 2.966667 3.000000 3.033333 3.066667 3.100000 3.133333 3.166667
3.200000 3.233333 3.266667 3.300000 3.333333 3.366667 3.400000 3.433333 3.466667 3.500000 3.533333 3.566667 3.600000 3.633333 3.666667 3.700000
3.733333 3.766667 3.800000 3.833333 3.866667 3.900000 3.933333 3.966667 4.000000 4.033333 4.066667 4.100000 4.133333 4.166667 4.200000 4.233333
4.266667 4.300000 4.333333 4.366667 4.400000 4.433333 4.466667 4.500000 4.533333 4.566667 4.600000 4.633333 4.666667 4.700000 4.733333 4.766667
4.800000 4.833333 4.866667 4.900000 4.933333 4.966667 5.000000 5.033333 5.066667 5.100000 5.133333 5.166667 5.200000 5.233333 5.266667 5.300000
5.333333 5.366667 5.400000 5.433333 5.466667 5.500000 5.533333 5.566667 5.600000 5.633333 5.666667 5.700000 5.733333 5.766667 5.800000 5.833333
5.866667 5.900000 5.933333 5.966667 6.000000 6.033333 6.066667 6.100000</float_array>
        <technique_common>
          <accessor source="#mixamorig_Spine-Matrix-animation-input-array" count="184">
            <param name="TIME" type="float"/>
          </accessor>
        </technique_common>
      </source>
      <source id="mixamorig_Spine-Matrix-animation-output-transform">
        <float_array id="mixamorig_Spine-Matrix-animation-output-transform-array" count="2944">

0.999231 -0.038751 -0.005954 0.000000 0.038987 0.998156 0.046530 10.573600 0.004140 -0.046726 0.998899 -0.649400 0.000000 0.000000 0.000000 1.000000
0.999227 -0.038870 -0.005928 -0.000000 0.039103 0.998167 0.046191 10.573600 0.004122 -0.046387 0.998915 -0.649400 0.000000 0.000000 0.000000 1.000000
0.999220 -0.039040 -0.005949 0.000000 0.039271 0.998189 0.045565 10.573600 0.004160 -0.045763 0.998944 -0.649400 0.000000 0.000000 0.000000 1.000000
0.999207 -0.039341 -0.006084 0.000000 0.039573 0.998231 0.044378 10.573600 0.004328 -0.044584 0.998996 -0.649400 0.000000 0.000000 0.000000 1.000000
0.999192 -0.039697 -0.006263 0.000000 0.039930 0.998276 0.043010 10.573600 0.004545 -0.043225 0.999055 -0.649400 0.000000 0.000000 0.000000 1.000000
0.999178 -0.040022 -0.006422 0.000000 0.040255 0.998324 0.041573 10.573600 0.004748 -0.041797 0.999115 -0.649400 0.000000 0.000000 0.000000 1.000000
0.999169 -0.040233 -0.006500 0.000000 0.040462 0.998373 0.040180 10.573600 0.004873 -0.040410 0.999171 -0.649400 0.000000 0.000000 0.000000 1.000000
0.999167 -0.040299 -0.006485 0.000000 0.040521 0.998424 0.038836 10.573600 0.004909 -0.039066 0.999225 -0.649400 0.000000 0.000000 0.000000 1.000000
0.999168 -0.040279 -0.006418 0.000000 0.040492 0.998477 0.037482 10.573600 0.004899 -0.037710 0.999277 -0.649400 0.000000 0.000000 0.000000 1.000000
0.999171 -0.040217 -0.006320 -0.000000 0.040420 0.998529 0.036139 10.573600 0.004857 -0.036365 0.999327 -0.649400 0.000000 0.000000 0.000000 1.000000
0.999174 -0.040161 -0.006209 -0.000000 0.040353 0.998578 0.034830 10.573600 0.004802 -0.035052 0.999374 -0.649400 0.000000 0.000000 0.000000 1.000000
0.999175 -0.040153 -0.006105 0.000000 0.040336 0.998622 0.033578 10.573600 0.004748 -0.033796 0.999417 -0.649400 0.000000 0.000000 0.000000 1.000000
0.999165 -0.040431 -0.005929 -0.000000 0.040605 0.998634 0.032875 10.573600 0.004592 -0.033088 0.999442 -0.649400 0.000000 0.000000 0.000000 1.000000
0.999151 -0.040768 -0.006015 -0.000000 0.040941 0.998641 0.032247 10.573600 0.004692 -0.032466 0.999462 -0.649400 0.000000 0.000000 0.000000 1.000000
0.999136 -0.041107 -0.006144 0.000000 0.041281 0.998646 0.031652 10.573600 0.004835 -0.031878 0.999480 -0.649400 0.000000 0.000000 0.000000 1.000000
0.999128 -0.041291 -0.006187 0.000000 0.041465 0.998648 0.031366 10.573600 0.004883 -0.031595 0.999489 -0.649400 0.000000 0.000000 0.000000 1.000000
0.999127 -0.041323 -0.006127 0.000000 0.041496 0.998645 0.031389 10.573600 0.004822 -0.031616 0.999488 -0.649400 0.000000 0.000000 0.000000 1.000000
0.999128 -0.041318 -0.006042 0.000000 0.041488 0.998642 0.031515 10.573600 0.004732 -0.031739 0.999485 -0.649400 0.000000 0.000000 0.000000 1.000000
0.999130 -0.041281 -0.005938 0.000000 0.041449 0.998637 0.031710 10.573600 0.004621 -0.031929 0.999479 -0.649400 0.000000 0.000000 0.000000 1.000000
0.999133 -0.041221 -0.005824 0.000000 0.041387 0.998633 0.031938 10.573600 0.004499 -0.032152 0.999473 -0.649400 0.000000 0.000000 0.000000 1.000000
0.999137 -0.041146 -0.005706 -0.000000 0.041309 0.998629 0.032165 10.573600 0.004375 -0.032373 0.999466 -0.649400 0.000000 0.000000 0.000000 1.000000
0.999141 -0.041062 -0.005593 0.000000 0.041222 0.998626 0.032356 10.573600 0.004256 -0.032559 0.999461 -0.649400 0.000000 0.000000 0.000000 1.000000
0.999145 -0.040978 -0.005491 -0.000000 0.041135 0.998626 0.032476 10.573600 0.004153 -0.032674 0.999457 -0.649400 0.000000 0.000000 0.000000 1.000000
0.999159 -0.040634 -0.005442 0.000000 0.040787 0.998657 0.031952 10.573600 0.004136 -0.032147 0.999475 -0.649400 0.000000 0.000000 0.000000 1.000000
0.999185 -0.040012 -0.005289 0.000000 0.040156 0.998718 0.030817 10.573600 0.004049 -0.031004 0.999511 -0.649400 0.000000 0.000000 0.000000 1.000000
0.999221 -0.039127 -0.005071 0.000000 0.039257 0.998814 0.028790 10.573600 0.003938 -0.028966 0.999573 -0.649400 0.000000 0.000000 0.000000 1.000000
0.999252 -0.038360 -0.004981 0.000000 0.038472 0.998951 0.024836 10.573600 0.004023 -0.025009 0.999679 -0.649400 0.000000 0.000000 0.000000 1.000000
0.999276 -0.037693 -0.005115 0.000000 0.037788 0.999087 0.019954 10.573600 0.004358 -0.020133 0.999788 -0.649400 0.000000 0.000000 0.000000 1.000000
0.999280 -0.037420 -0.006214 0.000000 0.037495 0.999220 0.012355 10.573600 0.005747 -0.012579 0.999904 -0.649400 0.000000 0.000000 0.000000 1.000000
0.999277 -0.037154 -0.008074 0.000000 0.037182 0.999303 0.003295 10.573600 0.007946 -0.003593 0.999962 -0.649400 0.000000 0.000000 0.000000 1.000000
0.999283 -0.036514 -0.010056 0.000000 0.036452 0.999316 -0.006285 10.573600 0.010278 0.005914 0.999930 -0.649400 0.000000 0.000000 0.000000 1.000000
0.999307 -0.035288 -0.011822 0.000000 0.035098 0.999258 -0.015873 10.573600 0.012374 0.015447 0.999804 -0.649400 0.000000 0.000000 0.000000 1.000000
0.999343 -0.033442 -0.013958 -0.000000 0.033070 0.999113 -0.026059 10.573600 0.014817 0.025581 0.999563 -0.649400 0.000000 0.000000 0.000000 1.000000
0.999382 -0.030817 -0.016927 0.000000 0.030155 0.998819 -0.038092 10.573600 0.018081 0.037558 0.999131 -0.649400 0.000000 0.000000 0.000000 1.000000
0.999453 -0.027368 -0.018571 -0.000000 0.026299 0.998109 -0.055564 10.573600 0.020057 0.055045 0.998282 -0.649400 0.000000 0.000000 0.000000 1.000000
0.999510 -0.023879 -0.020252 0.000000 0.022324 0.997024 -0.073784 10.573600 0.021953 0.073296 0.997069 -0.649400 0.000000 0.000000 0.000000 1.000000
0.999557 -0.020346 -0.021726 0.000000 0.018260 0.995568 -0.092254 10.573600 0.023507 0.091816 0.995498 -0.649400 0.000000 0.000000 0.000000 1.000000
0.999601 -0.016747 -0.022745 0.000000 0.014135 0.993778 -0.110483 10.573600 0.024454 0.110117 0.993618 -0.649400 0.000000 0.000000 0.000000 1.000000
0.999738 -0.012024 -0.019482 0.000000 0.009430 0.991712 -0.128132 10.573600 0.020861 0.127915 0.991566 -0.649400 0.000000 0.000000 0.000000 1.000000
0.999777 -0.009745 -0.018751 0.000000 0.006837 0.988762 -0.149343 10.573600 0.019996 0.149181 0.988608 -0.649400 0.000000 0.000000 0.000000 1.000000
0.999794 -0.008292 -0.018521 -0.000000 0.004986 0.985099 -0.171914 10.573600 0.019671 0.171786 0.984938 -0.649400 0.000000 0.000000 0.000000 1.000000
0.999802 -0.008462 -0.018001 0.000000 0.004732 0.980201 -0.197951 10.573600 0.019320 0.197826 0.980047 -0.649400 0.000000 0.000000 0.000000 1.000000
0.999914 0.000074 -0.013102 0.000000 -0.003046 0.973902 -0.226950 10.573600 0.012743 0.226970 0.973818 -0.649400 0.000000 0.000000 0.000000 1.000000
0.999855 0.015669 -0.006601 0.000000 -0.016844 0.965732 -0.258995 10.573600 0.002316 0.259069 0.965856 -0.649400 0.000000 0.000000 0.000000 1.000000
0.999564 0.029470 -0.001676 0.000000 -0.028694 0.956785 -0.289378 10.573600 -0.006924 0.289300 0.957213 -0.649400 0.000000 0.000000 0.000000 1.000000
0.999378 0.035257 0.000878 -0.000000 -0.033205 0.949013 -0.313483 10.573600 -0.011886 0.313259 0.949593 -0.649400 0.000000 0.000000 0.000000 1.000000
0.999405 0.034471 0.001265 -0.000000 -0.032052 0.941568 -0.335294 10.573600 -0.012750 0.335054 0.942113 -0.649400 0.000000 0.000000 0.000000 1.000000
0.999661 0.025999 -0.001387 0.000000 -0.024770 0.933293 -0.358261 10.573600 -0.008020 0.358174 0.933621 -0.649400 0.000000 0.000000 0.000000 1.000000
0.999923 0.011303 -0.005041 -0.000000 -0.012371 0.925047 -0.379650 10.573600 0.000372 0.379683 0.925116 -0.649400 0.000000 0.000000 0.000000 1.000000
0.999910 -0.010520 -0.008380 0.000000 0.006300 0.916845 -0.399194 10.573600 0.011883 0.399105 0.916828 -0.649400 0.000000 0.000000 0.000000 1.000000
0.999399 -0.032778 -0.011308 0.000000 0.025177 0.910233 -0.413330 10.573600 0.023841 0.412797 0.910511 -0.649400 0.000000 0.000000 0.000000 1.000000
0.998634 -0.050256 -0.014314 0.000000 0.039612 0.906712 -0.419886 10.573600 0.034080 0.418745 0.907464 -0.649400 0.000000 0.000000 0.000000 1.000000
0.997684 -0.065748 -0.017427 0.000000 0.052234 0.904703 -0.422830 10.573600 0.043566 0.420940 0.906042 -0.649400 0.000000 0.000000 0.000000 1.000000
0.996842 -0.076839 -0.020033 -0.000000 0.061214 0.904295 -0.422497 10.573600 0.050580 0.419937 0.906143 -0.649400 0.000000 0.000000 0.000000 1.000000
0.996690 -0.078331 -0.021769 0.000000 0.062293 0.907850 -0.414642 10.573600 0.052242 0.411914 0.909724 -0.649400 0.000000 0.000000 0.000000 1.000000
0.997068 -0.073199 -0.022298 -0.000000 0.058028 0.913247 -0.403252 10.573600 0.049881 0.400776 0.914817 -0.649400 0.000000 0.000000 0.000000 1.000000
0.997923 -0.061450 -0.019332 0.000000 0.048796 0.916983 -0.395930 10.573600 0.042057 0.394164 0.918077 -0.649400 0.000000 0.000000 0.000000 1.000000
0.998486 -0.051381 -0.019653 0.000000 0.039911 0.922468 -0.384004 10.573600 0.037859 0.382638 0.923122 -0.649400 0.000000 0.000000 0.000000 1.000000
0.998941 -0.041310 -0.020254 0.000000 0.030834 0.927852 -0.371672 10.573600 0.034147 0.370654 0.928143 -0.649400 0.000000 0.000000 0.000000 1.000000
0.999292 -0.031425 -0.020688 0.000000 0.021913 0.933103 -0.358941 10.573600 0.030584 0.358234 0.933131 -0.649400 0.000000 0.000000 0.000000 1.000000
0.999549 -0.021939 -0.020516 0.000000 0.013494 0.938201 -0.345828 10.573600 0.026836 0.345395 0.938074 -0.649400 0.000000 0.000000 0.000000 1.000000
0.999728 -0.013088 -0.019314 -0.000000 0.005926 0.943135 -0.332358 10.573600 0.022566 0.332153 0.942956 -0.649400 0.000000 0.000000 0.000000 1.000000
0.999877 -0.010809 -0.011384 -0.000000 0.006682 0.949260 -0.314422 10.573600 0.014205 0.314307 0.949215 -0.649400 0.000000 0.000000 0.000000 1.000000
0.999943 -0.009895 -0.004119 -0.000000 0.008227 0.954930 -0.296717 10.573600 0.006870 0.296666 0.954957 -0.649400 0.000000 0.000000 0.000000 1.000000
0.999933 -0.011588 -0.000481 0.000000 0.010999 0.960643 -0.277570 10.573600 0.003679 0.277546 0.960705 -0.649400 0.000000 0.000000 0.000000 1.000000
0.999882 -0.015348 -0.000631 -0.000000 0.014676 0.966645 -0.255699 10.573600 0.004535 0.255659 0.966756 -0.649400 0.000000 0.000000 0.000000 1.000000
0.999816 -0.019074 -0.001988 -0.000000 0.018087 0.972326 -0.232926 10.573600 0.006375 0.232847 0.972492 -0.649400 0.000000 0.000000 0.000000 1.000000
0.999753 -0.021772 -0.004428 0.000000 0.020365 0.977691 -0.209059 10.573600 0.008881 0.208917 0.977893 -0.649400 0.000000 0.000000 0.000000 1.000000
0.999698 -0.023654 -0.006629 0.000000 0.022014 0.982386 -0.185564 10.573600 0.010902 0.185362 0.982610 -0.649400 0.000000 0.000000 0.000000 1.000000
0.999674 -0.024530 -0.007102 0.000000 0.023031 0.986158 -0.164201 10.573600 0.011031 0.163984 0.986401 -0.649400 0.000000 0.000000 0.000000 1.000000
0.999663 -0.025208 -0.006158 0.000000 0.024059 0.989288 -0.143979 10.573600 0.009722 0.143782 0.989562 -0.649400 0.000000 0.000000 0.000000 1.000000
0.999643 -0.026542 -0.003220 0.000000 0.025936 0.991896 -0.124381 10.573600 0.006495 0.124253 0.992229 -0.649400 0.000000 0.000000 0.000000 1.000000
0.999602 -0.028196 0.000247 0.000000 0.028065 0.994004 -0.105677 10.573600 0.002734 0.105642 0.994400 -0.649400 0.000000 0.000000 0.000000 1.000000
0.999548 -0.029892 0.003232 0.000000 0.030060 0.995721 -0.087387 10.573600 -0.000606 0.087445 0.996169 -0.649400 0.000000 0.000000 0.000000 1.000000
0.999480 -0.031859 0.005003 0.000000 0.032135 0.996938 -0.071287 10.573600 -0.002717 0.071411 0.997443 -0.649400 0.000000 0.000000 0.000000 1.000000
0.999404 -0.034278 0.004043 0.000000 0.034458 0.997618 -0.059749 10.573600 -0.001985 0.059853 0.998205 -0.649400 0.000000 0.000000 0.000000 1.000000
0.999324 -0.036733 0.001728 0.000000 0.036774 0.998044 -0.050558 10.573600 0.000133 0.050587 0.998720 -0.649400 0.000000 0.000000 0.000000 1.000000
0.999247 -0.038741 -0.001947 0.000000 0.038618 0.998287 -0.043960 10.573600 0.003647 0.043852 0.999031 -0.649400 0.000000 0.000000 0.000000 1.000000
0.999191 -0.039733 -0.006158 0.000000 0.039473 0.998505 -0.037805 10.573600 0.007651 0.037532 0.999266 -0.649400 0.000000 0.000000 0.000000 1.000000
0.999154 -0.039841 -0.010180 0.000000 0.039507 0.998734 -0.031127 10.573600 0.011407 0.030699 0.999464 -0.649400 0.000000 0.000000 0.000000 1.000000
0.999126 -0.039702 -0.013064 0.000000 0.039387 0.998946 -0.023580 10.573600 0.013987 0.023045 0.999637 -0.649400 0.000000 0.000000 0.000000 1.000000
0.999102 -0.039872 -0.014301 -0.000000 0.039657 0.999100 -0.015034 10.573600 0.014888 0.014454 0.999785 -0.649400 0.000000 0.000000 0.000000 1.000000
0.999037 -0.041753 -0.013465 0.000000 0.041703 0.999122 -0.004008 10.573600 0.013620 0.003442 0.999901 -0.649400 0.000000 0.000000 0.000000 1.000000
0.998960 -0.043859 -0.012441 -0.000000 0.043952 0.999007 0.007284 10.573600 0.012109 -0.007823 0.999896 -0.649400 0.000000 0.000000 0.000000 1.000000
0.998873 -0.046088 -0.011356 0.000000 0.046295 0.998752 0.018728 10.573600 0.010479 -0.019232 0.999760 -0.649400 0.000000 0.000000 0.000000 1.000000
0.998778 -0.048334 -0.010333 0.000000 0.048626 0.998360 0.030207 10.573600 0.008856 -0.030672 0.999490 -0.649400 0.000000 0.000000 0.000000 1.000000
0.998680 -0.050485 -0.009488 0.000000 0.050838 0.997840 0.041604 10.573600 0.007367 -0.042032 0.999089 -0.649400 0.000000 0.000000 0.000000 1.000000
0.998607 -0.051931 -0.009378 0.000000 0.052356 0.997229 0.052856 10.573600 0.006608 -0.053273 0.998558 -0.649400 0.000000 0.000000 0.000000 1.000000
0.998537 -0.053169 -0.009853 -0.000000 0.053686 0.996569 0.062986 10.573600 0.006470 -0.063422 0.997966 -0.649400 0.000000 0.000000 0.000000 1.000000
0.998449 -0.054671 -0.010529 0.000000 0.055287 0.995897 0.071642 10.573600 0.006569 -0.072113 0.997375 -0.649400 0.000000 0.000000 0.000000 1.000000
0.998360 -0.056151 -0.011124 0.000000 0.056858 0.995229 0.079285 10.573600 0.006619 -0.079788 0.996790 -0.649400 0.000000 0.000000 0.000000 1.000000
0.998284 -0.057431 -0.011415 0.000000 0.058197 0.994658 0.085253 10.573600 0.006458 -0.085771 0.996294 -0.649400 0.000000 0.000000 0.000000 1.000000
0.998212 -0.058664 -0.011448 0.000000 0.059459 0.994152 0.090142 10.573600 0.006093 -0.090661 0.995863 -0.649400 0.000000 0.000000 0.000000 1.000000
0.998135 -0.060038 -0.011084 -0.000000 0.060820 0.993650 0.094663 10.573600 0.005331 -0.095160 0.995448 -0.649400 0.000000 0.000000 0.000000 1.000000
0.998064 -0.061275 -0.010672 0.000000 0.062026 0.993270 0.097811 10.573600 0.004607 -0.098284 0.995148 -0.649400 0.000000 0.000000 0.000000 1.000000
0.998003 -0.062300 -0.010398 0.000000 0.063027 0.993021 0.099685 10.573600 0.004115 -0.100141 0.994965 -0.649400 0.000000 0.000000 0.000000 1.000000
0.997944 -0.063289 -0.010113 0.000000 0.063989 0.992803 0.101226 10.573600 0.003634 -0.101665 0.994812 -0.649400 0.000000 0.000000 0.000000 1.000000
0.997892 -0.064121 -0.009982 -0.000000 0.064805 0.992674 0.101971 10.573600 0.003371 -0.102403 0.994737 -0.649400 0.000000 0.000000 0.000000 1.000000
0.997855 -0.064669 -0.010170 0.000000 0.065368 0.992690 0.101458 10.573600 0.003535 -0.101905 0.994788 -0.649400 0.000000 0.000000 0.000000 1.000000
0.997839 -0.064739 -0.011217 0.000000 0.065528 0.993039 0.097873 10.573600 0.004803 -0.098396 0.995136 -0.649400 0.000000 0.000000 0.000000 1.000000
0.997843 -0.064398 -0.012734 0.000000 0.065301 0.993586 0.092322 10.573600 0.006707 -0.092954 0.995648 -0.649400 0.000000 0.000000 0.000000 1.000000
0.997866 -0.063880 -0.013485 -0.000000 0.064828 0.993944 0.088726 10.573600 0.007735 -0.089411 0.995965 -0.649400 0.000000 0.000000 0.000000 1.000000
0.997901 -0.063341 -0.013436 0.000000 0.064277 0.994096 0.087418 10.573600 0.007819 -0.088098 0.996081 -0.649400 0.000000 0.000000 0.000000 1.000000
0.997936 -0.062799 -0.013384 0.000000 0.063722 0.994245 0.086116 10.573600 0.007899 -0.086791 0.996195 -0.649400 0.000000 0.000000 0.000000 1.000000
0.997971 -0.062254 -0.013329 0.000000 0.063164 0.994392 0.084820 10.573600 0.007974 -0.085490 0.996307 -0.649400 0.000000 0.000000 0.000000 1.000000
0.998006 -0.061706 -0.013272 0.000000 0.062602 0.994537 0.083531 10.573600 0.008045 -0.084195 0.996417 -0.649400 0.000000 0.000000 0.000000 1.000000
0.998041 -0.061154 -0.013212 0.000000 0.062037 0.994679 0.082247 10.573600 0.008111 -0.082906 0.996524 -0.649400 0.000000 0.000000 0.000000 1.000000
0.998076 -0.060600 -0.013149 0.000000 0.061469 0.994819 0.080970 10.573600 0.008174 -0.081622 0.996630 -0.649400 0.000000 0.000000 0.000000 1.000000
0.998110 -0.060043 -0.013084 0.000000 0.060898 0.994957 0.079698 10.573600 0.008232 -0.080344 0.996733 -0.649400 0.000000 0.000000 0.000000 1.000000
0.998144 -0.059484 -0.013016 0.000000 0.060325 0.995092 0.078433 10.573600 0.008287 -0.079073 0.996834 -0.649400 0.000000 0.000000 0.000000 1.000000
0.998179 -0.058923 -0.012946 0.000000 0.059749 0.995226 0.077175 10.573600 0.008337 -0.077808 0.996934 -0.649400 0.000000 0.000000 0.000000 1.000000
0.998213 -0.058359 -0.012874 -0.000000 0.059171 0.995356 0.075922 10.573600 0.008384 -0.076549 0.997031 -0.649400 0.000000 0.000000 0.000000 1.000000
0.998246 -0.057794 -0.012800 0.000000 0.058591 0.995485 0.074677 10.573600 0.008426 -0.075296 0.997126 -0.649400 0.000000 0.000000 0.000000 1.000000
0.998280 -0.057226 -0.012724 0.000000 0.058009 0.995611 0.073437 10.573600 0.008466 -0.074049 0.997219 -0.649400 0.000000 0.000000 0.000000 1.000000
0.998314 -0.056657 -0.012646 -0.000000 0.057426 0.995735 0.072205 10.573600 0.008501 -0.072809 0.997310 -0.649400 0.000000 0.000000 0.000000 1.000000
0.998347 -0.056087 -0.012567 -0.000000 0.056840 0.995857 0.070978 10.573600 0.008534 -0.071575 0.997399 -0.649400 0.000000 0.000000 0.000000 1.000000
0.998380 -0.055515 -0.012485 0.000000 0.056254 0.995977 0.069759 10.573600 0.008562 -0.070348 0.997486 -0.649400 0.000000 0.000000 0.000000 1.000000
0.998413 -0.054942 -0.012402 0.000000 0.055666 0.996094 0.068546 10.573600 0.008588 -0.069128 0.997571 -0.649400 0.000000 0.000000 0.000000 1.000000
0.998445 -0.054368 -0.012318 0.000000 0.055077 0.996209 0.067340 10.573600 0.008610 -0.067914 0.997654 -0.649400 0.000000 0.000000 0.000000 1.000000
0.998477 -0.053793 -0.012232 0.000000 0.054487 0.996321 0.066141 10.573600 0.008629 -0.066707 0.997735 -0.649400 0.000000 0.000000 0.000000 1.000000
0.998509 -0.053217 -0.012145 0.000000 0.053897 0.996432 0.064949 10.573600 0.008646 -0.065507 0.997815 -0.649400 0.000000 0.000000 0.000000 1.000000
0.998541 -0.052641 -0.012057 -0.000000 0.053306 0.996540 0.063764 10.573600 0.008659 -0.064313 0.997892 -0.649400 0.000000 0.000000 0.000000 1.000000
0.998572 -0.052065 -0.011968 0.000000 0.052714 0.996647 0.062586 10.573600 0.008669 -0.063127 0.997968 -0.649400 0.000000 0.000000 0.000000 1.000000
0.998603 -0.051488 -0.011878 0.000000 0.052123 0.996750 0.061414 10.573600 0.008677 -0.061948 0.998042 -0.649400 0.000000 0.000000 0.000000 1.000000
0.998634 -0.050911 -0.011786 0.000000 0.051532 0.996852 0.060250 10.573600 0.008682 -0.060776 0.998114 -0.649400 0.000000 0.000000 0.000000 1.000000
0.998664 -0.050335 -0.011694 0.000000 0.050941 0.996952 0.059094 10.573600 0.008684 -0.059610 0.998184 -0.649400 0.000000 0.000000 0.000000 1.000000
0.998694 -0.049759 -0.011601 0.000000 0.050350 0.997049 0.057944 10.573600 0.008684 -0.058453 0.998252 -0.649400 0.000000 0.000000 0.000000 1.000000
0.998723 -0.049183 -0.011508 0.000000 0.049760 0.997145 0.056802 10.573600 0.008681 -0.057302 0.998319 -0.649400 0.000000 0.000000 0.000000 1.000000
0.998753 -0.048608 -0.011413 0.000000 0.049170 0.997238 0.055667 10.573600 0.008676 -0.056159 0.998384 -0.649400 0.000000 0.000000 0.000000 1.000000
0.998782 -0.048034 -0.011319 0.000000 0.048582 0.997329 0.054540 10.573600 0.008669 -0.055024 0.998447 -0.649400 0.000000 0.000000 0.000000 1.000000
0.998810 -0.047460 -0.011224 0.000000 0.047995 0.997418 0.053420 10.573600 0.008659 -0.053895 0.998509 -0.649400 0.000000 0.000000 0.000000 1.000000
0.998838 -0.046888 -0.011128 -0.000000 0.047409 0.997505 0.052308 10.573600 0.008648 -0.052775 0.998569 -0.649400 0.000000 0.000000 0.000000 1.000000
0.998866 -0.046318 -0.011033 -0.000000 0.046824 0.997590 0.051203 10.573600 0.008634 -0.051662 0.998627 -0.649400 0.000000 0.000000 0.000000 1.000000
0.998893 -0.045748 -0.010937 0.000000 0.046241 0.997673 0.050107 10.573600 0.008619 -0.050557 0.998684 -0.649400 0.000000 0.000000 0.000000 1.000000
0.998920 -0.045181 -0.010841 -0.000000 0.045660 0.997754 0.049018 10.573600 0.008602 -0.049460 0.998739 -0.649400 0.000000 0.000000 0.000000 1.000000
0.998946 -0.044615 -0.010745 0.000000 0.045081 0.997833 0.047936 10.573600 0.008583 -0.048370 0.998793 -0.649400 0.000000 0.000000 0.000000 1.000000
0.998973 -0.044051 -0.010649 0.000000 0.044504 0.997909 0.046863 10.573600 0.008562 -0.047289 0.998845 -0.649400 0.000000 0.000000 0.000000 1.000000
0.998998 -0.043490 -0.010553 0.000000 0.043930 0.997984 0.045797 10.573600 0.008540 -0.046215 0.998895 -0.649400 0.000000 0.000000 0.000000 1.000000
0.999023 -0.042931 -0.010457 0.000000 0.043358 0.998057 0.044740 10.573600 0.008516 -0.045150 0.998944 -0.649400 0.000000 0.000000 0.000000 1.000000
0.999048 -0.042374 -0.010362 0.000000 0.042788 0.998128 0.043691 10.573600 0.008491 -0.044092 0.998991 -0.649400 0.000000 0.000000 0.000000 1.000000
0.999072 -0.041820 -0.010267 0.000000 0.042222 0.998198 0.042649 10.573600 0.008465 -0.043043 0.999037 -0.649400 0.000000 0.000000 0.000000 1.000000
0.999096 -0.041269 -0.010172 -0.000000 0.041659 0.998265 0.041616 10.573600 0.008437 -0.042003 0.999082 -0.649400 0.000000 0.000000 0.000000 1.000000
0.999120 -0.040721 -0.010078 0.000000 0.041099 0.998330 0.040592 10.573600 0.008408 -0.040970 0.999125 -0.649400 0.000000 0.000000 0.000000 1.000000
0.999143 -0.040177 -0.009985 0.000000 0.040542 0.998394 0.039575 10.573600 0.008379 -0.039946 0.999167 -0.649400 0.000000 0.000000 0.000000 1.000000
0.999165 -0.039635 -0.009892 -0.000000 0.039989 0.998456 0.038567 10.573600 0.008348 -0.038931 0.999207 -0.649400 0.000000 0.000000 0.000000 1.000000
0.999187 -0.039098 -0.009800 0.000000 0.039440 0.998515 0.037568 10.573600 0.008316 -0.037924 0.999246 -0.649400 0.000000 0.000000 0.000000 1.000000
0.999209 -0.038564 -0.009708 -0.000000 0.038895 0.998574 0.036577 10.573600 0.008284 -0.036925 0.999284 -0.649400 0.000000 0.000000 0.000000 1.000000
0.999230 -0.038034 -0.009618 0.000000 0.038354 0.998630 0.035594 10.573600 0.008251 -0.035936 0.999320 -0.649400 0.000000 0.000000 0.000000 1.000000
0.999251 -0.037508 -0.009528 0.000000 0.037817 0.998685 0.034620 10.573600 0.008217 -0.034955 0.999355 -0.649400 0.000000 0.000000 0.000000 1.000000
0.999271 -0.036986 -0.009440 -0.000000 0.037285 0.998738 0.033655 10.573600 0.008183 -0.033983 0.999389 -0.649400 0.000000 0.000000 0.000000 1.000000
0.999291 -0.036469 -0.009352 0.000000 0.036757 0.998789 0.032699 10.573600 0.008148 -0.033020 0.999421 -0.649400 0.000000 0.000000 0.000000 1.000000
0.999310 -0.035957 -0.009266 0.000000 0.036234 0.998839 0.031752 10.573600 0.008113 -0.032066 0.999453 -0.649400 0.000000 0.000000 0.000000 1.000000
0.999248 -0.038041 -0.007508 0.000000 0.038317 0.998431 0.040832 10.573600 0.005943 -0.041089 0.999138 -0.649400 0.000000 0.000000 0.000000 1.000000
0.999209 -0.039342 -0.005744 -0.000000 0.039579 0.997985 0.049591 10.573600 0.003781 -0.049779 0.998753 -0.649400 0.000000 0.000000 0.000000 1.000000
0.999175 -0.040416 -0.004046 0.000000 0.040582 0.997499 0.057863 10.573600 0.001698 -0.057979 0.998316 -0.649400 0.000000 0.000000 0.000000 1.000000
0.999155 -0.041027 -0.002625 0.000000 0.041111 0.997101 0.064020 10.573600 -0.000009 -0.064074 0.997945 -0.649400 0.000000 0.000000 0.000000 1.000000
0.999111 -0.042140 -0.001553 0.000000 0.042149 0.996852 0.067157 10.573600 -0.001282 -0.067163 0.997741 -0.649400 0.000000 0.000000 0.000000 1.000000
0.999067 -0.043186 -0.000913 0.000000 0.043146 0.996685 0.068971 10.573600 -0.002069 -0.068946 0.997618 -0.649400 0.000000 0.000000 0.000000 1.000000
0.999039 -0.043821 -0.001238 0.000000 0.043802 0.996661 0.068912 10.573600 -0.001786 -0.068900 0.997622 -0.649400 0.000000 0.000000 0.000000 1.000000
0.999022 -0.044187 -0.001874 -0.000000 0.044212 0.996689 0.068234 10.573600 -0.001148 -0.068250 0.997668 -0.649400 0.000000 0.000000 0.000000 1.000000
0.999019 -0.044217 -0.002313 0.000000 0.044272 0.996693 0.068141 10.573600 -0.000707 -0.068177 0.997673 -0.649400 0.000000 0.000000 0.000000 1.000000
0.999019 -0.044206 -0.002670 -0.000000 0.044285 0.996686 0.068235 10.573600 -0.000356 -0.068286 0.997666 -0.649400 0.000000 0.000000 0.000000 1.000000
0.998996 -0.044711 -0.002692 0.000000 0.044790 0.996625 0.068798 10.573600 -0.000393 -0.068850 0.997627 -0.649400 0.000000 0.000000 0.000000 1.000000
0.998960 -0.045545 -0.002266 0.000000 0.045593 0.996547 0.069388 10.573600 -0.000902 -0.069419 0.997587 -0.649400 0.000000 0.000000 0.000000 1.000000
0.998937 -0.046056 -0.002019 0.000000 0.046085 0.996558 0.068909 10.573600 -0.001162 -0.068928 0.997621 -0.649400 0.000000 0.000000 0.000000 1.000000
0.998917 -0.046501 -0.001812 0.000000 0.046517 0.996585 0.068220 10.573600 -0.001366 -0.068231 0.997669 -0.649400 0.000000 0.000000 0.000000 1.000000
0.998899 -0.046887 -0.001734 0.000000 0.046897 0.996624 0.067390 10.573600 -0.001432 -0.067397 0.997725 -0.649400 0.000000 0.000000 0.000000 1.000000
0.998893 -0.046976 -0.002324 0.000000 0.047027 0.996720 0.065868 10.573600 -0.000778 -0.065904 0.997826 -0.649400 0.000000 0.000000 0.000000 1.000000
0.998886 -0.047090 -0.003143 0.000000 0.047194 0.996808 0.064398 10.573600 0.000100 -0.064475 0.997919 -0.649400 0.000000 0.000000 0.000000 1.000000
0.998884 -0.047051 -0.004194 0.000000 0.047222 0.996886 0.063147 10.573600 0.001210 -0.063275 0.997995 -0.649400 0.000000 0.000000 0.000000 1.000000
0.998915 -0.046280 -0.005127 0.000000 0.046510 0.996988 0.062056 10.573600 0.002239 -0.062227 0.998060 -0.649400 0.000000 0.000000 0.000000 1.000000
0.998951 -0.045384 -0.006016 0.000000 0.045667 0.997093 0.060997 10.573600 0.003230 -0.061208 0.998120 -0.649400 0.000000 0.000000 0.000000 1.000000
0.998981 -0.044663 -0.006540 -0.000000 0.044975 0.997186 0.059978 10.573600 0.003843 -0.060211 0.998178 -0.649400 0.000000 0.000000 0.000000 1.000000
0.999002 -0.044165 -0.006681 -0.000000 0.044483 0.997268 0.058980 10.573600 0.004058 -0.059218 0.998237 -0.649400 0.000000 0.000000 0.000000 1.000000
0.999021 -0.043731 -0.006672 0.000000 0.044045 0.997345 0.057987 10.573600 0.004118 -0.058225 0.998295 -0.649400 0.000000 0.000000 0.000000 1.000000
0.999039 -0.043340 -0.006572 0.000000 0.043645 0.997419 0.057004 10.573600 0.004084 -0.057236 0.998352 -0.649400 0.000000 0.000000 0.000000 1.000000
0.999056 -0.042972 -0.006440 0.000000 0.043265 0.997491 0.056033 10.573600 0.004016 -0.056259 0.998408 -0.649400 0.000000 0.000000 0.000000 1.000000
0.999072 -0.042606 -0.006336 0.000000 0.042891 0.997560 0.055079 10.573600 0.003974 -0.055300 0.998462 -0.649400 0.000000 0.000000 0.000000 1.000000
0.999088 -0.042223 -0.006318 0.000000 0.042504 0.997628 0.054144 10.573600 0.004017 -0.054364 0.998513 -0.649400 0.000000 0.000000 0.000000 1.000000
0.999099 -0.041883 -0.006845 0.000000 0.042190 0.997675 0.053516 10.573600 0.004588 -0.053756 0.998544 -0.649400 0.000000 0.000000 0.000000 1.000000
0.999094 -0.042018 -0.006741 0.000000 0.042321 0.997644 0.053995 10.573600 0.004456 -0.054231 0.998518 -0.649400 0.000000 0.000000 0.000000 1.000000
0.999086 -0.042243 -0.006520 -0.000000 0.042537 0.997597 0.054681 10.573600 0.004194 -0.054908 0.998483 -0.649400 0.000000 0.000000 0.000000 1.000000
0.999077 -0.042478 -0.006316 0.000000 0.042763 0.997551 0.055342 10.573600 0.003950 -0.055561 0.998447 -0.649400 0.000000 0.000000 0.000000 1.000000
0.999067 -0.042733 -0.006249 -0.000000 0.043015 0.997515 0.055804 10.573600 0.003849 -0.056021 0.998422 -0.649400 0.000000 0.000000 0.000000 1.000000</float_array>
        <technique_common>
          <accessor source="#mixamorig_Spine-Matrix-animation-output-transform-array" count="184" stride="16">
            <param type="float4x4"/>
          </accessor>
        </technique_common>
      </source>
      <source id="mixamorig_Spine-Interpolations">
        <Name_array id="mixamorig_Spine-Interpolations-array" count="184">
 LINEAR LINEAR LINEAR LINEAR LINEAR LINEAR LINEAR LINEAR LINEAR LINEAR LINEAR
LINEAR LINEAR LINEAR LINEAR LINEAR LINEAR LINEAR LINEAR LINEAR LINEAR LINEAR LINEAR
LINEAR LINEAR LINEAR LINEAR LINEAR LINEAR LINEAR LINEAR LINEAR LINEAR LINEAR LINEAR
LINEAR LINEAR LINEAR LINEAR LINEAR LINEAR LINEAR LINEAR LINEAR LINEAR LINEAR LINEAR
LINEAR LINEAR LINEAR LINEAR LINEAR LINEAR LINEAR LINEAR LINEAR LINEAR LINEAR LINEAR
LINEAR LINEAR LINEAR LINEAR LINEAR LINEAR LINEAR LINEAR LINEAR LINEAR LINEAR LINEAR
LINEAR LINEAR LINEAR LINEAR LINEAR LINEAR LINEAR LINEAR LINEAR LINEAR LINEAR LINEAR
LINEAR LINEAR LINEAR LINEAR LINEAR LINEAR LINEAR LINEAR LINEAR LINEAR LINEAR LINEAR
LINEAR LINEAR LINEAR LINEAR LINEAR LINEAR LINEAR LINEAR LINEAR LINEAR LINEAR LINEAR
LINEAR LINEAR LINEAR LINEAR LINEAR LINEAR LINEAR LINEAR LINEAR LINEAR LINEAR LINEAR
LINEAR LINEAR LINEAR LINEAR LINEAR LINEAR LINEAR LINEAR LINEAR LINEAR LINEAR LINEAR
LINEAR LINEAR LINEAR LINEAR LINEAR LINEAR LINEAR LINEAR LINEAR LINEAR LINEAR LINEAR
LINEAR LINEAR LINEAR LINEAR LINEAR LINEAR LINEAR LINEAR LINEAR LINEAR LINEAR LINEAR
LINEAR LINEAR LINEAR LINEAR LINEAR LINEAR LINEAR LINEAR LINEAR LINEAR LINEAR LINEAR
LINEAR LINEAR LINEAR LINEAR LINEAR LINEAR LINEAR LINEAR LINEAR LINEAR LINEAR LINEAR
LINEAR LINEAR LINEAR LINEAR LINEAR</Name_array>
        <technique_common>
          <accessor source="#mixamorig_Spine-Interpolations-array" count="184">
            <param type="name"/>
          </accessor>
        </technique_common>
      </source>
      <sampler id="mixamorig_Spine-Matrix-animation-transform">
        <input semantic="INPUT" source="#mixamorig_Spine-Matrix-animation-input"/>
        <input semantic="OUTPUT" source="#mixamorig_Spine-Matrix-animation-output-transform"/>
        <input semantic="INTERPOLATION" source="#mixamorig_Spine-Interpolations"/>
      </sampler>
      <channel source="#mixamorig_Spine-Matrix-animation-transform" target="mixamorig_Spine/matrix"/>
    </animation>
    <animation id="mixamorig_Spine1-anim" name="mixamorig_Spine1">
      <source id="mixamorig_Spine1-Matrix-animation-input">
        <float_array id="mixamorig_Spine1-Matrix-animation-input-array" count="184">

0.000000 0.033333 0.066667 0.100000 0.133333 0.166667 0.200000 0.233333 0.266667 0.300000 0.333333 0.366667 0.400000 0.433333 0.466667 0.500000
0.533333 0.566667 0.600000 0.633333 0.666667 0.700000 0.733333 0.766667 0.800000 0.833333 0.866667 0.900000 0.933333 0.966667 1.000000 1.033333
1.066667 1.100000 1.133333 1.166667 1.200000 1.233333 1.266667 1.300000 1.333333 1.366667 1.400000 1.433333 1.466667 1.500000 1.533333 1.566667
1.600000 1.633333 1.666667 1.700000 1.733333 1.766667 1.800000 1.833333 1.866667 1.900000 1.933333 1.966667 2.000000 2.033333 2.066667 2.100000
2.133333 2.166667 2.200000 2.233333 2.266667 2.300000 2.333333 2.366667 2.400000 2.433333 2.466667 2.500000 2.533333 2.566667 2.600000 2.633333
2.666667 2.700000 2.733333 2.766667 2.800000 2.833333 2.866667 2.900000 2.933333 2.966667 3.000000 3.033333 3.066667 3.100000 3.133333 3.166667
3.200000 3.233333 3.266667 3.300000 3.333333 3.366667 3.400000 3.433333 3.466667 3.500000 3.533333 3.566667 3.600000 3.633333 3.666667 3.700000
3.733333 3.766667 3.800000 3.833333 3.866667 3.900000 3.933333 3.966667 4.000000 4.033333 4.066667 4.100000 4.133333 4.166667 4.200000 4.233333
4.266667 4.300000 4.333333 4.366667 4.400000 4.433333 4.466667 4.500000 4.533333 4.566667 4.600000 4.633333 4.666667 4.700000 4.733333 4.766667
4.800000 4.833333 4.866667 4.900000 4.933333 4.966667 5.000000 5.033333 5.066667 5.100000 5.133333 5.166667 5.200000 5.233333 5.266667 5.300000
5.333333 5.366667 5.400000 5.433333 5.466667 5.500000 5.533333 5.566667 5.600000 5.633333 5.666667 5.700000 5.733333 5.766667 5.800000 5.833333
5.866667 5.900000 5.933333 5.966667 6.000000 6.033333 6.066667 6.100000</float_array>
        <technique_common>
          <accessor source="#mixamorig_Spine1-Matrix-animation-input-array" count="184">
            <param name="TIME" type="float"/>
          </accessor>
        </technique_common>
      </source>
      <source id="mixamorig_Spine1-Matrix-animation-output-transform">
        <float_array id="mixamorig_Spine1-Matrix-animation-output-transform-array" count="2944">

0.999979 -0.006400 -0.000999 0.000000 0.006405 0.999964 0.005544 12.359100 0.000963 -0.005550 0.999984 -0.000000 0.000000 0.000000 0.000000 1.000000
0.999979 -0.006334 -0.000989 0.000000 0.006339 0.999966 0.005351 12.359100 0.000955 -0.005357 0.999985 0.000000 0.000000 0.000000 0.000000 1.000000
0.999980 -0.006288 -0.000989 0.000000 0.006293 0.999967 0.005157 12.359100 0.000956 -0.005163 0.999986 0.000000 0.000000 0.000000 0.000000 1.000000
0.999980 -0.006277 -0.001011 0.000000 0.006282 0.999968 0.004953 12.359100 0.000979 -0.004959 0.999987 -0.000000 0.000000 0.000000 0.000000 1.000000
0.999980 -0.006276 -0.001041 0.000000 0.006281 0.999969 0.004741 12.359100 0.001011 -0.004748 0.999988 -0.000000 0.000000 0.000000 0.000000 1.000000
0.999980 -0.006286 -0.001069 -0.000000 0.006291 0.999970 0.004544 12.359100 0.001041 -0.004551 0.999989 0.000000 0.000000 0.000000 0.000000 1.000000
0.999979 -0.006311 -0.001087 -0.000000 0.006316 0.999970 0.004384 12.359100 0.001059 -0.004390 0.999990 0.000000 0.000000 0.000000 0.000000 1.000000
0.999979 -0.006349 -0.001093 0.000000 0.006354 0.999971 0.004264 12.359100 0.001065 -0.004271 0.999990 0.000000 0.000000 0.000000 0.000000 1.000000
0.999979 -0.006398 -0.001092 0.000000 0.006403 0.999971 0.004170 12.359100 0.001065 -0.004177 0.999991 0.000000 0.000000 0.000000 0.000000 1.000000
0.999979 -0.006455 -0.001087 0.000000 0.006459 0.999971 0.004091 12.359100 0.001060 -0.004098 0.999991 0.000000 0.000000 0.000000 0.000000 1.000000
0.999978 -0.006516 -0.001080 0.000000 0.006521 0.999971 0.004017 12.359100 0.001054 -0.004024 0.999991 0.000000 0.000000 0.000000 0.000000 1.000000
0.999978 -0.006580 -0.001074 0.000000 0.006584 0.999971 0.003938 12.359100 0.001048 -0.003945 0.999992 0.000000 0.000000 0.000000 0.000000 1.000000
0.999977 -0.006693 -0.001055 -0.000000 0.006697 0.999970 0.003874 12.359100 0.001029 -0.003881 0.999992 -0.000000 0.000000 0.000000 0.000000 1.000000
0.999976 -0.006826 -0.001078 0.000000 0.006830 0.999969 0.003821 12.359100 0.001052 -0.003829 0.999992 0.000000 0.000000 0.000000 0.000000 1.000000
0.999975 -0.006958 -0.001108 0.000000 0.006962 0.999969 0.003771 12.359100 0.001082 -0.003779 0.999992 0.000000 0.000000 0.000000 0.000000 1.000000
0.999975 -0.007024 -0.001118 0.000000 0.007028 0.999968 0.003730 12.359100 0.001092 -0.003738 0.999992 0.000000 0.000000 0.000000 0.000000 1.000000
0.999975 -0.007024 -0.001107 -0.000000 0.007028 0.999968 0.003700 12.359100 0.001081 -0.003707 0.999993 0.000000 0.000000 0.000000 0.000000 1.000000
0.999975 -0.007005 -0.001090 0.000000 0.007009 0.999969 0.003674 12.359100 0.001064 -0.003682 0.999993 0.000000 0.000000 0.000000 0.000000 1.000000
0.999975 -0.006973 -0.001068 0.000000 0.006977 0.999969 0.003652 12.359100 0.001043 -0.003659 0.999993 0.000000 0.000000 0.000000 0.000000 1.000000
0.999975 -0.006931 -0.001044 0.000000 0.006935 0.999969 0.003629 12.359100 0.001019 -0.003636 0.999993 0.000000 0.000000 0.000000 0.000000 1.000000
0.999976 -0.006886 -0.001020 0.000000 0.006890 0.999970 0.003603 12.359100 0.000995 -0.003610 0.999993 -0.000000 0.000000 0.000000 0.000000 1.000000
0.999976 -0.006842 -0.000996 -0.000000 0.006846 0.999970 0.003570 12.359100 0.000971 -0.003577 0.999993 0.000000 0.000000 0.000000 0.000000 1.000000
0.999976 -0.006804 -0.000975 -0.000000 0.006808 0.999971 0.003529 12.359100 0.000951 -0.003535 0.999993 0.000000 0.000000 0.000000 0.000000 1.000000
0.999977 -0.006756 -0.000966 0.000000 0.006760 0.999972 0.003351 12.359100 0.000943 -0.003358 0.999994 -0.000000 0.000000 0.000000 0.000000 1.000000
0.999977 -0.006699 -0.000942 0.000000 0.006702 0.999973 0.003025 12.359100 0.000922 -0.003031 0.999995 0.000000 0.000000 0.000000 0.000000 1.000000
0.999978 -0.006621 -0.000908 -0.000000 0.006623 0.999975 0.002414 12.359100 0.000892 -0.002420 0.999997 0.000000 0.000000 0.000000 0.000000 1.000000
0.999978 -0.006586 -0.000899 -0.000000 0.006587 0.999978 0.001263 12.359100 0.000890 -0.001269 0.999999 0.000000 0.000000 0.000000 0.000000 1.000000
0.999978 -0.006587 -0.000928 0.000000 0.006587 0.999978 -0.000067 12.359100 0.000928 0.000061 1.000000 0.000000 0.000000 0.000000 0.000000 1.000000
0.999977 -0.006729 -0.001126 0.000000 0.006727 0.999976 -0.001757 12.359100 0.001138 0.001749 0.999998 0.000000 0.000000 0.000000 0.000000 1.000000
0.999975 -0.006961 -0.001457 0.000000 0.006956 0.999970 -0.003472 12.359100 0.001481 0.003462 0.999993 -0.000000 0.000000 0.000000 0.000000 1.000000
0.999973 -0.007090 -0.001806 0.000000 0.007081 0.999962 -0.005056 12.359100 0.001842 0.005043 0.999986 -0.000000 0.000000 0.000000 0.000000 1.000000
0.999973 -0.006986 -0.002110 -0.000000 0.006973 0.999954 -0.006546 12.359100 0.002155 0.006531 0.999976 0.000000 0.000000 0.000000 0.000000 1.000000
0.999974 -0.006754 -0.002467 -0.000000 0.006734 0.999944 -0.008199 12.359100 0.002522 0.008182 0.999963 -0.000000 0.000000 0.000000 0.000000 1.000000
0.999975 -0.006402 -0.002951 0.000000 0.006371 0.999927 -0.010311 12.359100 0.003016 0.010292 0.999942 -0.000000 0.000000 0.000000 0.000000 1.000000
0.999977 -0.005899 -0.003251 0.000000 0.005858 0.999903 -0.012602 12.359100 0.003325 0.012583 0.999915 0.000000 0.000000 0.000000 0.000000 1.000000
0.999979 -0.005402 -0.003547 0.000000 0.005349 0.999874 -0.014949 12.359100 0.003627 0.014929 0.999882 0.000000 0.000000 0.000000 0.000000 1.000000
0.999981 -0.004832 -0.003786 -0.000000 0.004766 0.999840 -0.017225 12.359100 0.003869 0.017206 0.999844 0.000000 0.000000 0.000000 0.000000 1.000000
0.999984 -0.004110 -0.003917 -0.000000 0.004034 0.999806 -0.019303 12.359100 0.003996 0.019287 0.999806 0.000000 0.000000 0.000000 0.000000 1.000000
0.999992 -0.002272 -0.003233 0.000000 0.002207 0.999797 -0.020006 12.359100 0.003278 0.019999 0.999795 0.000000 0.000000 0.000000 0.000000 1.000000
0.999996 -0.000526 -0.002950 0.000000 0.000459 0.999742 -0.022730 12.359100 0.002961 0.022729 0.999737 0.000000 0.000000 0.000000 0.000000 1.000000
0.999996 0.000971 -0.002781 -0.000000 -0.001043 0.999658 -0.026143 12.359100 0.002755 0.026146 0.999654 0.000000 0.000000 0.000000 0.000000 1.000000
0.999995 0.001312 -0.002746 0.000000 -0.001397 0.999519 -0.030981 12.359100 0.002704 0.030985 0.999516 0.000000 0.000000 0.000000 0.000000 1.000000
0.999997 0.001294 -0.002076 0.000000 -0.001363 0.999431 -0.033716 12.359100 0.002031 0.033718 0.999429 0.000000 0.000000 0.000000 0.000000 1.000000
0.999999 -0.000231 -0.001372 0.000000 0.000184 0.999430 -0.033764 12.359100 0.001379 0.033764 0.999429 0.000000 0.000000 0.000000 0.000000 1.000000
0.999997 -0.002402 -0.000929 -0.000000 0.002369 0.999436 -0.033508 12.359100 0.001009 0.033505 0.999438 -0.000000 0.000000 0.000000 0.000000 1.000000
0.999985 -0.005451 -0.001088 0.000000 0.005410 0.999408 -0.033973 12.359100 0.001273 0.033967 0.999422 0.000000 0.000000 0.000000 0.000000 1.000000
0.999960 -0.008828 -0.001730 0.000000 0.008763 0.999361 -0.034665 12.359100 0.002034 0.034649 0.999397 0.000000 0.000000 0.000000 0.000000 1.000000
0.999923 -0.012029 -0.002954 -0.000000 0.011917 0.999302 -0.035402 12.359100 0.003378 0.035364 0.999369 -0.000000 0.000000 0.000000 0.000000 1.000000
0.999875 -0.015161 -0.004456 -0.000000 0.014989 0.999230 -0.036270 12.359100 0.005003 0.036198 0.999332 0.000000 0.000000 0.000000 0.000000 1.000000
0.999809 -0.018549 -0.006087 -0.000000 0.018310 0.999139 -0.037222 12.359100 0.006772 0.037104 0.999288 0.000000 0.000000 0.000000 0.000000 1.000000
0.999751 -0.021030 -0.007481 0.000000 0.020727 0.999046 -0.038449 12.359100 0.008283 0.038285 0.999233 0.000000 0.000000 0.000000 0.000000 1.000000
0.999726 -0.021862 -0.008362 -0.000000 0.021508 0.998957 -0.040287 12.359100 0.009234 0.040096 0.999153 -0.000000 0.000000 0.000000 0.000000 1.000000
0.999719 -0.021939 -0.009003 -0.000000 0.021540 0.998873 -0.042297 12.359100 0.009920 0.042092 0.999065 0.000000 0.000000 0.000000 0.000000 1.000000
0.999729 -0.021333 -0.009306 0.000000 0.020907 0.998826 -0.043700 12.359100 0.010227 0.043493 0.999001 0.000000 0.000000 0.000000 0.000000 1.000000
0.999777 -0.019157 -0.008869 -0.000000 0.018753 0.998874 -0.043580 12.359100 0.009694 0.043404 0.999011 -0.000000 0.000000 0.000000 0.000000 1.000000
0.999834 -0.016392 -0.007983 0.000000 0.016037 0.998962 -0.042645 12.359100 0.008674 0.042510 0.999058 -0.000000 0.000000 0.000000 0.000000 1.000000
0.999863 -0.015014 -0.006929 -0.000000 0.014716 0.999038 -0.041309 12.359100 0.007543 0.041202 0.999122 0.000000 0.000000 0.000000 0.000000 1.000000
0.999885 -0.013755 -0.006440 0.000000 0.013485 0.999101 -0.040200 12.359100 0.006987 0.040108 0.999171 -0.000000 0.000000 0.000000 0.000000 1.000000
0.999904 -0.012463 -0.006026 0.000000 0.012218 0.999159 -0.039130 12.359100 0.006509 0.039053 0.999216 0.000000 0.000000 0.000000 0.000000 1.000000
0.999921 -0.011207 -0.005633 0.000000 0.010985 0.999215 -0.038065 12.359100 0.006055 0.038000 0.999259 0.000000 0.000000 0.000000 0.000000 1.000000
0.999936 -0.010057 -0.005204 0.000000 0.009858 0.999268 -0.036968 12.359100 0.005572 0.036914 0.999303 -0.000000 0.000000 0.000000 0.000000 1.000000
0.999948 -0.009082 -0.004687 0.000000 0.008909 0.999319 -0.035802 12.359100 0.005009 0.035759 0.999348 0.000000 0.000000 0.000000 0.000000 1.000000
0.999946 -0.009822 -0.003484 -0.000000 0.009698 0.999374 -0.034026 12.359100 0.003816 0.033991 0.999415 0.000000 0.000000 0.000000 0.000000 1.000000
0.999929 -0.011632 -0.002611 0.000000 0.011542 0.999412 -0.032277 12.359100 0.002985 0.032245 0.999476 0.000000 0.000000 0.000000 0.000000 1.000000
0.999915 -0.012888 -0.002180 0.000000 0.012816 0.999457 -0.030349 12.359100 0.002570 0.030318 0.999537 0.000000 0.000000 0.000000 0.000000 1.000000
0.999911 -0.013183 -0.002154 0.000000 0.013117 0.999517 -0.028188 12.359100 0.002524 0.028157 0.999600 0.000000 0.000000 0.000000 0.000000 1.000000
0.999912 -0.013061 -0.002232 -0.000000 0.012999 0.999580 -0.025889 12.359100 0.002569 0.025858 0.999662 0.000000 0.000000 0.000000 0.000000 1.000000
0.999921 -0.012347 -0.002404 0.000000 0.012287 0.999653 -0.023301 12.359100 0.002690 0.023270 0.999726 0.000000 0.000000 0.000000 0.000000 1.000000
0.999931 -0.011455 -0.002509 -0.000000 0.011400 0.999720 -0.020735 12.359100 0.002746 0.020705 0.999782 0.000000 0.000000 0.000000 0.000000 1.000000
0.999939 -0.010770 -0.002377 0.000000 0.010724 0.999771 -0.018509 12.359100 0.002576 0.018482 0.999826 0.000000 0.000000 0.000000 0.000000 1.000000
0.999946 -0.010216 -0.002056 -0.000000 0.010181 0.999813 -0.016448 12.359100 0.002224 0.016426 0.999863 0.000000 0.000000 0.000000 0.000000 1.000000
0.999950 -0.009877 -0.001471 0.000000 0.009854 0.999846 -0.014487 12.359100 0.001614 0.014472 0.999894 0.000000 0.000000 0.000000 0.000000 1.000000
0.999953 -0.009658 -0.000829 0.000000 0.009646 0.999874 -0.012613 12.359100 0.000951 0.012604 0.999920 -0.000000 0.000000 0.000000 0.000000 1.000000
0.999955 -0.009437 -0.000265 0.000000 0.009434 0.999898 -0.010737 12.359100 0.000366 0.010734 0.999942 -0.000000 0.000000 0.000000 0.000000 1.000000
0.999956 -0.009374 0.000085 0.000000 0.009375 0.999915 -0.009015 12.359100 -0.000000 0.009015 0.999959 0.000000 0.000000 0.000000 0.000000 1.000000
0.999953 -0.009665 -0.000045 -0.000000 0.009665 0.999924 -0.007636 12.359100 0.000119 0.007635 0.999971 -0.000000 0.000000 0.000000 0.000000 1.000000
0.999949 -0.010072 -0.000407 0.000000 0.010069 0.999929 -0.006409 12.359100 0.000471 0.006405 0.999979 -0.000000 0.000000 0.000000 0.000000 1.000000
0.999946 -0.010383 -0.000986 0.000000 0.010378 0.999932 -0.005280 12.359100 0.001041 0.005269 0.999986 0.000000 0.000000 0.000000 0.000000 1.000000
0.999943 -0.010588 -0.001641 0.000000 0.010581 0.999935 -0.004242 12.359100 0.001686 0.004224 0.999990 0.000000 0.000000 0.000000 0.000000 1.000000
0.999940 -0.010703 -0.002255 0.000000 0.010695 0.999937 -0.003264 12.359100 0.002290 0.003240 0.999992 0.000000 0.000000 0.000000 0.000000 1.000000
0.999939 -0.010743 -0.002679 0.000000 0.010737 0.999940 -0.002257 12.359100 0.002704 0.002228 0.999994 0.000000 0.000000 0.000000 0.000000 1.000000
0.999938 -0.010754 -0.002835 0.000000 0.010751 0.999942 -0.001159 12.359100 0.002847 0.001129 0.999995 -0.000000 0.000000 0.000000 0.000000 1.000000
0.999939 -0.010765 -0.002651 -0.000000 0.010765 0.999942 0.000170 12.359100 0.002649 -0.000198 0.999996 0.000000 0.000000 0.000000 0.000000 1.000000
0.999939 -0.010773 -0.002429 -0.000000 0.010777 0.999941 0.001522 12.359100 0.002412 -0.001548 0.999996 0.000000 0.000000 0.000000 0.000000 1.000000
0.999939 -0.010784 -0.002189 0.000000 0.010790 0.999938 0.002889 12.359100 0.002158 -0.002913 0.999993 0.000000 0.000000 0.000000 0.000000 1.000000
0.999940 -0.010799 -0.001951 -0.000000 0.010808 0.999933 0.004260 12.359100 0.001905 -0.004281 0.999989 0.000000 0.000000 0.000000 0.000000 1.000000
0.999940 -0.010823 -0.001738 0.000000 0.010833 0.999925 0.005626 12.359100 0.001677 -0.005645 0.999983 0.000000 0.000000 0.000000 0.000000 1.000000
0.999939 -0.010920 -0.001665 0.000000 0.010931 0.999916 0.007000 12.359100 0.001588 -0.007018 0.999974 0.000000 0.000000 0.000000 0.000000 1.000000
0.999940 -0.010858 -0.001681 0.000000 0.010872 0.999906 0.008304 12.359100 0.001591 -0.008322 0.999964 0.000000 0.000000 0.000000 0.000000 1.000000
0.999941 -0.010730 -0.001727 -0.000000 0.010746 0.999897 0.009527 12.359100 0.001625 -0.009545 0.999953 -0.000000 0.000000 0.000000 0.000000 1.000000
0.999941 -0.010688 -0.001763 0.000000 0.010706 0.999886 0.010616 12.359100 0.001650 -0.010634 0.999942 0.000000 0.000000 0.000000 0.000000 1.000000
0.999939 -0.010894 -0.001768 0.000000 0.010914 0.999875 0.011422 12.359100 0.001643 -0.011441 0.999933 0.000000 0.000000 0.000000 0.000000 1.000000
0.999935 -0.011235 -0.001741 0.000000 0.011255 0.999864 0.012056 12.359100 0.001605 -0.012075 0.999926 0.000000 0.000000 0.000000 0.000000 1.000000
0.999930 -0.011690 -0.001654 -0.000000 0.011710 0.999852 0.012613 12.359100 0.001507 -0.012632 0.999919 0.000000 0.000000 0.000000 0.000000 1.000000
0.999925 -0.012142 -0.001570 0.000000 0.012162 0.999842 0.012992 12.359100 0.001412 -0.013010 0.999914 0.000000 0.000000 0.000000 0.000000 1.000000
0.999921 -0.012499 -0.001516 0.000000 0.012518 0.999834 0.013209 12.359100 0.001351 -0.013227 0.999912 0.000000 0.000000 0.000000 0.000000 1.000000
0.999916 -0.012840 -0.001462 0.000000 0.012859 0.999828 0.013374 12.359100 0.001290 -0.013392 0.999909 -0.000000 0.000000 0.000000 0.000000 1.000000
0.999913 -0.013141 -0.001438 0.000000 0.013160 0.999823 0.013470 12.359100 0.001261 -0.013488 0.999908 0.000000 0.000000 0.000000 0.000000 1.000000
0.999909 -0.013380 -0.001475 0.000000 0.013399 0.999819 0.013477 12.359100 0.001294 -0.013496 0.999908 -0.000000 0.000000 0.000000 0.000000 1.000000
0.999907 -0.013536 -0.001673 0.000000 0.013557 0.999820 0.013292 12.359100 0.001493 -0.013313 0.999910 0.000000 0.000000 0.000000 0.000000 1.000000
0.999906 -0.013595 -0.001961 0.000000 0.013619 0.999823 0.012960 12.359100 0.001785 -0.012985 0.999914 0.000000 0.000000 0.000000 0.000000 1.000000
0.999906 -0.013540 -0.002110 0.000000 0.013566 0.999827 0.012689 12.359100 0.001938 -0.012716 0.999917 0.000000 0.000000 0.000000 0.000000 1.000000
0.999908 -0.013423 -0.002112 -0.000000 0.013449 0.999831 0.012517 12.359100 0.001943 -0.012545 0.999919 0.000000 0.000000 0.000000 0.000000 1.000000
0.999909 -0.013305 -0.002113 0.000000 0.013331 0.999835 0.012345 12.359100 0.001948 -0.012373 0.999922 0.000000 0.000000 0.000000 0.000000 1.000000
0.999911 -0.013187 -0.002114 0.000000 0.013211 0.999839 0.012173 12.359100 0.001953 -0.012200 0.999924 -0.000000 0.000000 0.000000 0.000000 1.000000
0.999912 -0.013067 -0.002114 -0.000000 0.013092 0.999842 0.012001 12.359100 0.001956 -0.012028 0.999926 -0.000000 0.000000 0.000000 0.000000 1.000000
0.999914 -0.012947 -0.002113 0.000000 0.012971 0.999846 0.011829 12.359100 0.001959 -0.011855 0.999928 0.000000 0.000000 0.000000 0.000000 1.000000
0.999916 -0.012826 -0.002112 0.000000 0.012849 0.999850 0.011656 12.359100 0.001962 -0.011682 0.999930 0.000000 0.000000 0.000000 0.000000 1.000000
0.999917 -0.012704 -0.002110 0.000000 0.012727 0.999853 0.011483 12.359100 0.001963 -0.011509 0.999932 0.000000 0.000000 0.000000 0.000000 1.000000
0.999919 -0.012581 -0.002107 0.000000 0.012604 0.999857 0.011310 12.359100 0.001964 -0.011336 0.999934 0.000000 0.000000 0.000000 0.000000 1.000000
0.999920 -0.012458 -0.002104 0.000000 0.012480 0.999860 0.011137 12.359100 0.001965 -0.011162 0.999936 0.000000 0.000000 0.000000 0.000000 1.000000
0.999922 -0.012334 -0.002100 0.000000 0.012356 0.999864 0.010964 12.359100 0.001965 -0.010989 0.999938 0.000000 0.000000 0.000000 0.000000 1.000000
0.999923 -0.012209 -0.002096 0.000000 0.012231 0.999867 0.010791 12.359100 0.001964 -0.010816 0.999940 -0.000000 0.000000 0.000000 0.000000 1.000000
0.999925 -0.012084 -0.002091 -0.000000 0.012105 0.999870 0.010618 12.359100 0.001962 -0.010642 0.999941 0.000000 0.000000 0.000000 0.000000 1.000000
0.999926 -0.011958 -0.002086 -0.000000 0.011979 0.999874 0.010445 12.359100 0.001960 -0.010469 0.999943 0.000000 0.000000 0.000000 0.000000 1.000000
0.999928 -0.011832 -0.002080 -0.000000 0.011853 0.999877 0.010272 12.359100 0.001958 -0.010296 0.999945 -0.000000 0.000000 0.000000 0.000000 1.000000
0.999929 -0.011705 -0.002073 0.000000 0.011725 0.999880 0.010099 12.359100 0.001955 -0.010123 0.999947 0.000000 0.000000 0.000000 0.000000 1.000000
0.999931 -0.011578 -0.002066 -0.000000 0.011598 0.999883 0.009927 12.359100 0.001951 -0.009950 0.999949 0.000000 0.000000 0.000000 0.000000 1.000000
0.999932 -0.011450 -0.002059 -0.000000 0.011470 0.999887 0.009754 12.359100 0.001947 -0.009777 0.999950 -0.000000 0.000000 0.000000 0.000000 1.000000
0.999934 -0.011322 -0.002051 0.000000 0.011341 0.999890 0.009582 12.359100 0.001943 -0.009605 0.999952 0.000000 0.000000 0.000000 0.000000 1.000000
0.999935 -0.011194 -0.002043 0.000000 0.011212 0.999893 0.009410 12.359100 0.001937 -0.009432 0.999954 0.000000 0.000000 0.000000 0.000000 1.000000
0.999937 -0.011065 -0.002034 0.000000 0.011083 0.999896 0.009239 12.359100 0.001932 -0.009260 0.999955 -0.000000 0.000000 0.000000 0.000000 1.000000
0.999938 -0.010936 -0.002025 -0.000000 0.010954 0.999899 0.009067 12.359100 0.001926 -0.009089 0.999957 0.000000 0.000000 0.000000 0.000000 1.000000
0.999940 -0.010806 -0.002016 0.000000 0.010824 0.999902 0.008896 12.359100 0.001920 -0.008918 0.999958 0.000000 0.000000 0.000000 0.000000 1.000000
0.999941 -0.010677 -0.002006 0.000000 0.010694 0.999905 0.008726 12.359100 0.001913 -0.008747 0.999960 0.000000 0.000000 0.000000 0.000000 1.000000
0.999942 -0.010547 -0.001996 0.000000 0.010564 0.999908 0.008556 12.359100 0.001905 -0.008576 0.999961 0.000000 0.000000 0.000000 0.000000 1.000000
0.999944 -0.010417 -0.001985 0.000000 0.010433 0.999910 0.008386 12.359100 0.001898 -0.008406 0.999963 -0.000000 0.000000 0.000000 0.000000 1.000000
0.999945 -0.010287 -0.001974 -0.000000 0.010303 0.999913 0.008217 12.359100 0.001890 -0.008237 0.999964 0.000000 0.000000 0.000000 0.000000 1.000000
0.999946 -0.010156 -0.001963 -0.000000 0.010172 0.999916 0.008048 12.359100 0.001881 -0.008068 0.999966 -0.000000 0.000000 0.000000 0.000000 1.000000
0.999948 -0.010026 -0.001952 -0.000000 0.010041 0.999919 0.007880 12.359100 0.001873 -0.007899 0.999967 0.000000 0.000000 0.000000 0.000000 1.000000
0.999949 -0.009896 -0.001940 -0.000000 0.009910 0.999921 0.007713 12.359100 0.001864 -0.007732 0.999968 -0.000000 0.000000 0.000000 0.000000 1.000000
0.999950 -0.009765 -0.001928 0.000000 0.009780 0.999924 0.007546 12.359100 0.001854 -0.007564 0.999970 0.000000 0.000000 0.000000 0.000000 1.000000
0.999952 -0.009635 -0.001916 0.000000 0.009649 0.999926 0.007380 12.359100 0.001844 -0.007398 0.999971 0.000000 0.000000 0.000000 0.000000 1.000000
0.999953 -0.009505 -0.001903 0.000000 0.009518 0.999929 0.007214 12.359100 0.001834 -0.007232 0.999972 0.000000 0.000000 0.000000 0.000000 1.000000
0.999954 -0.009374 -0.001890 0.000000 0.009387 0.999931 0.007049 12.359100 0.001824 -0.007067 0.999973 0.000000 0.000000 0.000000 0.000000 1.000000
0.999956 -0.009244 -0.001877 0.000000 0.009257 0.999933 0.006885 12.359100 0.001814 -0.006902 0.999975 0.000000 0.000000 0.000000 0.000000 1.000000
0.999957 -0.009114 -0.001864 0.000000 0.009126 0.999936 0.006722 12.359100 0.001803 -0.006739 0.999976 0.000000 0.000000 0.000000 0.000000 1.000000
0.999958 -0.008984 -0.001851 -0.000000 0.008996 0.999938 0.006560 12.359100 0.001792 -0.006576 0.999977 -0.000000 0.000000 0.000000 0.000000 1.000000
0.999959 -0.008855 -0.001837 0.000000 0.008866 0.999940 0.006398 12.359100 0.001781 -0.006414 0.999978 0.000000 0.000000 0.000000 0.000000 1.000000
0.999960 -0.008725 -0.001824 -0.000000 0.008736 0.999942 0.006238 12.359100 0.001769 -0.006253 0.999979 0.000000 0.000000 0.000000 0.000000 1.000000
0.999961 -0.008596 -0.001810 0.000000 0.008607 0.999944 0.006078 12.359100 0.001757 -0.006093 0.999980 0.000000 0.000000 0.000000 0.000000 1.000000
0.999963 -0.008467 -0.001796 0.000000 0.008478 0.999947 0.005919 12.359100 0.001746 -0.005934 0.999981 0.000000 0.000000 0.000000 0.000000 1.000000
0.999964 -0.008339 -0.001782 -0.000000 0.008349 0.999949 0.005762 12.359100 0.001734 -0.005776 0.999982 0.000000 0.000000 0.000000 0.000000 1.000000
0.999965 -0.008210 -0.001768 0.000000 0.008220 0.999951 0.005605 12.359100 0.001721 -0.005619 0.999983 0.000000 0.000000 0.000000 0.000000 1.000000
0.999966 -0.008083 -0.001753 0.000000 0.008092 0.999952 0.005449 12.359100 0.001709 -0.005463 0.999984 0.000000 0.000000 0.000000 0.000000 1.000000
0.999967 -0.007955 -0.001739 0.000000 0.007965 0.999954 0.005295 12.359100 0.001697 -0.005308 0.999984 0.000000 0.000000 0.000000 0.000000 1.000000
0.999968 -0.007829 -0.001725 0.000000 0.007837 0.999956 0.005141 12.359100 0.001684 -0.005155 0.999985 0.000000 0.000000 0.000000 0.000000 1.000000
0.999969 -0.007702 -0.001710 0.000000 0.007711 0.999958 0.004989 12.359100 0.001672 -0.005002 0.999986 0.000000 0.000000 0.000000 0.000000 1.000000
0.999970 -0.007576 -0.001696 0.000000 0.007584 0.999960 0.004838 12.359100 0.001659 -0.004851 0.999987 0.000000 0.000000 0.000000 0.000000 1.000000
0.999971 -0.007451 -0.001681 0.000000 0.007459 0.999961 0.004688 12.359100 0.001646 -0.004700 0.999988 0.000000 0.000000 0.000000 0.000000 1.000000
0.999972 -0.007326 -0.001667 0.000000 0.007334 0.999963 0.004539 12.359100 0.001633 -0.004552 0.999988 0.000000 0.000000 0.000000 0.000000 1.000000
0.999973 -0.007202 -0.001652 0.000000 0.007210 0.999964 0.004392 12.359100 0.001621 -0.004404 0.999989 0.000000 0.000000 0.000000 0.000000 1.000000
0.999973 -0.007233 -0.001321 0.000000 0.007240 0.999960 0.005214 12.359100 0.001283 -0.005224 0.999986 0.000000 0.000000 0.000000 0.000000 1.000000
0.999973 -0.007260 -0.000995 0.000000 0.007266 0.999956 0.005908 12.359100 0.000952 -0.005915 0.999982 0.000000 0.000000 0.000000 0.000000 1.000000
0.999973 -0.007283 -0.000682 0.000000 0.007287 0.999952 0.006574 12.359100 0.000634 -0.006579 0.999978 0.000000 0.000000 0.000000 0.000000 1.000000
0.999973 -0.007286 -0.000429 0.000000 0.007288 0.999947 0.007228 12.359100 0.000376 -0.007231 0.999974 0.000000 0.000000 0.000000 0.000000 1.000000
0.999974 -0.007204 -0.000231 0.000000 0.007205 0.999946 0.007470 12.359100 0.000178 -0.007472 0.999972 0.000000 0.000000 0.000000 0.000000 1.000000
0.999975 -0.007110 -0.000105 0.000000 0.007110 0.999947 0.007505 12.359100 0.000052 -0.007505 0.999972 0.000000 0.000000 0.000000 0.000000 1.000000
0.999975 -0.007047 -0.000141 0.000000 0.007048 0.999949 0.007181 12.359100 0.000090 -0.007182 0.999974 0.000000 0.000000 0.000000 0.000000 1.000000
0.999976 -0.006959 -0.000230 -0.000000 0.006961 0.999953 0.006805 12.359100 0.000182 -0.006807 0.999977 0.000000 0.000000 0.000000 0.000000 1.000000
0.999977 -0.006780 -0.000286 0.000000 0.006782 0.999955 0.006690 12.359100 0.000241 -0.006692 0.999978 0.000000 0.000000 0.000000 0.000000 1.000000
0.999978 -0.006580 -0.000328 -0.000000 0.006582 0.999956 0.006668 12.359100 0.000285 -0.006670 0.999978 0.000000 0.000000 0.000000 0.000000 1.000000
0.999979 -0.006439 -0.000314 -0.000000 0.006441 0.999957 0.006735 12.359100 0.000271 -0.006737 0.999977 -0.000000 0.000000 0.000000 0.000000 1.000000
0.999980 -0.006355 -0.000230 0.000000 0.006357 0.999956 0.006855 12.359100 0.000186 -0.006856 0.999976 -0.000000 0.000000 0.000000 0.000000 1.000000
0.999980 -0.006293 -0.000187 0.000000 0.006294 0.999955 0.007041 12.359100 0.000143 -0.007042 0.999975 0.000000 0.000000 0.000000 0.000000 1.000000
0.999981 -0.006235 -0.000153 -0.000000 0.006236 0.999954 0.007239 12.359100 0.000108 -0.007240 0.999974 0.000000 0.000000 0.000000 0.000000 1.000000
0.999981 -0.006185 -0.000141 -0.000000 0.006186 0.999953 0.007416 12.359100 0.000095 -0.007417 0.999972 0.000000 0.000000 0.000000 0.000000 1.000000
0.999981 -0.006170 -0.000243 0.000000 0.006171 0.999953 0.007481 12.359100 0.000197 -0.007482 0.999972 -0.000000 0.000000 0.000000 0.000000 1.000000
0.999981 -0.006179 -0.000380 -0.000000 0.006182 0.999953 0.007470 12.359100 0.000334 -0.007472 0.999972 -0.000000 0.000000 0.000000 0.000000 1.000000
0.999981 -0.006173 -0.000554 0.000000 0.006177 0.999953 0.007433 12.359100 0.000508 -0.007436 0.999972 0.000000 0.000000 0.000000 0.000000 1.000000
0.999981 -0.006087 -0.000712 0.000000 0.006092 0.999954 0.007393 12.359100 0.000667 -0.007397 0.999972 0.000000 0.000000 0.000000 0.000000 1.000000
0.999982 -0.005990 -0.000863 0.000000 0.005996 0.999955 0.007350 12.359100 0.000819 -0.007355 0.999973 0.000000 0.000000 0.000000 0.000000 1.000000
0.999982 -0.005952 -0.000958 -0.000000 0.005959 0.999956 0.007266 12.359100 0.000915 -0.007271 0.999973 0.000000 0.000000 0.000000 0.000000 1.000000
0.999982 -0.005979 -0.000993 0.000000 0.005986 0.999957 0.007136 12.359100 0.000950 -0.007141 0.999974 0.000000 0.000000 0.000000 0.000000 1.000000
0.999981 -0.006026 -0.001004 0.000000 0.006033 0.999957 0.006987 12.359100 0.000962 -0.006993 0.999975 -0.000000 0.000000 0.000000 0.000000 1.000000
0.999981 -0.006087 -0.001001 -0.000000 0.006094 0.999958 0.006829 12.359100 0.000959 -0.006835 0.999976 0.000000 0.000000 0.000000 0.000000 1.000000
0.999981 -0.006159 -0.000993 0.000000 0.006165 0.999959 0.006667 12.359100 0.000952 -0.006673 0.999977 -0.000000 0.000000 0.000000 0.000000 1.000000
0.999980 -0.006236 -0.000989 -0.000000 0.006242 0.999959 0.006510 12.359100 0.000949 -0.006516 0.999978 -0.000000 0.000000 0.000000 0.000000 1.000000
0.999980 -0.006314 -0.001000 0.000000 0.006320 0.999960 0.006365 12.359100 0.000960 -0.006372 0.999979 -0.000000 0.000000 0.000000 0.000000 1.000000
0.999978 -0.006493 -0.001104 0.000000 0.006500 0.999959 0.006312 12.359100 0.001063 -0.006319 0.999979 0.000000 0.000000 0.000000 0.000000 1.000000
0.999978 -0.006545 -0.001087 0.000000 0.006552 0.999958 0.006345 12.359100 0.001046 -0.006352 0.999979 -0.000000 0.000000 0.000000 0.000000 1.000000
0.999978 -0.006572 -0.001048 0.000000 0.006579 0.999958 0.006394 12.359100 0.001006 -0.006401 0.999979 -0.000000 0.000000 0.000000 0.000000 1.000000
0.999978 -0.006585 -0.001010 0.000000 0.006592 0.999958 0.006430 12.359100 0.000968 -0.006437 0.999979 0.000000 0.000000 0.000000 0.000000 1.000000
0.999978 -0.006534 -0.000988 0.000000 0.006540 0.999958 0.006394 12.359100 0.000946 -0.006400 0.999979 0.000000 0.000000 0.000000 0.000000 1.000000</float_array>
        <technique_common>
          <accessor source="#mixamorig_Spine1-Matrix-animation-output-transform-array" count="184" stride="16">
            <param type="float4x4"/>
          </accessor>
        </technique_common>
      </source>
      <source id="mixamorig_Spine1-Interpolations">
        <Name_array id="mixamorig_Spine1-Interpolations-array" count="184">
 LINEAR LINEAR LINEAR LINEAR LINEAR LINEAR LINEAR LINEAR LINEAR LINEAR LINEAR
LINEAR LINEAR LINEAR LINEAR LINEAR LINEAR LINEAR LINEAR LINEAR LINEAR LINEAR LINEAR
LINEAR LINEAR LINEAR LINEAR LINEAR LINEAR LINEAR LINEAR LINEAR LINEAR LINEAR LINEAR
LINEAR LINEAR LINEAR LINEAR LINEAR LINEAR LINEAR LINEAR LINEAR LINEAR LINEAR LINEAR
LINEAR LINEAR LINEAR LINEAR LINEAR LINEAR LINEAR LINEAR LINEAR LINEAR LINEAR LINEAR
LINEAR LINEAR LINEAR LINEAR LINEAR LINEAR LINEAR LINEAR LINEAR LINEAR LINEAR LINEAR
LINEAR LINEAR LINEAR LINEAR LINEAR LINEAR LINEAR LINEAR LINEAR LINEAR LINEAR LINEAR
LINEAR LINEAR LINEAR LINEAR LINEAR LINEAR LINEAR LINEAR LINEAR LINEAR LINEAR LINEAR
LINEAR LINEAR LINEAR LINEAR LINEAR LINEAR LINEAR LINEAR LINEAR LINEAR LINEAR LINEAR
LINEAR LINEAR LINEAR LINEAR LINEAR LINEAR LINEAR LINEAR LINEAR LINEAR LINEAR LINEAR
LINEAR LINEAR LINEAR LINEAR LINEAR LINEAR LINEAR LINEAR LINEAR LINEAR LINEAR LINEAR
LINEAR LINEAR LINEAR LINEAR LINEAR LINEAR LINEAR LINEAR LINEAR LINEAR LINEAR LINEAR
LINEAR LINEAR LINEAR LINEAR LINEAR LINEAR LINEAR LINEAR LINEAR LINEAR LINEAR LINEAR
LINEAR LINEAR LINEAR LINEAR LINEAR LINEAR LINEAR LINEAR LINEAR LINEAR LINEAR LINEAR
LINEAR LINEAR LINEAR LINEAR LINEAR LINEAR LINEAR LINEAR LINEAR LINEAR LINEAR LINEAR
LINEAR LINEAR LINEAR LINEAR LINEAR</Name_array>
        <technique_common>
          <accessor source="#mixamorig_Spine1-Interpolations-array" count="184">
            <param type="name"/>
          </accessor>
        </technique_common>
      </source>
      <sampler id="mixamorig_Spine1-Matrix-animation-transform">
        <input semantic="INPUT" source="#mixamorig_Spine1-Matrix-animation-input"/>
        <input semantic="OUTPUT" source="#mixamorig_Spine1-Matrix-animation-output-transform"/>
        <input semantic="INTERPOLATION" source="#mixamorig_Spine1-Interpolations"/>
      </sampler>
      <channel source="#mixamorig_Spine1-Matrix-animation-transform" target="mixamorig_Spine1/matrix"/>
    </animation>
    <animation id="mixamorig_Spine2-anim" name="mixamorig_Spine2">
      <source id="mixamorig_Spine2-Matrix-animation-input">
        <float_array id="mixamorig_Spine2-Matrix-animation-input-array" count="184">

0.000000 0.033333 0.066667 0.100000 0.133333 0.166667 0.200000 0.233333 0.266667 0.300000 0.333333 0.366667 0.400000 0.433333 0.466667 0.500000
0.533333 0.566667 0.600000 0.633333 0.666667 0.700000 0.733333 0.766667 0.800000 0.833333 0.866667 0.900000 0.933333 0.966667 1.000000 1.033333
1.066667 1.100000 1.133333 1.166667 1.200000 1.233333 1.266667 1.300000 1.333333 1.366667 1.400000 1.433333 1.466667 1.500000 1.533333 1.566667
1.600000 1.633333 1.666667 1.700000 1.733333 1.766667 1.800000 1.833333 1.866667 1.900000 1.933333 1.966667 2.000000 2.033333 2.066667 2.100000
2.133333 2.166667 2.200000 2.233333 2.266667 2.300000 2.333333 2.366667 2.400000 2.433333 2.466667 2.500000 2.533333 2.566667 2.600000 2.633333
2.666667 2.700000 2.733333 2.766667 2.800000 2.833333 2.866667 2.900000 2.933333 2.966667 3.000000 3.033333 3.066667 3.100000 3.133333 3.166667
3.200000 3.233333 3.266667 3.300000 3.333333 3.366667 3.400000 3.433333 3.466667 3.500000 3.533333 3.566667 3.600000 3.633333 3.666667 3.700000
3.733333 3.766667 3.800000 3.833333 3.866667 3.900000 3.933333 3.966667 4.000000 4.033333 4.066667 4.100000 4.133333 4.166667 4.200000 4.233333
4.266667 4.300000 4.333333 4.366667 4.400000 4.433333 4.466667 4.500000 4.533333 4.566667 4.600000 4.633333 4.666667 4.700000 4.733333 4.766667
4.800000 4.833333 4.866667 4.900000 4.933333 4.966667 5.000000 5.033333 5.066667 5.100000 5.133333 5.166667 5.200000 5.233333 5.266667 5.300000
5.333333 5.366667 5.400000 5.433333 5.466667 5.500000 5.533333 5.566667 5.600000 5.633333 5.666667 5.700000 5.733333 5.766667 5.800000 5.833333
5.866667 5.900000 5.933333 5.966667 6.000000 6.033333 6.066667 6.100000</float_array>
        <technique_common>
          <accessor source="#mixamorig_Spine2-Matrix-animation-input-array" count="184">
            <param name="TIME" type="float"/>
          </accessor>
        </technique_common>
      </source>
      <source id="mixamorig_Spine2-Matrix-animation-output-transform">
        <float_array id="mixamorig_Spine2-Matrix-animation-output-transform-array" count="2944">

0.999979 -0.006403 -0.000969 -0.000000 0.006408 0.999964 0.005543 14.124600 0.000933 -0.005549 0.999984 -0.000000 0.000000 0.000000 0.000000 1.000000
0.999979 -0.006336 -0.000959 0.000000 0.006341 0.999966 0.005350 14.124600 0.000925 -0.005355 0.999985 0.000000 0.000000 0.000000 0.000000 1.000000
0.999980 -0.006291 -0.000959 -0.000000 0.006295 0.999967 0.005156 14.124600 0.000927 -0.005162 0.999986 0.000000 0.000000 0.000000 0.000000 1.000000
0.999980 -0.006280 -0.000981 0.000000 0.006284 0.999968 0.004952 14.124600 0.000950 -0.004958 0.999987 0.000000 0.000000 0.000000 0.000000 1.000000
0.999980 -0.006278 -0.001011 -0.000000 0.006283 0.999969 0.004740 14.124600 0.000981 -0.004746 0.999988 -0.000000 0.000000 0.000000 0.000000 1.000000
0.999980 -0.006289 -0.001039 0.000000 0.006293 0.999970 0.004543 14.124600 0.001010 -0.004550 0.999989 -0.000000 0.000000 0.000000 0.000000 1.000000
0.999980 -0.006313 -0.001056 -0.000000 0.006318 0.999970 0.004382 14.124600 0.001028 -0.004389 0.999990 0.000000 0.000000 0.000000 0.000000 1.000000
0.999979 -0.006352 -0.001061 -0.000000 0.006357 0.999971 0.004263 14.124600 0.001034 -0.004270 0.999990 -0.000000 0.000000 0.000000 0.000000 1.000000
0.999979 -0.006401 -0.001059 0.000000 0.006406 0.999971 0.004169 14.124600 0.001033 -0.004175 0.999991 0.000000 0.000000 0.000000 0.000000 1.000000
0.999979 -0.006458 -0.001054 0.000000 0.006462 0.999971 0.004090 14.124600 0.001027 -0.004096 0.999991 0.000000 0.000000 0.000000 0.000000 1.000000
0.999978 -0.006520 -0.001046 -0.000000 0.006524 0.999971 0.004016 14.124600 0.001020 -0.004022 0.999991 0.000000 0.000000 0.000000 0.000000 1.000000
0.999978 -0.006583 -0.001039 -0.000000 0.006587 0.999971 0.003936 14.124600 0.001013 -0.003943 0.999992 -0.000000 0.000000 0.000000 0.000000 1.000000
0.999977 -0.006697 -0.001019 -0.000000 0.006701 0.999970 0.003872 14.124600 0.000993 -0.003879 0.999992 -0.000000 0.000000 0.000000 0.000000 1.000000
0.999976 -0.006830 -0.001042 -0.000000 0.006834 0.999969 0.003819 14.124600 0.001015 -0.003826 0.999992 0.000000 0.000000 0.000000 0.000000 1.000000
0.999975 -0.006962 -0.001071 0.000000 0.006966 0.999969 0.003769 14.124600 0.001044 -0.003777 0.999992 0.000000 0.000000 0.000000 0.000000 1.000000
0.999975 -0.007028 -0.001081 0.000000 0.007032 0.999968 0.003728 14.124600 0.001054 -0.003736 0.999992 0.000000 0.000000 0.000000 0.000000 1.000000
0.999975 -0.007028 -0.001069 0.000000 0.007032 0.999968 0.003697 14.124600 0.001043 -0.003705 0.999993 0.000000 0.000000 0.000000 0.000000 1.000000
0.999975 -0.007009 -0.001052 -0.000000 0.007013 0.999969 0.003672 14.124600 0.001027 -0.003679 0.999993 -0.000000 0.000000 0.000000 0.000000 1.000000
0.999975 -0.006976 -0.001031 0.000000 0.006980 0.999969 0.003650 14.124600 0.001006 -0.003657 0.999993 0.000000 0.000000 0.000000 0.000000 1.000000
0.999975 -0.006935 -0.001008 0.000000 0.006939 0.999969 0.003627 14.124600 0.000983 -0.003634 0.999993 0.000000 0.000000 0.000000 0.000000 1.000000
0.999976 -0.006890 -0.000984 -0.000000 0.006893 0.999970 0.003600 14.124600 0.000959 -0.003607 0.999993 0.000000 0.000000 0.000000 0.000000 1.000000
0.999976 -0.006845 -0.000961 0.000000 0.006849 0.999970 0.003568 14.124600 0.000936 -0.003574 0.999993 0.000000 0.000000 0.000000 0.000000 1.000000
0.999976 -0.006807 -0.000940 0.000000 0.006810 0.999971 0.003526 14.124600 0.000916 -0.003532 0.999993 0.000000 0.000000 0.000000 0.000000 1.000000
0.999977 -0.006759 -0.000932 -0.000000 0.006763 0.999972 0.003349 14.124600 0.000909 -0.003355 0.999994 -0.000000 0.000000 0.000000 0.000000 1.000000
0.999977 -0.006702 -0.000909 -0.000000 0.006705 0.999973 0.003022 14.124600 0.000889 -0.003028 0.999995 0.000000 0.000000 0.000000 0.000000 1.000000
0.999978 -0.006624 -0.000876 -0.000000 0.006626 0.999975 0.002412 14.124600 0.000860 -0.002417 0.999997 0.000000 0.000000 0.000000 0.000000 1.000000
0.999978 -0.006590 -0.000869 0.000000 0.006591 0.999977 0.001261 14.124600 0.000861 -0.001267 0.999999 0.000000 0.000000 0.000000 0.000000 1.000000
0.999978 -0.006592 -0.000900 0.000000 0.006591 0.999978 -0.000069 14.124600 0.000901 0.000063 1.000000 0.000000 0.000000 0.000000 0.000000 1.000000
0.999977 -0.006734 -0.001099 -0.000000 0.006732 0.999976 -0.001759 14.124600 0.001111 0.001752 0.999998 0.000000 0.000000 0.000000 0.000000 1.000000
0.999975 -0.006968 -0.001429 0.000000 0.006963 0.999970 -0.003474 14.124600 0.001453 0.003464 0.999993 0.000000 0.000000 0.000000 0.000000 1.000000
0.999973 -0.007099 -0.001776 0.000000 0.007090 0.999962 -0.005058 14.124600 0.001812 0.005045 0.999986 0.000000 0.000000 0.000000 0.000000 1.000000
0.999973 -0.006997 -0.002077 0.000000 0.006984 0.999954 -0.006549 14.124600 0.002123 0.006534 0.999976 0.000000 0.000000 0.000000 0.000000 1.000000
0.999974 -0.006767 -0.002432 0.000000 0.006747 0.999944 -0.008202 14.124600 0.002487 0.008186 0.999963 0.000000 0.000000 0.000000 0.000000 1.000000
0.999975 -0.006418 -0.002913 0.000000 0.006387 0.999926 -0.010316 14.124600 0.002979 0.010297 0.999943 -0.000000 0.000000 0.000000 0.000000 1.000000
0.999977 -0.005920 -0.003207 0.000000 0.005879 0.999903 -0.012608 14.124600 0.003281 0.012589 0.999915 0.000000 0.000000 0.000000 0.000000 1.000000
0.999979 -0.005427 -0.003493 0.000000 0.005374 0.999874 -0.014956 14.124600 0.003574 0.014937 0.999882 0.000000 0.000000 0.000000 0.000000 1.000000
0.999981 -0.004860 -0.003725 0.000000 0.004796 0.999840 -0.017233 14.124600 0.003808 0.017215 0.999845 -0.000000 0.000000 0.000000 0.000000 1.000000
0.999984 -0.004142 -0.003852 0.000000 0.004066 0.999805 -0.019312 14.124600 0.003932 0.019297 0.999806 0.000000 0.000000 0.000000 0.000000 1.000000
0.999992 -0.002301 -0.003193 -0.000000 0.002237 0.999797 -0.020011 14.124600 0.003238 0.020003 0.999795 0.000000 0.000000 0.000000 0.000000 1.000000
0.999996 -0.000554 -0.002945 -0.000000 0.000487 0.999741 -0.022731 14.124600 0.002957 0.022730 0.999737 -0.000000 0.000000 0.000000 0.000000 1.000000
0.999996 0.000945 -0.002808 0.000000 -0.001018 0.999658 -0.026142 14.124600 0.002782 0.026145 0.999654 0.000000 0.000000 0.000000 0.000000 1.000000
0.999995 0.001286 -0.002775 0.000000 -0.001372 0.999519 -0.030981 14.124600 0.002734 0.030984 0.999516 0.000000 0.000000 0.000000 0.000000 1.000000
0.999997 0.001273 -0.002070 -0.000000 -0.001342 0.999431 -0.033717 14.124600 0.002026 0.033720 0.999429 0.000000 0.000000 0.000000 0.000000 1.000000
0.999999 -0.000245 -0.001243 0.000000 0.000203 0.999430 -0.033764 14.124600 0.001250 0.033764 0.999429 -0.000000 0.000000 0.000000 0.000000 1.000000
0.999997 -0.002416 -0.000649 0.000000 0.002393 0.999436 -0.033506 14.124600 0.000729 0.033504 0.999438 0.000000 0.000000 0.000000 0.000000 1.000000
0.999985 -0.005471 -0.000627 0.000000 0.005446 0.999408 -0.033971 14.124600 0.000813 0.033967 0.999423 0.000000 0.000000 0.000000 0.000000 1.000000
0.999960 -0.008870 -0.001087 -0.000000 0.008827 0.999360 -0.034668 14.124600 0.001394 0.034657 0.999398 0.000000 0.000000 0.000000 0.000000 1.000000
0.999924 -0.012121 -0.002157 -0.000000 0.012037 0.999300 -0.035424 14.124600 0.002585 0.035395 0.999370 0.000000 0.000000 0.000000 0.000000 1.000000
0.999876 -0.015317 -0.003529 0.000000 0.015178 0.999225 -0.036314 14.124600 0.004083 0.036256 0.999334 -0.000000 0.000000 0.000000 0.000000 1.000000
0.999811 -0.018788 -0.005047 -0.000000 0.018587 0.999132 -0.037292 14.124600 0.005743 0.037191 0.999292 0.000000 0.000000 0.000000 0.000000 1.000000
0.999752 -0.021333 -0.006394 -0.000000 0.021071 0.999035 -0.038534 14.124600 0.007210 0.038390 0.999237 -0.000000 0.000000 0.000000 0.000000 1.000000
0.999727 -0.022179 -0.007323 0.000000 0.021866 0.998946 -0.040367 14.124600 0.008210 0.040196 0.999158 0.000000 0.000000 0.000000 0.000000 1.000000
0.999720 -0.022250 -0.008056 0.000000 0.021890 0.998862 -0.042365 14.124600 0.008990 0.042177 0.999070 0.000000 0.000000 0.000000 0.000000 1.000000
0.999730 -0.021628 -0.008475 0.000000 0.021237 0.998817 -0.043754 14.124600 0.009412 0.043562 0.999006 0.000000 0.000000 0.000000 0.000000 1.000000
0.999778 -0.019417 -0.008211 -0.000000 0.019041 0.998867 -0.043617 14.124600 0.009049 0.043451 0.999015 0.000000 0.000000 0.000000 0.000000 1.000000
0.999834 -0.016609 -0.007501 -0.000000 0.016274 0.998957 -0.042666 14.124600 0.008201 0.042537 0.999061 0.000000 0.000000 0.000000 0.000000 1.000000
0.999863 -0.015211 -0.006476 0.000000 0.014931 0.999034 -0.041328 14.124600 0.007099 0.041226 0.999125 0.000000 0.000000 0.000000 0.000000 1.000000
0.999885 -0.013943 -0.006025 0.000000 0.013690 0.999097 -0.040219 14.124600 0.006580 0.040132 0.999173 0.000000 0.000000 0.000000 0.000000 1.000000
0.999904 -0.012644 -0.005650 0.000000 0.012413 0.999156 -0.039150 14.124600 0.006140 0.039076 0.999217 0.000000 0.000000 0.000000 0.000000 1.000000
0.999921 -0.011381 -0.005295 0.000000 0.011171 0.999212 -0.038085 14.124600 0.005724 0.038023 0.999260 0.000000 0.000000 0.000000 0.000000 1.000000
0.999936 -0.010222 -0.004902 0.000000 0.010034 0.999265 -0.036988 14.124600 0.005277 0.036937 0.999304 0.000000 0.000000 0.000000 0.000000 1.000000
0.999948 -0.009235 -0.004414 0.000000 0.009071 0.999317 -0.035822 14.124600 0.004741 0.035780 0.999348 0.000000 0.000000 0.000000 0.000000 1.000000
0.999946 -0.009935 -0.003179 0.000000 0.009821 0.999372 -0.034041 14.124600 0.003515 0.034008 0.999415 0.000000 0.000000 0.000000 0.000000 1.000000
0.999929 -0.011716 -0.002221 0.000000 0.011639 0.999411 -0.032291 14.124600 0.002598 0.032263 0.999476 0.000000 0.000000 0.000000 0.000000 1.000000
0.999915 -0.012957 -0.001755 0.000000 0.012898 0.999456 -0.030362 14.124600 0.002147 0.030336 0.999537 0.000000 0.000000 0.000000 0.000000 1.000000
0.999911 -0.013248 -0.001760 0.000000 0.013193 0.999515 -0.028199 14.124600 0.002132 0.028173 0.999601 0.000000 0.000000 0.000000 0.000000 1.000000
0.999912 -0.013123 -0.001886 0.000000 0.013069 0.999579 -0.025899 14.124600 0.002225 0.025872 0.999663 0.000000 0.000000 0.000000 0.000000 1.000000
0.999921 -0.012405 -0.002113 0.000000 0.012352 0.999652 -0.023311 14.124600 0.002402 0.023283 0.999726 0.000000 0.000000 0.000000 0.000000 1.000000
0.999931 -0.011509 -0.002275 0.000000 0.011459 0.999719 -0.020743 14.124600 0.002513 0.020716 0.999782 0.000000 0.000000 0.000000 0.000000 1.000000
0.999939 -0.010817 -0.002186 0.000000 0.010774 0.999771 -0.018515 14.124600 0.002386 0.018490 0.999826 0.000000 0.000000 0.000000 0.000000 1.000000
0.999946 -0.010254 -0.001900 -0.000000 0.010222 0.999812 -0.016451 14.124600 0.002068 0.016431 0.999863 0.000000 0.000000 0.000000 0.000000 1.000000
0.999950 -0.009904 -0.001337 0.000000 0.009883 0.999846 -0.014488 14.124600 0.001480 0.014474 0.999894 0.000000 0.000000 0.000000 0.000000 1.000000
0.999953 -0.009674 -0.000709 0.000000 0.009664 0.999874 -0.012612 14.124600 0.000831 0.012604 0.999920 0.000000 0.000000 0.000000 0.000000 1.000000
0.999955 -0.009445 -0.000158 0.000000 0.009442 0.999898 -0.010735 14.124600 0.000260 0.010733 0.999942 -0.000000 0.000000 0.000000 0.000000 1.000000
0.999956 -0.009377 0.000182 0.000000 0.009378 0.999915 -0.009013 14.124600 -0.000098 0.009014 0.999959 0.000000 0.000000 0.000000 0.000000 1.000000
0.999953 -0.009669 0.000049 -0.000000 0.009669 0.999924 -0.007634 14.124600 0.000025 0.007634 0.999971 -0.000000 0.000000 0.000000 0.000000 1.000000
0.999949 -0.010079 -0.000313 0.000000 0.010077 0.999929 -0.006408 14.124600 0.000377 0.006405 0.999979 0.000000 0.000000 0.000000 0.000000 1.000000
0.999946 -0.010394 -0.000892 0.000000 0.010390 0.999932 -0.005280 14.124600 0.000947 0.005271 0.999986 0.000000 0.000000 0.000000 0.000000 1.000000
0.999943 -0.010604 -0.001549 0.000000 0.010597 0.999935 -0.004244 14.124600 0.001594 0.004227 0.999990 0.000000 0.000000 0.000000 0.000000 1.000000
0.999940 -0.010722 -0.002167 0.000000 0.010715 0.999937 -0.003269 14.124600 0.002201 0.003245 0.999992 0.000000 0.000000 0.000000 0.000000 1.000000
0.999939 -0.010764 -0.002595 0.000000 0.010758 0.999940 -0.002262 14.124600 0.002619 0.002234 0.999994 0.000000 0.000000 0.000000 0.000000 1.000000
0.999938 -0.010775 -0.002756 0.000000 0.010772 0.999941 -0.001165 14.124600 0.002768 0.001136 0.999996 0.000000 0.000000 0.000000 0.000000 1.000000
0.999939 -0.010782 -0.002578 -0.000000 0.010783 0.999942 0.000165 14.124600 0.002576 -0.000192 0.999997 -0.000000 0.000000 0.000000 0.000000 1.000000
0.999939 -0.010789 -0.002362 0.000000 0.010792 0.999941 0.001519 14.124600 0.002346 -0.001544 0.999996 0.000000 0.000000 0.000000 0.000000 1.000000
0.999939 -0.010796 -0.002128 0.000000 0.010802 0.999937 0.002887 14.124600 0.002097 -0.002909 0.999994 0.000000 0.000000 0.000000 0.000000 1.000000
0.999940 -0.010809 -0.001897 -0.000000 0.010817 0.999932 0.004259 14.124600 0.001851 -0.004279 0.999989 -0.000000 0.000000 0.000000 0.000000 1.000000
0.999940 -0.010830 -0.001689 -0.000000 0.010840 0.999925 0.005626 14.124600 0.001628 -0.005644 0.999983 -0.000000 0.000000 0.000000 0.000000 1.000000
0.999939 -0.010926 -0.001617 0.000000 0.010937 0.999916 0.007000 14.124600 0.001541 -0.007017 0.999974 0.000000 0.000000 0.000000 0.000000 1.000000
0.999940 -0.010863 -0.001633 0.000000 0.010877 0.999906 0.008305 14.124600 0.001543 -0.008322 0.999964 0.000000 0.000000 0.000000 0.000000 1.000000
0.999941 -0.010735 -0.001678 0.000000 0.010751 0.999897 0.009528 14.124600 0.001576 -0.009546 0.999953 0.000000 0.000000 0.000000 0.000000 1.000000
0.999941 -0.010692 -0.001715 0.000000 0.010710 0.999886 0.010618 14.124600 0.001601 -0.010636 0.999942 0.000000 0.000000 0.000000 0.000000 1.000000
0.999939 -0.010897 -0.001721 0.000000 0.010916 0.999875 0.011425 14.124600 0.001596 -0.011443 0.999933 0.000000 0.000000 0.000000 0.000000 1.000000
0.999935 -0.011237 -0.001697 0.000000 0.011257 0.999864 0.012059 14.124600 0.001561 -0.012078 0.999926 -0.000000 0.000000 0.000000 0.000000 1.000000
0.999930 -0.011691 -0.001616 -0.000000 0.011711 0.999852 0.012616 14.124600 0.001468 -0.012634 0.999919 0.000000 0.000000 0.000000 0.000000 1.000000
0.999925 -0.012143 -0.001536 -0.000000 0.012161 0.999842 0.012994 14.124600 0.001378 -0.013012 0.999914 0.000000 0.000000 0.000000 0.000000 1.000000
0.999921 -0.012499 -0.001484 0.000000 0.012518 0.999834 0.013211 14.124600 0.001319 -0.013228 0.999912 0.000000 0.000000 0.000000 0.000000 1.000000
0.999917 -0.012840 -0.001432 0.000000 0.012858 0.999828 0.013377 14.124600 0.001260 -0.013394 0.999910 0.000000 0.000000 0.000000 0.000000 1.000000
0.999913 -0.013141 -0.001409 0.000000 0.013158 0.999823 0.013472 14.124600 0.001232 -0.013490 0.999908 -0.000000 0.000000 0.000000 0.000000 1.000000
0.999909 -0.013379 -0.001446 0.000000 0.013398 0.999819 0.013479 14.124600 0.001266 -0.013497 0.999908 0.000000 0.000000 0.000000 0.000000 1.000000
0.999907 -0.013537 -0.001641 -0.000000 0.013557 0.999820 0.013293 14.124600 0.001461 -0.013314 0.999910 -0.000000 0.000000 0.000000 0.000000 1.000000
0.999906 -0.013597 -0.001924 0.000000 0.013621 0.999823 0.012960 14.124600 0.001748 -0.012985 0.999914 0.000000 0.000000 0.000000 0.000000 1.000000
0.999906 -0.013543 -0.002070 -0.000000 0.013568 0.999827 0.012689 14.124600 0.001898 -0.012716 0.999917 0.000000 0.000000 0.000000 0.000000 1.000000
0.999908 -0.013426 -0.002072 0.000000 0.013451 0.999831 0.012517 14.124600 0.001903 -0.012544 0.999920 -0.000000 0.000000 0.000000 0.000000 1.000000
0.999909 -0.013308 -0.002073 0.000000 0.013333 0.999835 0.012346 14.124600 0.001908 -0.012372 0.999922 0.000000 0.000000 0.000000 0.000000 1.000000
0.999911 -0.013190 -0.002073 0.000000 0.013214 0.999839 0.012173 14.124600 0.001912 -0.012200 0.999924 0.000000 0.000000 0.000000 0.000000 1.000000
0.999912 -0.013070 -0.002073 0.000000 0.013094 0.999842 0.012001 14.124600 0.001916 -0.012027 0.999926 0.000000 0.000000 0.000000 0.000000 1.000000
0.999914 -0.012950 -0.002072 0.000000 0.012974 0.999846 0.011828 14.124600 0.001919 -0.011854 0.999928 0.000000 0.000000 0.000000 0.000000 1.000000
0.999916 -0.012829 -0.002071 0.000000 0.012852 0.999849 0.011656 14.124600 0.001921 -0.011681 0.999930 -0.000000 0.000000 0.000000 0.000000 1.000000
0.999917 -0.012707 -0.002069 -0.000000 0.012730 0.999853 0.011483 14.124600 0.001922 -0.011508 0.999932 -0.000000 0.000000 0.000000 0.000000 1.000000
0.999919 -0.012585 -0.002066 -0.000000 0.012607 0.999857 0.011310 14.124600 0.001923 -0.011335 0.999934 0.000000 0.000000 0.000000 0.000000 1.000000
0.999920 -0.012461 -0.002063 0.000000 0.012483 0.999860 0.011137 14.124600 0.001924 -0.011161 0.999936 0.000000 0.000000 0.000000 0.000000 1.000000
0.999922 -0.012337 -0.002059 -0.000000 0.012359 0.999864 0.010963 14.124600 0.001923 -0.010988 0.999938 -0.000000 0.000000 0.000000 0.000000 1.000000
0.999923 -0.012213 -0.002055 0.000000 0.012234 0.999867 0.010790 14.124600 0.001923 -0.010815 0.999940 0.000000 0.000000 0.000000 0.000000 1.000000
0.999925 -0.012088 -0.002050 0.000000 0.012109 0.999870 0.010617 14.124600 0.001921 -0.010641 0.999942 0.000000 0.000000 0.000000 0.000000 1.000000
0.999926 -0.011962 -0.002044 0.000000 0.011983 0.999874 0.010444 14.124600 0.001919 -0.010468 0.999943 0.000000 0.000000 0.000000 0.000000 1.000000
0.999928 -0.011836 -0.002038 0.000000 0.011856 0.999877 0.010271 14.124600 0.001917 -0.010295 0.999945 0.000000 0.000000 0.000000 0.000000 1.000000
0.999929 -0.011709 -0.002032 0.000000 0.011729 0.999880 0.010098 14.124600 0.001914 -0.010122 0.999947 -0.000000 0.000000 0.000000 0.000000 1.000000
0.999931 -0.011582 -0.002025 0.000000 0.011601 0.999883 0.009926 14.124600 0.001910 -0.009949 0.999949 0.000000 0.000000 0.000000 0.000000 1.000000
0.999932 -0.011454 -0.002018 0.000000 0.011473 0.999887 0.009753 14.124600 0.001906 -0.009776 0.999950 0.000000 0.000000 0.000000 0.000000 1.000000
0.999934 -0.011326 -0.002010 -0.000000 0.011345 0.999890 0.009581 14.124600 0.001901 -0.009603 0.999952 -0.000000 0.000000 0.000000 0.000000 1.000000
0.999935 -0.011198 -0.002002 0.000000 0.011216 0.999893 0.009409 14.124600 0.001896 -0.009431 0.999954 0.000000 0.000000 0.000000 0.000000 1.000000
0.999937 -0.011069 -0.001993 0.000000 0.011087 0.999896 0.009237 14.124600 0.001891 -0.009259 0.999955 0.000000 0.000000 0.000000 0.000000 1.000000
0.999938 -0.010940 -0.001984 0.000000 0.010958 0.999899 0.009066 14.124600 0.001885 -0.009087 0.999957 -0.000000 0.000000 0.000000 0.000000 1.000000
0.999940 -0.010811 -0.001975 -0.000000 0.010828 0.999902 0.008895 14.124600 0.001879 -0.008916 0.999958 0.000000 0.000000 0.000000 0.000000 1.000000
0.999941 -0.010681 -0.001965 -0.000000 0.010698 0.999905 0.008725 14.124600 0.001872 -0.008745 0.999960 0.000000 0.000000 0.000000 0.000000 1.000000
0.999942 -0.010551 -0.001955 -0.000000 0.010568 0.999908 0.008554 14.124600 0.001865 -0.008575 0.999961 0.000000 0.000000 0.000000 0.000000 1.000000
0.999944 -0.010421 -0.001945 0.000000 0.010437 0.999910 0.008385 14.124600 0.001857 -0.008405 0.999963 0.000000 0.000000 0.000000 0.000000 1.000000
0.999945 -0.010291 -0.001934 -0.000000 0.010307 0.999913 0.008216 14.124600 0.001849 -0.008235 0.999964 -0.000000 0.000000 0.000000 0.000000 1.000000
0.999947 -0.010161 -0.001923 -0.000000 0.010176 0.999916 0.008047 14.124600 0.001841 -0.008066 0.999966 0.000000 0.000000 0.000000 0.000000 1.000000
0.999948 -0.010031 -0.001911 -0.000000 0.010045 0.999919 0.007879 14.124600 0.001832 -0.007898 0.999967 0.000000 0.000000 0.000000 0.000000 1.000000
0.999949 -0.009900 -0.001900 0.000000 0.009915 0.999921 0.007711 14.124600 0.001823 -0.007730 0.999968 0.000000 0.000000 0.000000 0.000000 1.000000
0.999950 -0.009770 -0.001888 0.000000 0.009784 0.999924 0.007544 14.124600 0.001814 -0.007563 0.999970 0.000000 0.000000 0.000000 0.000000 1.000000
0.999952 -0.009640 -0.001876 0.000000 0.009653 0.999926 0.007378 14.124600 0.001804 -0.007396 0.999971 0.000000 0.000000 0.000000 0.000000 1.000000
0.999953 -0.009509 -0.001863 -0.000000 0.009522 0.999929 0.007213 14.124600 0.001794 -0.007230 0.999972 0.000000 0.000000 0.000000 0.000000 1.000000
0.999954 -0.009379 -0.001851 0.000000 0.009392 0.999931 0.007048 14.124600 0.001784 -0.007065 0.999973 -0.000000 0.000000 0.000000 0.000000 1.000000
0.999956 -0.009249 -0.001838 -0.000000 0.009261 0.999933 0.006884 14.124600 0.001774 -0.006901 0.999975 0.000000 0.000000 0.000000 0.000000 1.000000
0.999957 -0.009119 -0.001825 0.000000 0.009131 0.999936 0.006721 14.124600 0.001763 -0.006737 0.999976 0.000000 0.000000 0.000000 0.000000 1.000000
0.999958 -0.008989 -0.001811 0.000000 0.009001 0.999938 0.006558 14.124600 0.001752 -0.006574 0.999977 -0.000000 0.000000 0.000000 0.000000 1.000000
0.999959 -0.008859 -0.001798 -0.000000 0.008871 0.999940 0.006397 14.124600 0.001741 -0.006412 0.999978 0.000000 0.000000 0.000000 0.000000 1.000000
0.999960 -0.008730 -0.001784 -0.000000 0.008741 0.999942 0.006236 14.124600 0.001730 -0.006251 0.999979 0.000000 0.000000 0.000000 0.000000 1.000000
0.999961 -0.008601 -0.001771 0.000000 0.008611 0.999944 0.006076 14.124600 0.001718 -0.006091 0.999980 -0.000000 0.000000 0.000000 0.000000 1.000000
0.999963 -0.008472 -0.001757 -0.000000 0.008482 0.999947 0.005917 14.124600 0.001707 -0.005932 0.999981 0.000000 0.000000 0.000000 0.000000 1.000000
0.999964 -0.008344 -0.001743 -0.000000 0.008353 0.999949 0.005760 14.124600 0.001695 -0.005774 0.999982 0.000000 0.000000 0.000000 0.000000 1.000000
0.999965 -0.008215 -0.001729 -0.000000 0.008225 0.999950 0.005603 14.124600 0.001683 -0.005617 0.999983 -0.000000 0.000000 0.000000 0.000000 1.000000
0.999966 -0.008088 -0.001715 -0.000000 0.008097 0.999952 0.005447 14.124600 0.001671 -0.005461 0.999984 0.000000 0.000000 0.000000 0.000000 1.000000
0.999967 -0.007960 -0.001701 0.000000 0.007969 0.999954 0.005293 14.124600 0.001658 -0.005306 0.999985 0.000000 0.000000 0.000000 0.000000 1.000000
0.999968 -0.007834 -0.001686 -0.000000 0.007842 0.999956 0.005139 14.124600 0.001646 -0.005152 0.999985 0.000000 0.000000 0.000000 0.000000 1.000000
0.999969 -0.007707 -0.001672 0.000000 0.007715 0.999958 0.004987 14.124600 0.001634 -0.005000 0.999986 0.000000 0.000000 0.000000 0.000000 1.000000
0.999970 -0.007581 -0.001658 0.000000 0.007589 0.999960 0.004836 14.124600 0.001621 -0.004848 0.999987 0.000000 0.000000 0.000000 0.000000 1.000000
0.999971 -0.007456 -0.001643 -0.000000 0.007464 0.999961 0.004686 14.124600 0.001608 -0.004698 0.999988 0.000000 0.000000 0.000000 0.000000 1.000000
0.999972 -0.007331 -0.001629 0.000000 0.007339 0.999963 0.004537 14.124600 0.001596 -0.004549 0.999988 -0.000000 0.000000 0.000000 0.000000 1.000000
0.999973 -0.007207 -0.001615 0.000000 0.007214 0.999964 0.004390 14.124600 0.001583 -0.004402 0.999989 0.000000 0.000000 0.000000 0.000000 1.000000
0.999973 -0.007237 -0.001287 0.000000 0.007244 0.999960 0.005213 14.124600 0.001250 -0.005222 0.999986 0.000000 0.000000 0.000000 0.000000 1.000000
0.999973 -0.007263 -0.000966 0.000000 0.007269 0.999956 0.005907 14.124600 0.000923 -0.005914 0.999982 -0.000000 0.000000 0.000000 0.000000 1.000000
0.999973 -0.007285 -0.000657 0.000000 0.007289 0.999952 0.006573 14.124600 0.000609 -0.006578 0.999978 0.000000 0.000000 0.000000 0.000000 1.000000
0.999973 -0.007288 -0.000405 -0.000000 0.007291 0.999947 0.007227 14.124600 0.000352 -0.007230 0.999974 0.000000 0.000000 0.000000 0.000000 1.000000
0.999974 -0.007206 -0.000209 -0.000000 0.007208 0.999946 0.007470 14.124600 0.000155 -0.007471 0.999972 -0.000000 0.000000 0.000000 0.000000 1.000000
0.999975 -0.007112 -0.000083 0.000000 0.007113 0.999947 0.007505 14.124600 0.000030 -0.007505 0.999972 0.000000 0.000000 0.000000 0.000000 1.000000
0.999975 -0.007050 -0.000120 -0.000000 0.007050 0.999949 0.007181 14.124600 0.000070 -0.007181 0.999974 0.000000 0.000000 0.000000 0.000000 1.000000
0.999976 -0.006961 -0.000210 0.000000 0.006963 0.999953 0.006805 14.124600 0.000163 -0.006806 0.999977 0.000000 0.000000 0.000000 0.000000 1.000000
0.999977 -0.006782 -0.000266 -0.000000 0.006783 0.999955 0.006690 14.124600 0.000221 -0.006691 0.999978 0.000000 0.000000 0.000000 0.000000 1.000000
0.999978 -0.006582 -0.000309 0.000000 0.006584 0.999956 0.006668 14.124600 0.000265 -0.006669 0.999978 0.000000 0.000000 0.000000 0.000000 1.000000
0.999979 -0.006441 -0.000295 -0.000000 0.006442 0.999957 0.006734 14.124600 0.000251 -0.006736 0.999977 -0.000000 0.000000 0.000000 0.000000 1.000000
0.999980 -0.006357 -0.000211 -0.000000 0.006359 0.999956 0.006854 14.124600 0.000167 -0.006855 0.999976 0.000000 0.000000 0.000000 0.000000 1.000000
0.999980 -0.006295 -0.000167 0.000000 0.006296 0.999955 0.007041 14.124600 0.000123 -0.007042 0.999975 0.000000 0.000000 0.000000 0.000000 1.000000
0.999981 -0.006238 -0.000132 -0.000000 0.006239 0.999954 0.007238 14.124600 0.000087 -0.007239 0.999974 -0.000000 0.000000 0.000000 0.000000 1.000000
0.999981 -0.006187 -0.000119 -0.000000 0.006188 0.999953 0.007416 14.124600 0.000073 -0.007416 0.999972 0.000000 0.000000 0.000000 0.000000 1.000000
0.999981 -0.006172 -0.000220 -0.000000 0.006173 0.999953 0.007481 14.124600 0.000174 -0.007482 0.999972 -0.000000 0.000000 0.000000 0.000000 1.000000
0.999981 -0.006182 -0.000357 0.000000 0.006184 0.999953 0.007470 14.124600 0.000311 -0.007472 0.999972 0.000000 0.000000 0.000000 0.000000 1.000000
0.999981 -0.006175 -0.000530 -0.000000 0.006179 0.999953 0.007432 14.124600 0.000484 -0.007435 0.999972 0.000000 0.000000 0.000000 0.000000 1.000000
0.999981 -0.006089 -0.000687 -0.000000 0.006094 0.999954 0.007393 14.124600 0.000642 -0.007397 0.999972 0.000000 0.000000 0.000000 0.000000 1.000000
0.999982 -0.005992 -0.000838 -0.000000 0.005998 0.999955 0.007350 14.124600 0.000794 -0.007355 0.999973 0.000000 0.000000 0.000000 0.000000 1.000000
0.999982 -0.005955 -0.000932 -0.000000 0.005961 0.999956 0.007265 14.124600 0.000888 -0.007271 0.999973 0.000000 0.000000 0.000000 0.000000 1.000000
0.999982 -0.005982 -0.000966 0.000000 0.005988 0.999957 0.007135 14.124600 0.000923 -0.007141 0.999974 0.000000 0.000000 0.000000 0.000000 1.000000
0.999981 -0.006028 -0.000977 -0.000000 0.006035 0.999957 0.006987 14.124600 0.000935 -0.006993 0.999975 0.000000 0.000000 0.000000 0.000000 1.000000
0.999981 -0.006089 -0.000973 -0.000000 0.006096 0.999958 0.006828 14.124600 0.000932 -0.006834 0.999976 0.000000 0.000000 0.000000 0.000000 1.000000
0.999981 -0.006161 -0.000965 -0.000000 0.006167 0.999959 0.006667 14.124600 0.000924 -0.006672 0.999977 0.000000 0.000000 0.000000 0.000000 1.000000
0.999980 -0.006238 -0.000962 0.000000 0.006244 0.999959 0.006509 14.124600 0.000921 -0.006515 0.999978 0.000000 0.000000 0.000000 0.000000 1.000000
0.999980 -0.006316 -0.000972 0.000000 0.006323 0.999960 0.006365 14.124600 0.000932 -0.006371 0.999979 0.000000 0.000000 0.000000 0.000000 1.000000
0.999978 -0.006495 -0.001075 0.000000 0.006502 0.999959 0.006311 14.124600 0.001034 -0.006317 0.999980 0.000000 0.000000 0.000000 0.000000 1.000000
0.999978 -0.006547 -0.001059 -0.000000 0.006554 0.999958 0.006344 14.124600 0.001017 -0.006351 0.999979 -0.000000 0.000000 0.000000 0.000000 1.000000
0.999978 -0.006574 -0.001020 0.000000 0.006581 0.999958 0.006393 14.124600 0.000978 -0.006399 0.999979 0.000000 0.000000 0.000000 0.000000 1.000000
0.999978 -0.006588 -0.000982 -0.000000 0.006594 0.999958 0.006429 14.124600 0.000940 -0.006436 0.999979 0.000000 0.000000 0.000000 0.000000 1.000000
0.999978 -0.006536 -0.000961 -0.000000 0.006542 0.999958 0.006393 14.124600 0.000919 -0.006399 0.999979 0.000000 0.000000 0.000000 0.000000 1.000000</float_array>
        <technique_common>
          <accessor source="#mixamorig_Spine2-Matrix-animation-output-transform-array" count="184" stride="16">
            <param type="float4x4"/>
          </accessor>
        </technique_common>
      </source>
      <source id="mixamorig_Spine2-Interpolations">
        <Name_array id="mixamorig_Spine2-Interpolations-array" count="184">
 LINEAR LINEAR LINEAR LINEAR LINEAR LINEAR LINEAR LINEAR LINEAR LINEAR LINEAR
LINEAR LINEAR LINEAR LINEAR LINEAR LINEAR LINEAR LINEAR LINEAR LINEAR LINEAR LINEAR
LINEAR LINEAR LINEAR LINEAR LINEAR LINEAR LINEAR LINEAR LINEAR LINEAR LINEAR LINEAR
LINEAR LINEAR LINEAR LINEAR LINEAR LINEAR LINEAR LINEAR LINEAR LINEAR LINEAR LINEAR
LINEAR LINEAR LINEAR LINEAR LINEAR LINEAR LINEAR LINEAR LINEAR LINEAR LINEAR LINEAR
LINEAR LINEAR LINEAR LINEAR LINEAR LINEAR LINEAR LINEAR LINEAR LINEAR LINEAR LINEAR
LINEAR LINEAR LINEAR LINEAR LINEAR LINEAR LINEAR LINEAR LINEAR LINEAR LINEAR LINEAR
LINEAR LINEAR LINEAR LINEAR LINEAR LINEAR LINEAR LINEAR LINEAR LINEAR LINEAR LINEAR
LINEAR LINEAR LINEAR LINEAR LINEAR LINEAR LINEAR LINEAR LINEAR LINEAR LINEAR LINEAR
LINEAR LINEAR LINEAR LINEAR LINEAR LINEAR LINEAR LINEAR LINEAR LINEAR LINEAR LINEAR
LINEAR LINEAR LINEAR LINEAR LINEAR LINEAR LINEAR LINEAR LINEAR LINEAR LINEAR LINEAR
LINEAR LINEAR LINEAR LINEAR LINEAR LINEAR LINEAR LINEAR LINEAR LINEAR LINEAR LINEAR
LINEAR LINEAR LINEAR LINEAR LINEAR LINEAR LINEAR LINEAR LINEAR LINEAR LINEAR LINEAR
LINEAR LINEAR LINEAR LINEAR LINEAR LINEAR LINEAR LINEAR LINEAR LINEAR LINEAR LINEAR
LINEAR LINEAR LINEAR LINEAR LINEAR LINEAR LINEAR LINEAR LINEAR LINEAR LINEAR LINEAR
LINEAR LINEAR LINEAR LINEAR LINEAR</Name_array>
        <technique_common>
          <accessor source="#mixamorig_Spine2-Interpolations-array" count="184">
            <param type="name"/>
          </accessor>
        </technique_common>
      </source>
      <sampler id="mixamorig_Spine2-Matrix-animation-transform">
        <input semantic="INPUT" source="#mixamorig_Spine2-Matrix-animation-input"/>
        <input semantic="OUTPUT" source="#mixamorig_Spine2-Matrix-animation-output-transform"/>
        <input semantic="INTERPOLATION" source="#mixamorig_Spine2-Interpolations"/>
      </sampler>
      <channel source="#mixamorig_Spine2-Matrix-animation-transform" target="mixamorig_Spine2/matrix"/>
    </animation>
    <animation id="mixamorig_Neck-anim" name="mixamorig_Neck">
      <source id="mixamorig_Neck-Matrix-animation-input">
        <float_array id="mixamorig_Neck-Matrix-animation-input-array" count="184">

0.000000 0.033333 0.066667 0.100000 0.133333 0.166667 0.200000 0.233333 0.266667 0.300000 0.333333 0.366667 0.400000 0.433333 0.466667 0.500000
0.533333 0.566667 0.600000 0.633333 0.666667 0.700000 0.733333 0.766667 0.800000 0.833333 0.866667 0.900000 0.933333 0.966667 1.000000 1.033333
1.066667 1.100000 1.133333 1.166667 1.200000 1.233333 1.266667 1.300000 1.333333 1.366667 1.400000 1.433333 1.466667 1.500000 1.533333 1.566667
1.600000 1.633333 1.666667 1.700000 1.733333 1.766667 1.800000 1.833333 1.866667 1.900000 1.933333 1.966667 2.000000 2.033333 2.066667 2.100000
2.133333 2.166667 2.200000 2.233333 2.266667 2.300000 2.333333 2.366667 2.400000 2.433333 2.466667 2.500000 2.533333 2.566667 2.600000 2.633333
2.666667 2.700000 2.733333 2.766667 2.800000 2.833333 2.866667 2.900000 2.933333 2.966667 3.000000 3.033333 3.066667 3.100000 3.133333 3.166667
3.200000 3.233333 3.266667 3.300000 3.333333 3.366667 3.400000 3.433333 3.466667 3.500000 3.533333 3.566667 3.600000 3.633333 3.666667 3.700000
3.733333 3.766667 3.800000 3.833333 3.866667 3.900000 3.933333 3.966667 4.000000 4.033333 4.066667 4.100000 4.133333 4.166667 4.200000 4.233333
4.266667 4.300000 4.333333 4.366667 4.400000 4.433333 4.466667 4.500000 4.533333 4.566667 4.600000 4.633333 4.666667 4.700000 4.733333 4.766667
4.800000 4.833333 4.866667 4.900000 4.933333 4.966667 5.000000 5.033333 5.066667 5.100000 5.133333 5.166667 5.200000 5.233333 5.266667 5.300000
5.333333 5.366667 5.400000 5.433333 5.466667 5.500000 5.533333 5.566667 5.600000 5.633333 5.666667 5.700000 5.733333 5.766667 5.800000 5.833333
5.866667 5.900000 5.933333 5.966667 6.000000 6.033333 6.066667 6.100000</float_array>
        <technique_common>
          <accessor source="#mixamorig_Neck-Matrix-animation-input-array" count="184">
            <param name="TIME" type="float"/>
          </accessor>
        </technique_common>
      </source>
      <source id="mixamorig_Neck-Matrix-animation-output-transform">
        <float_array id="mixamorig_Neck-Matrix-animation-output-transform-array" count="2944">

0.999978 0.000678 0.006653 0.000000 -0.000022 0.995183 -0.098035 15.890200 -0.006688 0.098033 0.995161 0.000000 0.000000 0.000000 0.000000 1.000000
0.999975 0.000944 0.006953 -0.000000 -0.000248 0.995044 -0.099437 15.890200 -0.007012 0.099432 0.995020 -0.000000 0.000000 0.000000 0.000000 1.000000
0.999973 0.001264 0.007178 -0.000000 -0.000535 0.994921 -0.100653 15.890200 -0.007269 0.100646 0.994896 -0.000000 0.000000 0.000000 0.000000 1.000000
0.999972 0.001726 0.007268 0.000000 -0.000979 0.994829 -0.101559 15.890200 -0.007406 0.101549 0.994803 0.000000 0.000000 0.000000 0.000000 1.000000
0.999971 0.002247 0.007317 -0.000000 -0.001486 0.994744 -0.102383 15.890200 -0.007509 0.102369 0.994718 -0.000000 0.000000 0.000000 0.000000 1.000000
0.999969 0.002731 0.007334 -0.000000 -0.001960 0.994670 -0.103095 15.890200 -0.007577 0.103078 0.994644 -0.000000 0.000000 0.000000 0.000000 1.000000
0.999968 0.003085 0.007327 0.000000 -0.002309 0.994609 -0.103669 15.890200 -0.007607 0.103649 0.994585 0.000000 0.000000 0.000000 0.000000 1.000000
0.999968 0.003291 0.007297 0.000000 -0.002513 0.994565 -0.104091 15.890200 -0.007600 0.104069 0.994541 0.000000 0.000000 0.000000 0.000000 1.000000
0.999968 0.003412 0.007244 -0.000000 -0.002637 0.994532 -0.104397 15.890200 -0.007561 0.104374 0.994509 -0.000000 0.000000 0.000000 0.000000 1.000000
0.999968 0.003480 0.007178 -0.000000 -0.002710 0.994507 -0.104636 15.890200 -0.007502 0.104614 0.994485 -0.000000 0.000000 0.000000 0.000000 1.000000
0.999969 0.003527 0.007105 -0.000000 -0.002762 0.994483 -0.104860 15.890200 -0.007436 0.104837 0.994462 0.000000 0.000000 0.000000 0.000000 1.000000
0.999969 0.003582 0.007035 0.000000 -0.002823 0.994456 -0.105117 15.890200 -0.007373 0.105094 0.994435 0.000000 0.000000 0.000000 0.000000 1.000000
0.999970 0.003508 0.006931 0.000000 -0.002757 0.994425 -0.105412 15.890200 -0.007262 0.105389 0.994405 0.000000 0.000000 0.000000 0.000000 1.000000
0.999972 0.003327 0.006734 0.000000 -0.002597 0.994395 -0.105695 15.890200 -0.007048 0.105674 0.994376 0.000000 0.000000 0.000000 0.000000 1.000000
0.999974 0.003136 0.006528 -0.000000 -0.002426 0.994364 -0.105989 15.890200 -0.006824 0.105970 0.994346 0.000000 0.000000 0.000000 0.000000 1.000000
0.999974 0.003094 0.006455 -0.000000 -0.002390 0.994311 -0.106494 15.890200 -0.006748 0.106475 0.994292 0.000000 0.000000 0.000000 0.000000 1.000000
0.999974 0.003202 0.006519 0.000000 -0.002485 0.994234 -0.107205 15.890200 -0.006825 0.107186 0.994216 -0.000000 0.000000 0.000000 0.000000 1.000000
0.999972 0.003347 0.006624 -0.000000 -0.002612 0.994150 -0.107977 15.890200 -0.006947 0.107957 0.994131 0.000000 0.000000 0.000000 0.000000 1.000000
0.999971 0.003522 0.006757 -0.000000 -0.002766 0.994061 -0.108793 15.890200 -0.007100 0.108771 0.994042 0.000000 0.000000 0.000000 0.000000 1.000000
0.999969 0.003720 0.006906 0.000000 -0.002941 0.993967 -0.109636 15.890200 -0.007272 0.109613 0.993948 0.000000 0.000000 0.000000 0.000000 1.000000
0.999967 0.003935 0.007058 0.000000 -0.003131 0.993872 -0.110492 15.890200 -0.007449 0.110466 0.993852 -0.000000 0.000000 0.000000 0.000000 1.000000
0.999965 0.004159 0.007200 -0.000000 -0.003331 0.993776 -0.111344 15.890200 -0.007619 0.111316 0.993756 -0.000000 0.000000 0.000000 0.000000 1.000000
0.999964 0.004385 0.007322 -0.000000 -0.003536 0.993682 -0.112176 15.890200 -0.007767 0.112146 0.993661 0.000000 0.000000 0.000000 0.000000 1.000000
0.999961 0.004893 0.007311 0.000000 -0.004035 0.993583 -0.113029 15.890200 -0.007817 0.112996 0.993565 0.000000 0.000000 0.000000 0.000000 1.000000
0.999961 0.005140 0.007119 0.000000 -0.004294 0.993446 -0.114222 15.890200 -0.007660 0.114187 0.993430 0.000000 0.000000 0.000000 0.000000 1.000000
0.999963 0.005181 0.006809 0.000000 -0.004357 0.993244 -0.115965 15.890200 -0.007364 0.115931 0.993230 0.000000 0.000000 0.000000 0.000000 1.000000
0.999963 0.005476 0.006574 -0.000000 -0.004652 0.992841 -0.119355 15.890200 -0.007180 0.119320 0.992830 0.000000 0.000000 0.000000 0.000000 1.000000
0.999962 0.005899 0.006397 0.000000 -0.005062 0.992307 -0.123701 15.890200 -0.007078 0.123664 0.992299 0.000000 0.000000 0.000000 0.000000 1.000000
0.999957 0.006722 0.006449 0.000000 -0.005818 0.991340 -0.131189 15.890200 -0.007275 0.131145 0.991336 0.000000 0.000000 0.000000 0.000000 1.000000
0.999952 0.007465 0.006420 -0.000000 -0.006483 0.989956 -0.141229 15.890200 -0.007410 0.141181 0.989956 0.000000 0.000000 0.000000 0.000000 1.000000
0.999950 0.007858 0.006137 0.000000 -0.006820 0.988068 -0.153865 15.890200 -0.007272 0.153816 0.988073 0.000000 0.000000 0.000000 0.000000 1.000000
0.999951 0.008087 0.005740 -0.000000 -0.007005 0.985680 -0.168481 15.890200 -0.007021 0.168433 0.985688 0.000000 0.000000 0.000000 0.000000 1.000000
0.999948 0.008569 0.005566 0.000000 -0.007399 0.982906 -0.183960 15.890200 -0.007047 0.183909 0.982918 0.000000 0.000000 0.000000 0.000000 1.000000
0.999941 0.009228 0.005691 -0.000000 -0.007906 0.979829 -0.199679 15.890200 -0.007419 0.199622 0.979845 -0.000000 0.000000 0.000000 0.000000 1.000000
0.999916 0.011514 0.005981 0.000000 -0.009924 0.975662 -0.219057 15.890200 -0.008358 0.218979 0.975694 0.000000 0.000000 0.000000 0.000000 1.000000
0.999883 0.013996 0.006186 0.000000 -0.012113 0.970984 -0.238838 15.890200 -0.009350 0.238735 0.971040 0.000000 0.000000 0.000000 0.000000 1.000000
0.999840 0.016705 0.006338 0.000000 -0.014496 0.965818 -0.258815 15.890200 -0.010445 0.258682 0.965906 -0.000000 0.000000 0.000000 0.000000 1.000000
0.999785 0.019676 0.006466 0.000000 -0.017094 0.960202 -0.278784 15.890200 -0.011694 0.278613 0.960332 0.000000 0.000000 0.000000 0.000000 1.000000
0.999669 0.024724 0.007046 0.000000 -0.021473 0.953721 -0.299925 15.890200 -0.014136 0.299675 0.953937 0.000000 0.000000 0.000000 0.000000 1.000000
0.999566 0.028410 0.007768 0.000000 -0.024468 0.947799 -0.317928 15.890200 -0.016395 0.317600 0.948083 0.000000 0.000000 0.000000 0.000000 1.000000
0.999484 0.031077 0.008070 -0.000000 -0.026581 0.941882 -0.334890 15.890200 -0.018009 0.334503 0.942223 -0.000000 0.000000 0.000000 0.000000 1.000000
0.999533 0.029850 0.006546 -0.000000 -0.025671 0.936368 -0.350080 15.890200 -0.016580 0.349749 0.936697 0.000000 0.000000 0.000000 0.000000 1.000000
0.999644 0.026288 0.004499 -0.000000 -0.022853 0.931263 -0.363631 15.890200 -0.013749 0.363399 0.931532 -0.000000 0.000000 0.000000 0.000000 1.000000
0.999702 0.024029 0.004335 -0.000000 -0.020655 0.926929 -0.374669 15.890200 -0.013021 0.374468 0.927149 0.000000 0.000000 0.000000 0.000000 1.000000
0.999734 0.022589 0.004604 -0.000000 -0.019090 0.923153 -0.383959 15.890200 -0.012923 0.383769 0.923339 0.000000 0.000000 0.000000 0.000000 1.000000
0.999731 0.022667 0.005012 0.000000 -0.018904 0.920231 -0.390920 15.890200 -0.013473 0.390720 0.920411 0.000000 0.000000 0.000000 0.000000 1.000000
0.999720 0.023090 0.005226 -0.000000 -0.019149 0.918491 -0.394979 15.890200 -0.013920 0.394768 0.918675 0.000000 0.000000 0.000000 0.000000 1.000000
0.999723 0.023035 0.004785 0.000000 -0.019271 0.918428 -0.395118 15.890200 -0.013496 0.394916 0.918618 -0.000000 0.000000 0.000000 0.000000 1.000000
0.999747 0.022133 0.003911 0.000000 -0.018829 0.919745 -0.392063 15.890200 -0.012275 0.391891 0.919930 0.000000 0.000000 0.000000 0.000000 1.000000
0.999801 0.019751 0.002712 -0.000000 -0.017174 0.922325 -0.386032 15.890200 -0.010126 0.385909 0.922481 0.000000 0.000000 0.000000 0.000000 1.000000
0.999873 0.015915 0.000954 -0.000000 -0.014378 0.925908 -0.377475 15.890200 -0.006891 0.377413 0.926019 0.000000 0.000000 0.000000 0.000000 1.000000
0.999935 0.011260 -0.001642 0.000000 -0.011076 0.929972 -0.367464 15.890200 -0.002611 0.367459 0.930036 0.000000 0.000000 0.000000 0.000000 1.000000
0.999971 0.005953 -0.004648 0.000000 -0.007218 0.934270 -0.356495 15.890200 0.002220 0.356518 0.934286 -0.000000 0.000000 0.000000 0.000000 1.000000
0.999972 -0.001181 -0.007435 -0.000000 -0.001456 0.938631 -0.344919 15.890200 0.007386 0.344920 0.938603 0.000000 0.000000 0.000000 0.000000 1.000000
0.999877 -0.012342 -0.009719 -0.000000 0.008404 0.942944 -0.332847 15.890200 0.013273 0.332724 0.942931 0.000000 0.000000 0.000000 0.000000 1.000000
0.999582 -0.026506 -0.011569 0.000000 0.021437 0.947578 -0.318804 15.890200 0.019413 0.318423 0.947750 0.000000 0.000000 0.000000 0.000000 1.000000
0.998931 -0.044653 -0.011947 0.000000 0.039078 0.953863 -0.297688 15.890200 0.024688 0.296903 0.954588 -0.000000 0.000000 0.000000 0.000000 1.000000
0.998118 -0.060520 -0.009844 0.000000 0.055399 0.958917 -0.278223 15.890200 0.026278 0.277155 0.960466 0.000000 0.000000 0.000000 0.000000 1.000000
0.997022 -0.076711 -0.007945 0.000000 0.072049 0.963234 -0.258821 15.890200 0.027508 0.257478 0.965893 0.000000 0.000000 0.000000 0.000000 1.000000
0.995686 -0.092554 -0.006559 0.000000 0.088301 0.966896 -0.239407 15.890200 0.028500 0.237795 0.970897 0.000000 0.000000 0.000000 0.000000 1.000000
0.994202 -0.107360 -0.005946 0.000000 0.103434 0.970019 -0.219919 15.890200 0.029378 0.218029 0.975500 -0.000000 0.000000 0.000000 0.000000 1.000000
0.992702 -0.120424 -0.006317 0.000000 0.116729 0.972756 -0.200302 15.890200 0.030266 0.198103 0.979714 0.000000 0.000000 0.000000 0.000000 1.000000
0.993224 -0.115818 -0.009642 -0.000000 0.112196 0.977183 -0.180350 15.890200 0.030310 0.178046 0.983555 0.000000 0.000000 0.000000 0.000000 1.000000
0.994246 -0.106107 -0.014713 0.000000 0.102487 0.982176 -0.157566 15.890200 0.031170 0.155152 0.987399 -0.000000 0.000000 0.000000 0.000000 1.000000
0.995366 -0.094088 -0.019857 -0.000000 0.090512 0.986437 -0.136927 15.890200 0.032471 0.134495 0.990382 -0.000000 0.000000 0.000000 0.000000 1.000000
0.996324 -0.082144 -0.024320 0.000000 0.078670 0.989668 -0.119870 15.890200 0.033915 0.117516 0.992492 0.000000 0.000000 0.000000 0.000000 1.000000
0.997073 -0.071379 -0.027392 0.000000 0.068133 0.992110 -0.105245 15.890200 0.034688 0.103071 0.994069 -0.000000 0.000000 0.000000 0.000000 1.000000
0.997589 -0.063491 -0.028002 0.000000 0.060557 0.993590 -0.095459 15.890200 0.033884 0.093533 0.995039 0.000000 0.000000 0.000000 0.000000 1.000000
0.997970 -0.057724 -0.026911 0.000000 0.055185 0.994670 -0.087103 15.890200 0.031795 0.085442 0.995836 -0.000000 0.000000 0.000000 0.000000 1.000000
0.998257 -0.053916 -0.023984 0.000000 0.051922 0.995665 -0.077173 15.890200 0.028040 0.075793 0.996729 0.000000 0.000000 0.000000 0.000000 1.000000
0.998445 -0.051890 -0.020352 -0.000000 0.050430 0.996501 -0.066654 15.890200 0.023739 0.065524 0.997569 0.000000 0.000000 0.000000 0.000000 1.000000
0.998532 -0.051386 -0.017129 0.000000 0.050372 0.997208 -0.055122 15.890200 0.019913 0.054178 0.998333 0.000000 0.000000 0.000000 0.000000 1.000000
0.998529 -0.052315 -0.014221 0.000000 0.051649 0.997708 -0.043727 15.890200 0.016476 0.042928 0.998942 -0.000000 0.000000 0.000000 0.000000 1.000000
0.998403 -0.055205 -0.012015 0.000000 0.054765 0.997910 -0.034302 15.890200 0.013884 0.033590 0.999339 0.000000 0.000000 0.000000 0.000000 1.000000
0.998275 -0.057835 -0.010135 -0.000000 0.057574 0.998043 -0.024420 15.890200 0.011528 0.023794 0.999650 -0.000000 0.000000 0.000000 0.000000 1.000000
0.998305 -0.057615 -0.008202 -0.000000 0.057516 0.998275 -0.011790 15.890200 0.008867 0.011298 0.999897 0.000000 0.000000 0.000000 0.000000 1.000000
0.998392 -0.056332 -0.006284 -0.000000 0.056347 0.998409 0.002110 15.890200 0.006155 -0.002461 0.999978 0.000000 0.000000 0.000000 0.000000 1.000000
0.998512 -0.054355 -0.004441 0.000000 0.054425 0.998363 0.017601 15.890200 0.003477 -0.017816 0.999835 0.000000 0.000000 0.000000 0.000000 1.000000
0.998573 -0.053325 -0.002873 0.000000 0.053390 0.998048 0.032401 15.890200 0.001140 -0.032508 0.999471 0.000000 0.000000 0.000000 0.000000 1.000000
0.998572 -0.053397 -0.001825 0.000000 0.053425 0.997544 0.045299 15.890200 -0.000598 -0.045332 0.998972 0.000000 0.000000 0.000000 0.000000 1.000000
0.998554 -0.053750 -0.001365 0.000000 0.053742 0.996985 0.055970 15.890200 -0.001647 -0.055962 0.998432 0.000000 0.000000 0.000000 0.000000 1.000000
0.998566 -0.053516 -0.001358 0.000000 0.053492 0.996477 0.064596 15.890200 -0.002103 -0.064576 0.997911 0.000000 0.000000 0.000000 0.000000 1.000000
0.998631 -0.052269 -0.001916 0.000000 0.052271 0.996037 0.071957 15.890200 -0.001852 -0.071958 0.997406 0.000000 0.000000 0.000000 0.000000 1.000000
0.998703 -0.050858 -0.002510 0.000000 0.050897 0.995564 0.079137 15.890200 -0.001526 -0.079162 0.996861 0.000000 0.000000 0.000000 0.000000 1.000000
0.998774 -0.049412 -0.003120 0.000000 0.049497 0.995042 0.086269 15.890200 -0.001158 -0.086318 0.996267 0.000000 0.000000 0.000000 0.000000 1.000000
0.998837 -0.048062 -0.003730 0.000000 0.048200 0.994453 0.093485 15.890200 -0.000783 -0.093556 0.995614 0.000000 0.000000 0.000000 0.000000 1.000000
0.998888 -0.046939 -0.004328 0.000000 0.047136 0.993778 0.100917 15.890200 -0.000436 -0.101008 0.994885 0.000000 0.000000 0.000000 0.000000 1.000000
0.998844 -0.047786 -0.005132 -0.000000 0.048061 0.992755 0.110122 15.890200 -0.000167 -0.110242 0.993905 0.000000 0.000000 0.000000 0.000000 1.000000
0.998748 -0.049663 -0.005956 0.000000 0.050019 0.991680 0.118617 15.890200 0.000016 -0.118766 0.992922 -0.000000 0.000000 0.000000 0.000000 1.000000
0.998645 -0.051641 -0.006420 0.000000 0.052038 0.990870 0.124369 15.890200 -0.000061 -0.124535 0.992215 -0.000000 0.000000 0.000000 0.000000 1.000000
0.998545 -0.053516 -0.006701 -0.000000 0.053933 0.990222 0.128653 15.890200 -0.000249 -0.128828 0.991667 -0.000000 0.000000 0.000000 0.000000 1.000000
0.998465 -0.054995 -0.006633 0.000000 0.055391 0.989917 0.130369 15.890200 -0.000604 -0.130536 0.991443 0.000000 0.000000 0.000000 0.000000 1.000000
0.998382 -0.056484 -0.006513 0.000000 0.056849 0.989673 0.131590 15.890200 -0.000987 -0.131748 0.991283 0.000000 0.000000 0.000000 0.000000 1.000000
0.998262 -0.058557 -0.006647 0.000000 0.058919 0.989190 0.134283 15.890200 -0.001288 -0.134441 0.990921 0.000000 0.000000 0.000000 0.000000 1.000000
0.998151 -0.060396 -0.006909 -0.000000 0.060772 0.988614 0.137653 15.890200 -0.001483 -0.137818 0.990456 0.000000 0.000000 0.000000 0.000000 1.000000
0.998080 -0.061519 -0.007237 0.000000 0.061923 0.987973 0.141689 15.890200 -0.001566 -0.141865 0.989885 0.000000 0.000000 0.000000 0.000000 1.000000
0.998020 -0.062435 -0.007603 -0.000000 0.062876 0.987269 0.146107 15.890200 -0.001616 -0.146295 0.989240 0.000000 0.000000 0.000000 0.000000 1.000000
0.997967 -0.063230 -0.007985 0.000000 0.063712 0.986603 0.150184 15.890200 -0.001618 -0.150387 0.988626 0.000000 0.000000 0.000000 0.000000 1.000000
0.997916 -0.063989 -0.008359 -0.000000 0.064514 0.986087 0.153202 15.890200 -0.001560 -0.153422 0.988159 0.000000 0.000000 0.000000 0.000000 1.000000
0.997839 -0.065092 -0.008943 0.000000 0.065690 0.985681 0.155299 15.890200 -0.001294 -0.155551 0.987827 0.000000 0.000000 0.000000 0.000000 1.000000
0.997769 -0.066082 -0.009516 -0.000000 0.066758 0.985507 0.155944 15.890200 -0.000927 -0.156231 0.987720 0.000000 0.000000 0.000000 0.000000 1.000000
0.997789 -0.065797 -0.009390 -0.000000 0.066458 0.985924 0.153421 15.890200 -0.000837 -0.153706 0.988116 0.000000 0.000000 0.000000 0.000000 1.000000
0.997881 -0.064475 -0.008694 0.000000 0.065050 0.986737 0.148726 15.890200 -0.001010 -0.148976 0.988840 -0.000000 0.000000 0.000000 0.000000 1.000000
0.997973 -0.063136 -0.008006 -0.000000 0.063630 0.987530 0.144000 15.890200 -0.001185 -0.144218 0.989545 0.000000 0.000000 0.000000 0.000000 1.000000
0.998063 -0.061780 -0.007326 0.000000 0.062198 0.988303 0.139246 15.890200 -0.001363 -0.139432 0.990231 -0.000000 0.000000 0.000000 0.000000 1.000000
0.998152 -0.060408 -0.006653 -0.000000 0.060754 0.989054 0.134463 15.890200 -0.001542 -0.134618 0.990896 -0.000000 0.000000 0.000000 0.000000 1.000000
0.998239 -0.059021 -0.005989 -0.000000 0.059299 0.989785 0.129652 15.890200 -0.001724 -0.129779 0.991541 0.000000 0.000000 0.000000 0.000000 1.000000
0.998324 -0.057618 -0.005335 0.000000 0.057833 0.990493 0.124816 15.890200 -0.001907 -0.124915 0.992166 0.000000 0.000000 0.000000 0.000000 1.000000
0.998408 -0.056200 -0.004690 -0.000000 0.056357 0.991179 0.119953 15.890200 -0.002093 -0.120027 0.992768 -0.000000 0.000000 0.000000 0.000000 1.000000
0.998491 -0.054769 -0.004055 -0.000000 0.054871 0.991841 0.115067 15.890200 -0.002280 -0.115116 0.993349 -0.000000 0.000000 0.000000 0.000000 1.000000
0.998571 -0.053323 -0.003431 0.000000 0.053377 0.992480 0.110157 15.890200 -0.002469 -0.110183 0.993908 0.000000 0.000000 0.000000 0.000000 1.000000
0.998650 -0.051865 -0.002818 0.000000 0.051873 0.993095 0.105224 15.890200 -0.002659 -0.105228 0.994445 0.000000 0.000000 0.000000 0.000000 1.000000
0.998727 -0.050393 -0.002216 -0.000000 0.050361 0.993685 0.100270 15.890200 -0.002851 -0.100254 0.994958 0.000000 0.000000 0.000000 0.000000 1.000000
0.998802 -0.048910 -0.001626 0.000000 0.048842 0.994250 0.095295 15.890200 -0.003044 -0.095261 0.995448 0.000000 0.000000 0.000000 0.000000 1.000000
0.998875 -0.047414 -0.001048 0.000000 0.047315 0.994790 0.090301 15.890200 -0.003239 -0.090249 0.995914 -0.000000 0.000000 0.000000 0.000000 1.000000
0.998946 -0.045908 -0.000482 0.000000 0.045782 0.995304 0.085288 15.890200 -0.003435 -0.085221 0.996356 -0.000000 0.000000 0.000000 0.000000 1.000000
0.999014 -0.044391 0.000070 0.000000 0.044242 0.995792 0.080258 15.890200 -0.003633 -0.080176 0.996774 0.000000 0.000000 0.000000 0.000000 1.000000
0.999081 -0.042864 0.000609 0.000000 0.042696 0.996253 0.075212 15.890200 -0.003831 -0.075116 0.997167 0.000000 0.000000 0.000000 0.000000 1.000000
0.999145 -0.041327 0.001135 0.000000 0.041145 0.996688 0.070149 15.890200 -0.004030 -0.070043 0.997536 -0.000000 0.000000 0.000000 0.000000 1.000000
0.999207 -0.039781 0.001647 0.000000 0.039590 0.997095 0.065073 15.890200 -0.004231 -0.064956 0.997879 0.000000 0.000000 0.000000 0.000000 1.000000
0.999267 -0.038227 0.002145 -0.000000 0.038029 0.997475 0.059983 15.890200 -0.004432 -0.059858 0.998197 0.000000 0.000000 0.000000 0.000000 1.000000
0.999324 -0.036664 0.002628 0.000000 0.036465 0.997827 0.054881 15.890200 -0.004634 -0.054748 0.998489 0.000000 0.000000 0.000000 0.000000 1.000000
0.999379 -0.035095 0.003096 0.000000 0.034898 0.998151 0.049767 15.890200 -0.004837 -0.049628 0.998756 0.000000 0.000000 0.000000 0.000000 1.000000
0.999432 -0.033519 0.003550 0.000000 0.033327 0.998447 0.044644 15.890200 -0.005041 -0.044500 0.998997 0.000000 0.000000 0.000000 0.000000 1.000000
0.999482 -0.031936 0.003988 -0.000000 0.031754 0.998714 0.039511 15.890200 -0.005245 -0.039364 0.999211 0.000000 0.000000 0.000000 0.000000 1.000000
0.999530 -0.030348 0.004411 0.000000 0.030179 0.998953 0.034370 15.890200 -0.005449 -0.034220 0.999399 0.000000 0.000000 0.000000 0.000000 1.000000
0.999575 -0.028756 0.004818 0.000000 0.028603 0.999164 0.029222 15.890200 -0.005654 -0.029071 0.999561 0.000000 0.000000 0.000000 0.000000 1.000000
0.999618 -0.027158 0.005209 -0.000000 0.027025 0.999345 0.024068 15.890200 -0.005860 -0.023918 0.999697 0.000000 0.000000 0.000000 0.000000 1.000000
0.999658 -0.025557 0.005585 0.000000 0.025448 0.999497 0.018909 15.890200 -0.006065 -0.018760 0.999806 -0.000000 0.000000 0.000000 0.000000 1.000000
0.999695 -0.023953 0.005944 0.000000 0.023870 0.999621 0.013746 15.890200 -0.006271 -0.013600 0.999888 0.000000 0.000000 0.000000 0.000000 1.000000
0.999731 -0.022346 0.006287 0.000000 0.022292 0.999715 0.008580 15.890200 -0.006477 -0.008438 0.999943 0.000000 0.000000 0.000000 0.000000 1.000000
0.999763 -0.020738 0.006613 -0.000000 0.020715 0.999780 0.003413 15.890200 -0.006683 -0.003275 0.999972 0.000000 0.000000 0.000000 0.000000 1.000000
0.999793 -0.019128 0.006923 -0.000000 0.019140 0.999815 -0.001755 15.890200 -0.006889 0.001887 0.999974 -0.000000 0.000000 0.000000 0.000000 1.000000
0.999821 -0.017517 0.007217 0.000000 0.017567 0.999822 -0.006922 15.890200 -0.007094 0.007047 0.999950 0.000000 0.000000 0.000000 0.000000 1.000000
0.999845 -0.015906 0.007493 -0.000000 0.015996 0.999799 -0.012088 15.890200 -0.007300 0.012206 0.999899 0.000000 0.000000 0.000000 0.000000 1.000000
0.999868 -0.014296 0.007753 0.000000 0.014428 0.999747 -0.017251 15.890200 -0.007505 0.017360 0.999821 0.000000 0.000000 0.000000 0.000000 1.000000
0.999888 -0.012687 0.007996 -0.000000 0.012863 0.999666 -0.022410 15.890200 -0.007709 0.022511 0.999717 0.000000 0.000000 0.000000 0.000000 1.000000
0.999905 -0.011080 0.008223 0.000000 0.011302 0.999556 -0.027565 15.890200 -0.007914 0.027655 0.999586 -0.000000 0.000000 0.000000 0.000000 1.000000
0.999920 -0.009475 0.008432 0.000000 0.009746 0.999417 -0.032714 15.890200 -0.008117 0.032793 0.999429 0.000000 0.000000 0.000000 0.000000 1.000000
0.999932 -0.007873 0.008625 0.000000 0.008194 0.999250 -0.037855 15.890200 -0.008321 0.037923 0.999246 0.000000 0.000000 0.000000 0.000000 1.000000
0.999942 -0.006275 0.008801 0.000000 0.006648 0.999053 -0.042989 15.890200 -0.008523 0.043045 0.999037 0.000000 0.000000 0.000000 0.000000 1.000000
0.999949 -0.004681 0.008960 0.000000 0.005107 0.998829 -0.048114 15.890200 -0.008725 0.048157 0.998802 -0.000000 0.000000 0.000000 0.000000 1.000000
0.999954 -0.003092 0.009103 -0.000000 0.003572 0.998576 -0.053228 15.890200 -0.008925 0.053258 0.998541 -0.000000 0.000000 0.000000 0.000000 1.000000
0.999956 -0.001509 0.009229 -0.000000 0.002045 0.998295 -0.058332 15.890200 -0.009125 0.058348 0.998255 0.000000 0.000000 0.000000 0.000000 1.000000
0.999956 0.000068 0.009338 0.000000 0.000524 0.997987 -0.063422 15.890200 -0.009324 0.063425 0.997943 -0.000000 0.000000 0.000000 0.000000 1.000000
0.999954 0.001639 0.009432 -0.000000 -0.000989 0.997651 -0.068500 15.890200 -0.009522 0.068488 0.997607 -0.000000 0.000000 0.000000 0.000000 1.000000
0.999950 0.003201 0.009508 0.000000 -0.002493 0.997287 -0.073563 15.890200 -0.009718 0.073536 0.997245 0.000000 0.000000 0.000000 0.000000 1.000000
0.999943 0.004756 0.009569 -0.000000 -0.003989 0.996897 -0.078611 15.890200 -0.009913 0.078568 0.996859 -0.000000 0.000000 0.000000 0.000000 1.000000
0.999934 0.006302 0.009614 0.000000 -0.005476 0.996481 -0.083642 15.890200 -0.010107 0.083584 0.996450 0.000000 0.000000 0.000000 0.000000 1.000000
0.999923 0.007839 0.009643 -0.000000 -0.006954 0.996038 -0.088655 15.890200 -0.010300 0.088581 0.996016 0.000000 0.000000 0.000000 0.000000 1.000000
0.999910 0.009366 0.009656 0.000000 -0.008421 0.995570 -0.093650 15.890200 -0.010491 0.093560 0.995558 0.000000 0.000000 0.000000 0.000000 1.000000
0.999894 0.010882 0.009654 0.000000 -0.009877 0.995076 -0.098625 15.890200 -0.010680 0.098520 0.995078 -0.000000 0.000000 0.000000 0.000000 1.000000
0.999917 0.008509 0.009654 0.000000 -0.007508 0.995017 -0.099426 15.890200 -0.010452 0.099345 0.994998 0.000000 0.000000 0.000000 0.000000 1.000000
0.999938 0.006047 0.009311 0.000000 -0.005076 0.994881 -0.100921 15.890200 -0.009874 0.100868 0.994851 0.000000 0.000000 0.000000 0.000000 1.000000
0.999954 0.003687 0.008902 0.000000 -0.002754 0.994714 -0.102651 15.890200 -0.009234 0.102621 0.994678 0.000000 0.000000 0.000000 0.000000 1.000000
0.999962 0.001940 0.008475 0.000000 -0.001041 0.994487 -0.104852 15.890200 -0.008631 0.104839 0.994452 0.000000 0.000000 0.000000 0.000000 1.000000
0.999966 0.000714 0.008271 -0.000000 0.000179 0.994221 -0.107356 15.890200 -0.008300 0.107354 0.994186 0.000000 0.000000 0.000000 0.000000 1.000000
0.999967 -0.000132 0.008150 -0.000000 0.001028 0.993923 -0.110071 15.890200 -0.008086 0.110075 0.993890 -0.000000 0.000000 0.000000 0.000000 1.000000
0.999967 -0.000342 0.008127 -0.000000 0.001260 0.993565 -0.113257 15.890200 -0.008036 0.113263 0.993533 -0.000000 0.000000 0.000000 0.000000 1.000000
0.999967 -0.000099 0.008106 -0.000000 0.001043 0.993198 -0.116431 15.890200 -0.008039 0.116436 0.993166 0.000000 0.000000 0.000000 0.000000 1.000000
0.999968 0.000553 0.007975 0.000000 0.000402 0.992866 -0.119232 15.890200 -0.007984 0.119232 0.992834 0.000000 0.000000 0.000000 0.000000 1.000000
0.999969 0.001444 0.007801 0.000000 -0.000485 0.992584 -0.121557 15.890200 -0.007919 0.121550 0.992554 0.000000 0.000000 0.000000 0.000000 1.000000
0.999968 0.002516 0.007609 0.000000 -0.001567 0.992505 -0.122191 15.890200 -0.007860 0.122175 0.992477 0.000000 0.000000 0.000000 0.000000 1.000000
0.999965 0.003747 0.007482 -0.000000 -0.002806 0.992523 -0.122025 15.890200 -0.007884 0.122000 0.992499 0.000000 0.000000 0.000000 0.000000 1.000000
0.999959 0.004867 0.007610 -0.000000 -0.003911 0.992653 -0.120931 15.890200 -0.008143 0.120896 0.992632 -0.000000 0.000000 0.000000 0.000000 1.000000
0.999952 0.005955 0.007789 -0.000000 -0.004981 0.992804 -0.119647 15.890200 -0.008446 0.119603 0.992786 -0.000000 0.000000 0.000000 0.000000 1.000000
0.999944 0.006868 0.007997 -0.000000 -0.005876 0.992982 -0.118118 15.890200 -0.008752 0.118065 0.992967 0.000000 0.000000 0.000000 0.000000 1.000000
0.999942 0.006859 0.008326 0.000000 -0.005853 0.993308 -0.115344 15.890200 -0.009061 0.115289 0.993291 0.000000 0.000000 0.000000 0.000000 1.000000
0.999941 0.006508 0.008699 0.000000 -0.005489 0.993645 -0.112422 15.890200 -0.009376 0.112368 0.993622 -0.000000 0.000000 0.000000 0.000000 1.000000
0.999941 0.006018 0.009084 -0.000000 -0.004985 0.993951 -0.109714 15.890200 -0.009689 0.109662 0.993922 0.000000 0.000000 0.000000 0.000000 1.000000
0.999944 0.005023 0.009293 -0.000000 -0.004001 0.994264 -0.106877 15.890200 -0.009776 0.106834 0.994229 -0.000000 0.000000 0.000000 0.000000 1.000000
0.999948 0.003949 0.009451 -0.000000 -0.002944 0.994566 -0.104071 15.890200 -0.009811 0.104037 0.994525 -0.000000 0.000000 0.000000 0.000000 1.000000
0.999951 0.003118 0.009409 -0.000000 -0.002141 0.994767 -0.102142 15.890200 -0.009678 0.102117 0.994725 0.000000 0.000000 0.000000 0.000000 1.000000
0.999955 0.002575 0.009171 0.000000 -0.001634 0.994871 -0.101136 15.890200 -0.009384 0.101116 0.994830 0.000000 0.000000 0.000000 0.000000 1.000000
0.999959 0.002125 0.008856 0.000000 -0.001224 0.994941 -0.100458 15.890200 -0.009025 0.100443 0.994902 -0.000000 0.000000 0.000000 0.000000 1.000000
0.999962 0.001736 0.008493 0.000000 -0.000878 0.994987 -0.100000 15.890200 -0.008624 0.099989 0.994951 0.000000 0.000000 0.000000 0.000000 1.000000
0.999966 0.001377 0.008108 0.000000 -0.000562 0.995022 -0.099654 15.890200 -0.008204 0.099646 0.994989 -0.000000 0.000000 0.000000 0.000000 1.000000
0.999970 0.001017 0.007726 -0.000000 -0.000245 0.995056 -0.099312 15.890200 -0.007788 0.099307 0.995026 -0.000000 0.000000 0.000000 0.000000 1.000000
0.999973 0.000624 0.007373 -0.000000 0.000108 0.995101 -0.098864 15.890200 -0.007399 0.098862 0.995074 0.000000 0.000000 0.000000 0.000000 1.000000
0.999975 0.000171 0.007114 0.000000 0.000530 0.995148 -0.098389 15.890200 -0.007096 0.098390 0.995123 0.000000 0.000000 0.000000 0.000000 1.000000
0.999975 -0.000064 0.007010 0.000000 0.000751 0.995183 -0.098033 15.890200 -0.006970 0.098036 0.995158 -0.000000 0.000000 0.000000 0.000000 1.000000
0.999976 -0.000255 0.006936 -0.000000 0.000932 0.995216 -0.097699 15.890200 -0.006878 0.097703 0.995192 0.000000 0.000000 0.000000 0.000000 1.000000
0.999976 -0.000401 0.006886 0.000000 0.001069 0.995250 -0.097346 15.890200 -0.006814 0.097351 0.995227 0.000000 0.000000 0.000000 0.000000 1.000000
0.999976 -0.000319 0.006956 -0.000000 0.000992 0.995294 -0.096891 15.890200 -0.006892 0.096896 0.995271 -0.000000 0.000000 0.000000 0.000000 1.000000</float_array>
        <technique_common>
          <accessor source="#mixamorig_Neck-Matrix-animation-output-transform-array" count="184" stride="16">
            <param type="float4x4"/>
          </accessor>
        </technique_common>
      </source>
      <source id="mixamorig_Neck-Interpolations">
        <Name_array id="mixamorig_Neck-Interpolations-array" count="184">
 LINEAR LINEAR LINEAR LINEAR LINEAR LINEAR LINEAR LINEAR LINEAR LINEAR LINEAR
LINEAR LINEAR LINEAR LINEAR LINEAR LINEAR LINEAR LINEAR LINEAR LINEAR LINEAR LINEAR
LINEAR LINEAR LINEAR LINEAR LINEAR LINEAR LINEAR LINEAR LINEAR LINEAR LINEAR LINEAR
LINEAR LINEAR LINEAR LINEAR LINEAR LINEAR LINEAR LINEAR LINEAR LINEAR LINEAR LINEAR
LINEAR LINEAR LINEAR LINEAR LINEAR LINEAR LINEAR LINEAR LINEAR LINEAR LINEAR LINEAR
LINEAR LINEAR LINEAR LINEAR LINEAR LINEAR LINEAR LINEAR LINEAR LINEAR LINEAR LINEAR
LINEAR LINEAR LINEAR LINEAR LINEAR LINEAR LINEAR LINEAR LINEAR LINEAR LINEAR LINEAR
LINEAR LINEAR LINEAR LINEAR LINEAR LINEAR LINEAR LINEAR LINEAR LINEAR LINEAR LINEAR
LINEAR LINEAR LINEAR LINEAR LINEAR LINEAR LINEAR LINEAR LINEAR LINEAR LINEAR LINEAR
LINEAR LINEAR LINEAR LINEAR LINEAR LINEAR LINEAR LINEAR LINEAR LINEAR LINEAR LINEAR
LINEAR LINEAR LINEAR LINEAR LINEAR LINEAR LINEAR LINEAR LINEAR LINEAR LINEAR LINEAR
LINEAR LINEAR LINEAR LINEAR LINEAR LINEAR LINEAR LINEAR LINEAR LINEAR LINEAR LINEAR
LINEAR LINEAR LINEAR LINEAR LINEAR LINEAR LINEAR LINEAR LINEAR LINEAR LINEAR LINEAR
LINEAR LINEAR LINEAR LINEAR LINEAR LINEAR LINEAR LINEAR LINEAR LINEAR LINEAR LINEAR
LINEAR LINEAR LINEAR LINEAR LINEAR LINEAR LINEAR LINEAR LINEAR LINEAR LINEAR LINEAR
LINEAR LINEAR LINEAR LINEAR LINEAR</Name_array>
        <technique_common>
          <accessor source="#mixamorig_Neck-Interpolations-array" count="184">
            <param type="name"/>
          </accessor>
        </technique_common>
      </source>
      <sampler id="mixamorig_Neck-Matrix-animation-transform">
        <input semantic="INPUT" source="#mixamorig_Neck-Matrix-animation-input"/>
        <input semantic="OUTPUT" source="#mixamorig_Neck-Matrix-animation-output-transform"/>
        <input semantic="INTERPOLATION" source="#mixamorig_Neck-Interpolations"/>
      </sampler>
      <channel source="#mixamorig_Neck-Matrix-animation-transform" target="mixamorig_Neck/matrix"/>
    </animation>
    <animation id="mixamorig_Head-anim" name="mixamorig_Head">
      <source id="mixamorig_Head-Matrix-animation-input">
        <float_array id="mixamorig_Head-Matrix-animation-input-array" count="184">

0.000000 0.033333 0.066667 0.100000 0.133333 0.166667 0.200000 0.233333 0.266667 0.300000 0.333333 0.366667 0.400000 0.433333 0.466667 0.500000
0.533333 0.566667 0.600000 0.633333 0.666667 0.700000 0.733333 0.766667 0.800000 0.833333 0.866667 0.900000 0.933333 0.966667 1.000000 1.033333
1.066667 1.100000 1.133333 1.166667 1.200000 1.233333 1.266667 1.300000 1.333333 1.366667 1.400000 1.433333 1.466667 1.500000 1.533333 1.566667
1.600000 1.633333 1.666667 1.700000 1.733333 1.766667 1.800000 1.833333 1.866667 1.900000 1.933333 1.966667 2.000000 2.033333 2.066667 2.100000
2.133333 2.166667 2.200000 2.233333 2.266667 2.300000 2.333333 2.366667 2.400000 2.433333 2.466667 2.500000 2.533333 2.566667 2.600000 2.633333
2.666667 2.700000 2.733333 2.766667 2.800000 2.833333 2.866667 2.900000 2.933333 2.966667 3.000000 3.033333 3.066667 3.100000 3.133333 3.166667
3.200000 3.233333 3.266667 3.300000 3.333333 3.366667 3.400000 3.433333 3.466667 3.500000 3.533333 3.566667 3.600000 3.633333 3.666667 3.700000
3.733333 3.766667 3.800000 3.833333 3.866667 3.900000 3.933333 3.966667 4.000000 4.033333 4.066667 4.100000 4.133333 4.166667 4.200000 4.233333
4.266667 4.300000 4.333333 4.366667 4.400000 4.433333 4.466667 4.500000 4.533333 4.566667 4.600000 4.633333 4.666667 4.700000 4.733333 4.766667
4.800000 4.833333 4.866667 4.900000 4.933333 4.966667 5.000000 5.033333 5.066667 5.100000 5.133333 5.166667 5.200000 5.233333 5.266667 5.300000
5.333333 5.366667 5.400000 5.433333 5.466667 5.500000 5.533333 5.566667 5.600000 5.633333 5.666667 5.700000 5.733333 5.766667 5.800000 5.833333
5.866667 5.900000 5.933333 5.966667 6.000000 6.033333 6.066667 6.100000</float_array>
        <technique_common>
          <accessor source="#mixamorig_Head-Matrix-animation-input-array" count="184">
            <param name="TIME" type="float"/>
          </accessor>
        </technique_common>
      </source>
      <source id="mixamorig_Head-Matrix-animation-output-transform">
        <float_array id="mixamorig_Head-Matrix-animation-output-transform-array" count="2944">

0.999464 -0.018597 0.026951 0.000000 0.015721 0.994529 0.103274 3.913500 -0.028724 -0.102795 0.994288 1.360900 0.000000 0.000000 0.000000 1.000000
0.999429 -0.018707 0.028151 -0.000000 0.015638 0.994293 0.105531 3.913500 -0.029965 -0.105031 0.994017 1.360900 0.000000 0.000000 0.000000 1.000000
0.999411 -0.018151 0.029131 0.000000 0.014931 0.994125 0.107202 3.913500 -0.030905 -0.106704 0.993810 1.360900 0.000000 0.000000 0.000000 1.000000
0.999427 -0.016158 0.029740 -0.000000 0.012864 0.994090 0.107790 3.913500 -0.031306 -0.107346 0.993729 1.360900 0.000000 0.000000 0.000000 1.000000
0.999449 -0.013652 0.030250 0.000000 0.010308 0.994092 0.108047 3.913500 -0.031547 -0.107675 0.993685 1.360900 0.000000 0.000000 0.000000 1.000000
0.999468 -0.011166 0.030630 0.000000 0.007794 0.994111 0.108082 3.913500 -0.031656 -0.107786 0.993670 1.360900 0.000000 0.000000 0.000000 1.000000
0.999481 -0.009235 0.030846 -0.000000 0.005852 0.994133 0.108006 3.913500 -0.031662 -0.107770 0.993672 1.360900 0.000000 0.000000 0.000000 1.000000
0.999491 -0.007957 0.030890 -0.000000 0.004582 0.994159 0.107830 3.913500 -0.031568 -0.107634 0.993689 1.360900 0.000000 0.000000 0.000000 1.000000
0.999501 -0.006997 0.030804 0.000000 0.003646 0.994196 0.107526 3.913500 -0.031377 -0.107360 0.993725 1.360900 0.000000 0.000000 0.000000 1.000000
0.999511 -0.006240 0.030635 0.000000 0.002923 0.994239 0.107146 3.913500 -0.031127 -0.107004 0.993771 1.360900 0.000000 0.000000 0.000000 1.000000
0.999521 -0.005568 0.030431 0.000000 0.002290 0.994284 0.106742 3.913500 -0.030851 -0.106622 0.993821 1.360900 0.000000 0.000000 0.000000 1.000000
0.999531 -0.004867 0.030239 -0.000000 0.001624 0.994326 0.106367 3.913500 -0.030585 -0.106268 0.993867 1.360900 0.000000 0.000000 0.000000 1.000000
0.999544 -0.004700 0.029837 -0.000000 0.001514 0.994372 0.105937 3.913500 -0.030167 -0.105843 0.993925 1.360900 0.000000 0.000000 0.000000 1.000000
0.999567 -0.004666 0.029036 0.000000 0.001586 0.994447 0.105223 3.913500 -0.029366 -0.105132 0.994025 1.360900 0.000000 0.000000 0.000000 1.000000
0.999592 -0.004678 0.028185 -0.000000 0.001710 0.994529 0.104448 3.913500 -0.028520 -0.104358 0.994131 1.360900 0.000000 0.000000 0.000000 1.000000
0.999603 -0.005023 0.027726 -0.000000 0.002127 0.994623 0.103538 3.913500 -0.028097 -0.103438 0.994239 1.360900 0.000000 0.000000 0.000000 1.000000
0.999600 -0.005708 0.027686 -0.000000 0.002841 0.994727 0.102517 3.913500 -0.028125 -0.102398 0.994346 1.360900 0.000000 0.000000 0.000000 1.000000
0.999593 -0.006518 0.027771 -0.000000 0.003668 0.994832 0.101466 3.913500 -0.028289 -0.101323 0.994451 1.360900 0.000000 0.000000 0.000000 1.000000
0.999582 -0.007403 0.027943 0.000000 0.004562 0.994938 0.100388 3.913500 -0.028545 -0.100218 0.994556 1.360900 0.000000 0.000000 0.000000 1.000000
0.999569 -0.008317 0.028163 -0.000000 0.005482 0.995044 0.099289 3.913500 -0.028849 -0.099092 0.994660 1.360900 0.000000 0.000000 0.000000 1.000000
0.999554 -0.009212 0.028392 0.000000 0.006383 0.995149 0.098173 3.913500 -0.029159 -0.097948 0.994764 1.360900 0.000000 0.000000 0.000000 1.000000
0.999541 -0.010040 0.028591 -0.000000 0.007221 0.995254 0.097046 3.913500 -0.029429 -0.096795 0.994869 1.360900 0.000000 0.000000 0.000000 1.000000
0.999530 -0.010754 0.028718 -0.000000 0.007953 0.995358 0.095911 3.913500 -0.029617 -0.095638 0.994976 1.360900 0.000000 0.000000 0.000000 1.000000
0.999547 -0.010162 0.028316 0.000000 0.007445 0.995503 0.094437 3.913500 -0.029148 -0.094184 0.995128 1.360900 0.000000 0.000000 0.000000 1.000000
0.999581 -0.010928 0.026819 0.000000 0.008403 0.995677 0.092506 3.913500 -0.027714 -0.092242 0.995351 1.360900 0.000000 0.000000 0.000000 1.000000
0.999613 -0.013414 0.024375 -0.000000 0.011189 0.995947 0.089241 3.913500 -0.025473 -0.088933 0.995712 1.360900 0.000000 0.000000 0.000000 1.000000
0.999619 -0.017228 0.021574 -0.000000 0.015368 0.996382 0.083591 3.913500 -0.022936 -0.083228 0.996267 1.360900 0.000000 0.000000 0.000000 1.000000
0.999596 -0.021230 0.018916 -0.000000 0.019719 0.996850 0.076814 3.913500 -0.020487 -0.076410 0.996866 1.360900 0.000000 0.000000 0.000000 1.000000
0.999547 -0.024729 0.017159 0.000000 0.023530 0.997484 0.066880 3.913500 -0.018770 -0.066446 0.997613 1.360900 0.000000 0.000000 0.000000 1.000000
0.999527 -0.026449 0.015700 -0.000000 0.025584 0.998269 0.052949 3.913500 -0.017073 -0.052522 0.998474 1.360900 0.000000 0.000000 0.000000 1.000000
0.999546 -0.026796 0.013773 0.000000 0.026307 0.999055 0.034592 3.913500 -0.014687 -0.034214 0.999307 1.360900 0.000000 0.000000 0.000000 1.000000
0.999549 -0.027890 0.011151 0.000000 0.027757 0.999545 0.011843 3.913500 -0.011476 -0.011528 0.999868 1.360900 0.000000 0.000000 0.000000 1.000000
0.999473 -0.031310 0.008577 0.000000 0.031452 0.999361 -0.017001 3.913500 -0.008040 0.017262 0.999819 1.360900 0.000000 0.000000 0.000000 1.000000
0.999330 -0.035953 0.006905 0.000000 0.036275 0.997872 -0.054180 3.913500 -0.004942 0.054394 0.998507 1.360900 0.000000 0.000000 0.000000 1.000000
0.999418 -0.033453 0.006636 0.000000 0.033961 0.994019 -0.103795 3.913500 -0.003124 0.103960 0.994577 1.360900 0.000000 0.000000 0.000000 1.000000
0.999524 -0.030252 0.006120 0.000000 0.030834 0.987514 -0.154485 3.913500 -0.001370 0.154601 0.987976 1.360900 0.000000 0.000000 0.000000 1.000000
0.999641 -0.026217 0.005534 0.000000 0.026795 0.978069 -0.206550 3.913500 0.000003 0.206624 0.978420 1.360900 0.000000 0.000000 0.000000 1.000000
0.999763 -0.021170 0.005004 0.000000 0.021742 0.965298 -0.260245 3.913500 0.000679 0.260292 0.965530 1.360900 0.000000 0.000000 0.000000 1.000000
0.999958 -0.006578 0.006367 0.000000 0.008313 0.943736 -0.330597 3.913500 -0.003834 0.330636 0.943751 1.360900 0.000000 0.000000 0.000000 1.000000
0.999924 0.006626 0.010349 -0.000000 -0.002298 0.928141 -0.372222 3.913500 -0.012072 0.372170 0.928086 1.360900 0.000000 0.000000 0.000000 1.000000
0.999776 0.017044 0.012586 -0.000000 -0.010569 0.916043 -0.400942 3.913500 -0.018363 0.400719 0.916017 1.360900 0.000000 0.000000 0.000000 1.000000
0.999888 0.013578 0.006352 0.000000 -0.009968 0.918755 -0.394702 3.913500 -0.011195 0.394594 0.918787 1.360900 0.000000 0.000000 0.000000 1.000000
0.999990 0.002562 -0.003650 0.000000 -0.003794 0.918911 -0.394446 3.913500 0.002343 0.394456 0.918912 1.360900 0.000000 0.000000 0.000000 1.000000
0.999992 -0.002083 -0.003279 0.000000 0.000585 0.915107 -0.403211 3.913500 0.003840 0.403206 0.915101 1.360900 0.000000 0.000000 0.000000 1.000000
0.999995 -0.003055 -0.000093 0.000000 0.002747 0.911681 -0.410889 3.913500 0.001341 0.410887 0.911685 1.360900 0.000000 0.000000 0.000000 1.000000
0.999982 0.002654 0.005424 -0.000000 -0.000198 0.912177 -0.409797 3.913500 -0.006035 0.409789 0.912161 1.360900 0.000000 0.000000 0.000000 1.000000
0.999906 0.009441 0.009930 0.000000 -0.004570 0.913024 -0.407880 3.913500 -0.012918 0.407796 0.912982 1.360900 0.000000 0.000000 0.000000 1.000000
0.999865 0.013398 0.009463 0.000000 -0.008321 0.911487 -0.411244 3.913500 -0.014136 0.411110 0.911476 1.360900 0.000000 0.000000 0.000000 1.000000
0.999906 0.012746 0.005130 -0.000000 -0.009443 0.908733 -0.417271 3.913500 -0.009980 0.417183 0.908768 1.360900 0.000000 0.000000 0.000000 1.000000
0.999990 0.002975 -0.003442 -0.000000 -0.004162 0.903717 -0.428111 3.913500 0.001836 0.428121 0.903720 1.360900 0.000000 0.000000 0.000000 1.000000
0.999815 -0.012027 -0.015005 -0.000000 0.004281 0.899924 -0.436026 3.913500 0.018748 0.435881 0.899809 1.360900 0.000000 0.000000 0.000000 1.000000
0.999140 -0.028640 -0.029969 -0.000000 0.012624 0.898838 -0.438099 3.913500 0.039484 0.437344 0.898427 1.360900 0.000000 0.000000 0.000000 1.000000
0.997849 -0.046505 -0.046203 -0.000000 0.021688 0.899302 -0.436791 3.913500 0.061864 0.434849 0.898376 1.360900 0.000000 0.000000 0.000000 1.000000
0.996206 -0.064072 -0.058888 -0.000000 0.033136 0.904998 -0.424122 3.913500 0.080468 0.420562 0.903688 1.360900 0.000000 0.000000 0.000000 1.000000
0.994786 -0.079247 -0.064195 -0.000000 0.048573 0.921629 -0.385021 3.913500 0.089676 0.379895 0.920672 1.360900 0.000000 0.000000 0.000000 1.000000
0.993136 -0.096903 -0.065504 0.000000 0.070352 0.942285 -0.327337 3.913500 0.093443 0.320482 0.942634 1.360900 0.000000 0.000000 0.000000 1.000000
0.989527 -0.130237 -0.062244 -0.000000 0.110754 0.961569 -0.251234 3.913500 0.092572 0.241709 0.965923 1.360900 0.000000 0.000000 0.000000 1.000000
0.983993 -0.170239 -0.052698 0.000000 0.158762 0.971736 -0.174713 3.913500 0.080951 0.163550 0.983208 1.360900 0.000000 0.000000 0.000000 1.000000
0.975631 -0.213966 -0.048618 -0.000000 0.208659 0.973260 -0.096051 3.913500 0.067870 0.083565 0.994188 1.360900 0.000000 0.000000 0.000000 1.000000
0.964703 -0.258237 -0.051585 -0.000000 0.257672 0.966075 -0.017432 3.913500 0.054336 0.003525 0.998516 1.360900 0.000000 0.000000 0.000000 1.000000
0.952052 -0.299587 -0.062003 0.000000 0.303126 0.951136 0.058778 3.913500 0.041365 -0.074754 0.996344 1.360900 0.000000 0.000000 0.000000 1.000000
0.939033 -0.334606 -0.079094 0.000000 0.342519 0.930422 0.130365 3.913500 0.029970 -0.149508 0.988306 1.360900 0.000000 0.000000 0.000000 1.000000
0.942933 -0.319792 -0.092795 0.000000 0.331531 0.927629 0.172021 3.913500 0.031069 -0.192968 0.980713 1.360900 0.000000 0.000000 0.000000 1.000000
0.949062 -0.293930 -0.113520 0.000000 0.312270 0.925499 0.214334 3.913500 0.042063 -0.238865 0.970141 1.360900 0.000000 0.000000 0.000000 1.000000
0.954229 -0.265512 -0.137663 0.000000 0.293332 0.920651 0.257600 3.913500 0.058344 -0.286191 0.956395 1.360900 0.000000 0.000000 0.000000 1.000000
0.958084 -0.238215 -0.159150 -0.000000 0.276299 0.915147 0.293539 3.913500 0.075720 -0.325208 0.942606 1.360900 0.000000 0.000000 0.000000 1.000000
0.961380 -0.213281 -0.173952 0.000000 0.260575 0.908808 0.325837 3.913500 0.088594 -0.358580 0.929285 1.360900 0.000000 0.000000 0.000000 1.000000
0.964772 -0.195205 -0.176381 0.000000 0.246960 0.903078 0.351369 3.913500 0.090697 -0.382550 0.919473 1.360900 0.000000 0.000000 0.000000 1.000000
0.968257 -0.182705 -0.170577 -0.000000 0.235252 0.896718 0.374905 3.913500 0.084463 -0.403133 0.911235 1.360900 0.000000 0.000000 0.000000 1.000000
0.971882 -0.175961 -0.156472 0.000000 0.225317 0.887970 0.400925 3.913500 0.068395 -0.424907 0.902649 1.360900 0.000000 0.000000 0.000000 1.000000
0.974889 -0.173773 -0.139262 -0.000000 0.217472 0.877494 0.427446 3.913500 0.047923 -0.446999 0.893250 1.360900 0.000000 0.000000 0.000000 1.000000
0.976658 -0.175142 -0.124357 0.000000 0.212971 0.864961 0.454407 3.913500 0.027978 -0.470284 0.882071 1.360900 0.000000 0.000000 0.000000 1.000000
0.977834 -0.177704 -0.110737 -0.000000 0.209205 0.851033 0.481639 3.913500 0.008652 -0.494130 0.869345 1.360900 0.000000 0.000000 0.000000 1.000000
0.978932 -0.178546 -0.099060 0.000000 0.204027 0.836207 0.509050 3.913500 -0.008054 -0.518536 0.855018 1.360900 0.000000 0.000000 0.000000 1.000000
0.980066 -0.177976 -0.088285 -0.000000 0.197343 0.820829 0.536000 3.913500 -0.022928 -0.542738 0.839589 1.360900 0.000000 0.000000 0.000000 1.000000
0.981488 -0.175094 -0.077611 -0.000000 0.188137 0.805563 0.561847 3.913500 -0.035855 -0.566048 0.823592 1.360900 0.000000 0.000000 0.000000 1.000000
0.983064 -0.170747 -0.066560 -0.000000 0.176983 0.790302 0.586601 3.913500 -0.047558 -0.588446 0.807137 1.360900 0.000000 0.000000 0.000000 1.000000
0.985180 -0.162967 -0.053501 0.000000 0.161511 0.776372 0.609230 3.913500 -0.057748 -0.608842 0.791187 1.360900 0.000000 0.000000 0.000000 1.000000
0.987428 -0.152875 -0.040187 0.000000 0.143586 0.761184 0.632441 3.913500 -0.066095 -0.630261 0.773565 1.360900 0.000000 0.000000 0.000000 1.000000
0.989222 -0.143351 -0.029832 0.000000 0.127600 0.744047 0.655829 3.913500 -0.071817 -0.652567 0.754320 1.360900 0.000000 0.000000 0.000000 1.000000
0.990208 -0.137425 -0.024540 -0.000000 0.117738 0.727689 0.675727 3.913500 -0.075004 -0.672000 0.736743 1.360900 0.000000 0.000000 0.000000 1.000000
0.990426 -0.135958 -0.023895 0.000000 0.114896 0.715973 0.688609 3.913500 -0.076513 -0.684762 0.724739 1.360900 0.000000 0.000000 0.000000 1.000000
0.990699 -0.133698 -0.025289 0.000000 0.113880 0.712983 0.691872 3.913500 -0.074471 -0.688317 0.721578 1.360900 0.000000 0.000000 0.000000 1.000000
0.990974 -0.131328 -0.026909 0.000000 0.113065 0.710944 0.694100 3.913500 -0.072024 -0.690877 0.719376 1.360900 0.000000 0.000000 0.000000 1.000000
0.991243 -0.128909 -0.028626 0.000000 0.112350 0.709407 0.695786 3.913500 -0.069386 -0.692910 0.717678 1.360900 0.000000 0.000000 0.000000 1.000000
0.991503 -0.126501 -0.030307 0.000000 0.111637 0.707916 0.697418 3.913500 -0.066770 -0.694876 0.716023 1.360900 0.000000 0.000000 0.000000 1.000000
0.991752 -0.124165 -0.031811 0.000000 0.110827 0.706008 0.699478 3.913500 -0.064391 -0.697234 0.713945 1.360900 0.000000 0.000000 0.000000 1.000000
0.991957 -0.122386 -0.032284 -0.000000 0.109556 0.702458 0.703243 3.913500 -0.063389 -0.701124 0.710217 1.360900 0.000000 0.000000 0.000000 1.000000
0.991642 -0.124549 -0.033676 0.000000 0.111737 0.698520 0.706813 3.913500 -0.064510 -0.704668 0.706599 1.360900 0.000000 0.000000 0.000000 1.000000
0.990741 -0.131023 -0.035578 0.000000 0.117320 0.694321 0.710038 3.913500 -0.068329 -0.707638 0.703264 1.360900 0.000000 0.000000 0.000000 1.000000
0.989780 -0.137695 -0.037102 0.000000 0.122720 0.689905 0.713422 3.913500 -0.072638 -0.710684 0.699751 1.360900 0.000000 0.000000 0.000000 1.000000
0.989030 -0.142908 -0.037369 0.000000 0.126080 0.684915 0.717632 3.913500 -0.076961 -0.714471 0.695420 1.360900 0.000000 0.000000 0.000000 1.000000
0.988498 -0.146669 -0.036871 -0.000000 0.127863 0.680341 0.721656 3.913500 -0.080760 -0.718070 0.691270 1.360900 0.000000 0.000000 0.000000 1.000000
0.988399 -0.147717 -0.035304 0.000000 0.127104 0.677281 0.724662 3.913500 -0.083135 -0.720743 0.688199 1.360900 0.000000 0.000000 0.000000 1.000000
0.988378 -0.148152 -0.034049 0.000000 0.126234 0.675108 0.726839 3.913500 -0.084696 -0.722690 0.685964 1.360900 0.000000 0.000000 0.000000 1.000000
0.988089 -0.149994 -0.034365 0.000000 0.127488 0.672888 0.728676 3.913500 -0.086173 -0.724378 0.683996 1.360900 0.000000 0.000000 0.000000 1.000000
0.987716 -0.152246 -0.035186 0.000000 0.129386 0.670590 0.730457 3.913500 -0.087614 -0.726037 0.682051 1.360900 0.000000 0.000000 0.000000 1.000000
0.987394 -0.154131 -0.036002 -0.000000 0.131097 0.668931 0.731673 3.913500 -0.088691 -0.727169 0.680705 1.360900 0.000000 0.000000 0.000000 1.000000
0.987267 -0.154878 -0.036293 0.000000 0.131795 0.668637 0.731816 3.913500 -0.089075 -0.727281 0.680535 1.360900 0.000000 0.000000 0.000000 1.000000
0.987502 -0.153416 -0.036112 0.000000 0.130757 0.669539 0.731177 3.913500 -0.087996 -0.726761 0.681231 1.360900 0.000000 0.000000 0.000000 1.000000
0.987996 -0.150389 -0.035310 0.000000 0.128407 0.672435 0.728932 3.913500 -0.085880 -0.724716 0.683674 1.360900 0.000000 0.000000 0.000000 1.000000
0.988497 -0.147576 -0.033087 0.000000 0.125637 0.679478 0.722859 3.913500 -0.084195 -0.718701 0.690203 1.360900 0.000000 0.000000 0.000000 1.000000
0.988918 -0.145419 -0.029913 0.000000 0.122950 0.689248 0.714017 3.913500 -0.083214 -0.709782 0.699489 1.360900 0.000000 0.000000 0.000000 1.000000
0.989331 -0.143198 -0.026787 -0.000000 0.120253 0.698930 0.705008 3.913500 -0.082234 -0.700708 0.708693 1.360900 0.000000 0.000000 0.000000 1.000000
0.989738 -0.140916 -0.023710 0.000000 0.117546 0.708517 0.695835 3.913500 -0.081255 -0.691481 0.717810 1.360900 0.000000 0.000000 0.000000 1.000000
0.990136 -0.138572 -0.020685 -0.000000 0.114829 0.718006 0.686499 3.913500 -0.080278 -0.682103 0.726836 1.360900 0.000000 0.000000 0.000000 1.000000
0.990527 -0.136169 -0.017715 0.000000 0.112103 0.727393 0.677002 3.913500 -0.079301 -0.672575 0.735768 1.360900 0.000000 0.000000 0.000000 1.000000
0.990910 -0.133706 -0.014800 0.000000 0.109369 0.736673 0.667347 3.913500 -0.078326 -0.662899 0.744600 1.360900 0.000000 0.000000 0.000000 1.000000
0.991286 -0.131186 -0.011943 -0.000000 0.106626 0.745842 0.657534 3.913500 -0.077352 -0.653078 0.753330 1.360900 0.000000 0.000000 0.000000 1.000000
0.991653 -0.128609 -0.009146 -0.000000 0.103876 0.754895 0.647567 3.913500 -0.076379 -0.643112 0.761954 1.360900 0.000000 0.000000 0.000000 1.000000
0.992012 -0.125977 -0.006411 0.000000 0.101119 0.763830 0.637447 3.913500 -0.075407 -0.633004 0.770467 1.360900 0.000000 0.000000 0.000000 1.000000
0.992364 -0.123291 -0.003739 0.000000 0.098356 0.772641 0.627178 3.913500 -0.074437 -0.622756 0.778867 1.360900 0.000000 0.000000 0.000000 1.000000
0.992706 -0.120552 -0.001132 0.000000 0.095586 0.781325 0.616762 3.913500 -0.073467 -0.612372 0.787149 1.360900 0.000000 0.000000 0.000000 1.000000
0.993041 -0.117763 0.001407 -0.000000 0.092811 0.789877 0.606201 3.913500 -0.072500 -0.601852 0.795310 1.360900 0.000000 0.000000 0.000000 1.000000
0.993367 -0.114924 0.003878 0.000000 0.090031 0.798295 0.595499 3.913500 -0.071533 -0.591200 0.803347 1.360900 0.000000 0.000000 0.000000 1.000000
0.993684 -0.112037 0.006279 -0.000000 0.087246 0.806575 0.584658 3.913500 -0.070568 -0.580418 0.811255 1.360900 0.000000 0.000000 0.000000 1.000000
0.993993 -0.109105 0.008608 -0.000000 0.084458 0.814712 0.573682 3.913500 -0.069605 -0.569509 0.819033 1.360900 0.000000 0.000000 0.000000 1.000000
0.994293 -0.106128 0.010864 -0.000000 0.081666 0.822704 0.562574 3.913500 -0.068642 -0.558476 0.826676 1.360900 0.000000 0.000000 0.000000 1.000000
0.994585 -0.103108 0.013045 0.000000 0.078871 0.830546 0.551336 3.913500 -0.067682 -0.547322 0.834181 1.360900 0.000000 0.000000 0.000000 1.000000
0.994867 -0.100048 0.015150 0.000000 0.076074 0.838237 0.539973 3.913500 -0.066723 -0.536049 0.841546 1.360900 0.000000 0.000000 0.000000 1.000000
0.995141 -0.096949 0.017178 0.000000 0.073275 0.845772 0.528488 3.913500 -0.065765 -0.524662 0.848767 1.360900 0.000000 0.000000 0.000000 1.000000
0.995406 -0.093813 0.019127 -0.000000 0.070474 0.853149 0.516885 3.913500 -0.064809 -0.513162 0.855841 1.360900 0.000000 0.000000 0.000000 1.000000
0.995662 -0.090643 0.020996 0.000000 0.067673 0.860365 0.505166 3.913500 -0.063854 -0.501554 0.862767 1.360900 0.000000 0.000000 0.000000 1.000000
0.995909 -0.087439 0.022785 0.000000 0.064871 0.867416 0.493336 3.913500 -0.062901 -0.489840 0.869540 1.360900 0.000000 0.000000 0.000000 1.000000
0.996147 -0.084205 0.024492 -0.000000 0.062069 0.874301 0.481399 3.913500 -0.061950 -0.478024 0.876159 1.360900 0.000000 0.000000 0.000000 1.000000
0.996377 -0.080943 0.026117 0.000000 0.059269 0.881016 0.469359 3.913500 -0.061000 -0.466110 0.882621 1.360900 0.000000 0.000000 0.000000 1.000000
0.996597 -0.077654 0.027657 0.000000 0.056469 0.887560 0.457219 3.913500 -0.060052 -0.454101 0.888924 1.360900 0.000000 0.000000 0.000000 1.000000
0.996808 -0.074340 0.029114 0.000000 0.053671 0.893929 0.444984 3.913500 -0.059106 -0.442001 0.895065 1.360900 0.000000 0.000000 0.000000 1.000000
0.997010 -0.071005 0.030486 0.000000 0.050876 0.900122 0.432658 3.913500 -0.058162 -0.429813 0.901043 1.360900 0.000000 0.000000 0.000000 1.000000
0.997203 -0.067650 0.031772 0.000000 0.048083 0.906136 0.420245 3.913500 -0.057219 -0.417542 0.906854 1.360900 0.000000 0.000000 0.000000 1.000000
0.997387 -0.064277 0.032972 -0.000000 0.045293 0.911970 0.407749 3.913500 -0.056278 -0.405190 0.912498 1.360900 0.000000 0.000000 0.000000 1.000000
0.997562 -0.060889 0.034085 0.000000 0.042508 0.917622 0.395175 3.913500 -0.055339 -0.392763 0.917973 1.360900 0.000000 0.000000 0.000000 1.000000
0.997729 -0.057489 0.035111 0.000000 0.039726 0.923090 0.382527 3.913500 -0.054402 -0.380263 0.923277 1.360900 0.000000 0.000000 0.000000 1.000000
0.997886 -0.054077 0.036051 0.000000 0.036950 0.928373 0.369809 3.913500 -0.053467 -0.367696 0.928408 1.360900 0.000000 0.000000 0.000000 1.000000
0.998034 -0.050657 0.036902 0.000000 0.034179 0.933469 0.357027 3.913500 -0.052533 -0.355064 0.933365 1.360900 0.000000 0.000000 0.000000 1.000000
0.998174 -0.047231 0.037667 0.000000 0.031414 0.938377 0.344184 3.913500 -0.051602 -0.342372 0.938146 1.360900 0.000000 0.000000 0.000000 1.000000
0.998304 -0.043801 0.038343 0.000000 0.028655 0.943096 0.331284 3.913500 -0.050672 -0.329624 0.942752 1.360900 0.000000 0.000000 0.000000 1.000000
0.998426 -0.040370 0.038933 0.000000 0.025903 0.947625 0.318334 3.913500 -0.049745 -0.316824 0.947179 1.360900 0.000000 0.000000 0.000000 1.000000
0.998539 -0.036940 0.039434 0.000000 0.023159 0.951963 0.305336 3.913500 -0.048819 -0.303977 0.951428 1.360900 0.000000 0.000000 0.000000 1.000000
0.998644 -0.033514 0.039849 0.000000 0.020423 0.956110 0.292296 3.913500 -0.047896 -0.291086 0.955497 1.360900 0.000000 0.000000 0.000000 1.000000
0.998739 -0.030093 0.040177 0.000000 0.017695 0.960064 0.279219 3.913500 -0.046975 -0.278156 0.959387 1.360900 0.000000 0.000000 0.000000 1.000000
0.998827 -0.026679 0.040418 0.000000 0.014976 0.963827 0.266109 3.913500 -0.046055 -0.265191 0.963095 1.360900 0.000000 0.000000 0.000000 1.000000
0.998905 -0.023276 0.040573 0.000000 0.012267 0.967396 0.252970 3.913500 -0.045138 -0.252196 0.966623 1.360900 0.000000 0.000000 0.000000 1.000000
0.998976 -0.019886 0.040643 0.000000 0.009568 0.970773 0.239808 3.913500 -0.044224 -0.239174 0.969969 1.360900 0.000000 0.000000 0.000000 1.000000
0.999038 -0.016510 0.040627 -0.000000 0.006880 0.973957 0.226627 3.913500 -0.043311 -0.226130 0.973134 1.360900 0.000000 0.000000 0.000000 1.000000
0.999092 -0.013152 0.040528 -0.000000 0.004202 0.976949 0.213432 3.913500 -0.042400 -0.213068 0.976117 1.360900 0.000000 0.000000 0.000000 1.000000
0.999138 -0.009812 0.040345 -0.000000 0.001537 0.979748 0.200227 3.913500 -0.041492 -0.199992 0.978919 1.360900 0.000000 0.000000 0.000000 1.000000
0.999175 -0.006494 0.040079 0.000000 -0.001117 0.982356 0.187017 3.913500 -0.040586 -0.186907 0.981539 1.360900 0.000000 0.000000 0.000000 1.000000
0.999205 -0.003200 0.039732 0.000000 -0.003758 0.984773 0.173806 3.913500 -0.039683 -0.173817 0.983978 1.360900 0.000000 0.000000 0.000000 1.000000
0.999227 0.000069 0.039303 -0.000000 -0.006385 0.986999 0.160600 3.913500 -0.038781 -0.160727 0.986237 1.360900 0.000000 0.000000 0.000000 1.000000
0.999242 0.003310 0.038796 -0.000000 -0.009000 0.989036 0.147403 3.913500 -0.037882 -0.147640 0.988315 1.360900 0.000000 0.000000 0.000000 1.000000
0.999248 0.006522 0.038210 0.000000 -0.011599 0.990884 0.134219 3.913500 -0.036986 -0.134561 0.990215 1.360900 0.000000 0.000000 0.000000 1.000000
0.999238 0.000744 0.039029 0.000000 -0.005872 0.991308 0.131430 3.913500 -0.038592 -0.131559 0.990557 1.360900 0.000000 0.000000 0.000000 1.000000
0.999255 -0.004797 0.038285 0.000000 -0.000068 0.992023 0.126054 3.913500 -0.038585 -0.125962 0.991284 1.360900 0.000000 0.000000 0.000000 1.000000
0.999259 -0.010261 0.037094 -0.000000 0.005742 0.992764 0.119947 3.913500 -0.038056 -0.119645 0.992087 1.360900 0.000000 0.000000 0.000000 1.000000
0.999266 -0.015541 0.035009 0.000000 0.011500 0.993549 0.112819 3.913500 -0.036537 -0.112334 0.992999 1.360900 0.000000 0.000000 0.000000 1.000000
0.999234 -0.019340 0.034013 0.000000 0.015628 0.994222 0.106196 3.913500 -0.035870 -0.105583 0.993763 1.360900 0.000000 0.000000 0.000000 1.000000
0.999197 -0.022269 0.033308 -0.000000 0.018867 0.994889 0.099191 3.913500 -0.035347 -0.098483 0.994511 1.360900 0.000000 0.000000 0.000000 1.000000
0.999174 -0.023894 0.032856 0.000000 0.020816 0.995631 0.091026 3.913500 -0.034888 -0.090267 0.995306 1.360900 0.000000 0.000000 0.000000 1.000000
0.999180 -0.024598 0.032172 0.000000 0.021886 0.996384 0.082098 3.913500 -0.034075 -0.081326 0.996105 1.360900 0.000000 0.000000 0.000000 1.000000
0.999229 -0.024682 0.030532 0.000000 0.022421 0.997129 0.072320 3.913500 -0.032229 -0.071580 0.996914 1.360900 0.000000 0.000000 0.000000 1.000000
0.999301 -0.024046 0.028619 0.000000 0.022224 0.997806 0.062369 3.913500 -0.030056 -0.061690 0.997643 1.360900 0.000000 0.000000 0.000000 1.000000
0.999404 -0.021483 0.027034 0.000000 0.020015 0.998369 0.053462 3.913500 -0.028138 -0.052889 0.998204 1.360900 0.000000 0.000000 0.000000 1.000000
0.999502 -0.018090 0.025870 0.000000 0.016870 0.998769 0.046648 3.913500 -0.026682 -0.046188 0.998576 1.360900 0.000000 0.000000 0.000000 1.000000
0.999542 -0.015690 0.025870 0.000000 0.014521 0.998892 0.044767 3.913500 -0.026544 -0.044371 0.998662 1.360900 0.000000 0.000000 0.000000 1.000000
0.999568 -0.013497 0.026106 -0.000000 0.012343 0.998961 0.043875 3.913500 -0.026671 -0.043534 0.998696 1.360900 0.000000 0.000000 0.000000 1.000000
0.999578 -0.011703 0.026598 0.000000 0.010524 0.998975 0.044026 3.913500 -0.027086 -0.043727 0.998676 1.360900 0.000000 0.000000 0.000000 1.000000
0.999525 -0.011973 0.028395 0.000000 0.010560 0.998723 0.049413 3.913500 -0.028950 -0.049090 0.998375 1.360900 0.000000 0.000000 0.000000 1.000000
0.999444 -0.013693 0.030416 -0.000000 0.011935 0.998289 0.057243 3.913500 -0.031148 -0.056849 0.997897 1.360900 0.000000 0.000000 0.000000 1.000000
0.999342 -0.016576 0.032268 0.000000 0.014412 0.997704 0.066179 3.913500 -0.033291 -0.065671 0.997286 1.360900 0.000000 0.000000 0.000000 1.000000
0.999237 -0.019287 0.033973 -0.000000 0.016732 0.997122 0.073947 3.913500 -0.035301 -0.073322 0.996683 1.360900 0.000000 0.000000 0.000000 1.000000
0.999128 -0.021882 0.035567 0.000000 0.018928 0.996505 0.081355 3.913500 -0.037223 -0.080611 0.996050 1.360900 0.000000 0.000000 0.000000 1.000000
0.999079 -0.022842 0.036318 0.000000 0.019629 0.996060 0.086477 3.913500 -0.038151 -0.085684 0.995592 1.360900 0.000000 0.000000 0.000000 1.000000
0.999100 -0.022070 0.036233 -0.000000 0.018757 0.995822 0.089368 3.913500 -0.038054 -0.088608 0.995339 1.360900 0.000000 0.000000 0.000000 1.000000
0.999144 -0.020646 0.035854 0.000000 0.017291 0.995655 0.091499 3.913500 -0.037587 -0.090801 0.995160 1.360900 0.000000 0.000000 0.000000 1.000000
0.999201 -0.018806 0.035280 0.000000 0.015451 0.995541 0.093060 3.913500 -0.036873 -0.092441 0.995035 1.360900 0.000000 0.000000 0.000000 1.000000
0.999260 -0.016785 0.034605 -0.000000 0.013457 0.995458 0.094242 3.913500 -0.036029 -0.093706 0.994948 1.360900 0.000000 0.000000 0.000000 1.000000
0.999315 -0.014818 0.033923 0.000000 0.011527 0.995388 0.095231 3.913500 -0.035178 -0.094775 0.994877 1.360900 0.000000 0.000000 0.000000 1.000000
0.999358 -0.013144 0.033330 0.000000 0.009881 0.995312 0.096215 3.913500 -0.034438 -0.095824 0.994802 1.360900 0.000000 0.000000 0.000000 1.000000
0.999388 -0.012722 0.032597 -0.000000 0.009615 0.995549 0.093750 3.913500 -0.033644 -0.093379 0.995062 1.360900 0.000000 0.000000 0.000000 1.000000
0.999398 -0.014164 0.031684 0.000000 0.011136 0.995528 0.093805 3.913500 -0.032871 -0.093396 0.995086 1.360900 0.000000 0.000000 0.000000 1.000000
0.999400 -0.015955 0.030740 0.000000 0.012990 0.995454 0.094351 3.913500 -0.032106 -0.093895 0.995064 1.360900 0.000000 0.000000 0.000000 1.000000
0.999396 -0.017739 0.029873 0.000000 0.014821 0.995346 0.095219 3.913500 -0.031423 -0.094718 0.995008 1.360900 0.000000 0.000000 0.000000 1.000000
0.999379 -0.019380 0.029427 -0.000000 0.016421 0.995085 0.097658 3.913500 -0.031175 -0.097114 0.994785 1.360900 0.000000 0.000000 0.000000 1.000000</float_array>
        <technique_common>
          <accessor source="#mixamorig_Head-Matrix-animation-output-transform-array" count="184" stride="16">
            <param type="float4x4"/>
          </accessor>
        </technique_common>
      </source>
      <source id="mixamorig_Head-Interpolations">
        <Name_array id="mixamorig_Head-Interpolations-array" count="184">
 LINEAR LINEAR LINEAR LINEAR LINEAR LINEAR LINEAR LINEAR LINEAR LINEAR LINEAR
LINEAR LINEAR LINEAR LINEAR LINEAR LINEAR LINEAR LINEAR LINEAR LINEAR LINEAR LINEAR
LINEAR LINEAR LINEAR LINEAR LINEAR LINEAR LINEAR LINEAR LINEAR LINEAR LINEAR LINEAR
LINEAR LINEAR LINEAR LINEAR LINEAR LINEAR LINEAR LINEAR LINEAR LINEAR LINEAR LINEAR
LINEAR LINEAR LINEAR LINEAR LINEAR LINEAR LINEAR LINEAR LINEAR LINEAR LINEAR LINEAR
LINEAR LINEAR LINEAR LINEAR LINEAR LINEAR LINEAR LINEAR LINEAR LINEAR LINEAR LINEAR
LINEAR LINEAR LINEAR LINEAR LINEAR LINEAR LINEAR LINEAR LINEAR LINEAR LINEAR LINEAR
LINEAR LINEAR LINEAR LINEAR LINEAR LINEAR LINEAR LINEAR LINEAR LINEAR LINEAR LINEAR
LINEAR LINEAR LINEAR LINEAR LINEAR LINEAR LINEAR LINEAR LINEAR LINEAR LINEAR LINEAR
LINEAR LINEAR LINEAR LINEAR LINEAR LINEAR LINEAR LINEAR LINEAR LINEAR LINEAR LINEAR
LINEAR LINEAR LINEAR LINEAR LINEAR LINEAR LINEAR LINEAR LINEAR LINEAR LINEAR LINEAR
LINEAR LINEAR LINEAR LINEAR LINEAR LINEAR LINEAR LINEAR LINEAR LINEAR LINEAR LINEAR
LINEAR LINEAR LINEAR LINEAR LINEAR LINEAR LINEAR LINEAR LINEAR LINEAR LINEAR LINEAR
LINEAR LINEAR LINEAR LINEAR LINEAR LINEAR LINEAR LINEAR LINEAR LINEAR LINEAR LINEAR
LINEAR LINEAR LINEAR LINEAR LINEAR LINEAR LINEAR LINEAR LINEAR LINEAR LINEAR LINEAR
LINEAR LINEAR LINEAR LINEAR LINEAR</Name_array>
        <technique_common>
          <accessor source="#mixamorig_Head-Interpolations-array" count="184">
            <param type="name"/>
          </accessor>
        </technique_common>
      </source>
      <sampler id="mixamorig_Head-Matrix-animation-transform">
        <input semantic="INPUT" source="#mixamorig_Head-Matrix-animation-input"/>
        <input semantic="OUTPUT" source="#mixamorig_Head-Matrix-animation-output-transform"/>
        <input semantic="INTERPOLATION" source="#mixamorig_Head-Interpolations"/>
      </sampler>
      <channel source="#mixamorig_Head-Matrix-animation-transform" target="mixamorig_Head/matrix"/>
    </animation>
    <animation id="mixamorig_LeftShoulder-anim" name="mixamorig_LeftShoulder">
      <source id="mixamorig_LeftShoulder-Matrix-animation-input">
        <float_array id="mixamorig_LeftShoulder-Matrix-animation-input-array" count="184">

0.000000 0.033333 0.066667 0.100000 0.133333 0.166667 0.200000 0.233333 0.266667 0.300000 0.333333 0.366667 0.400000 0.433333 0.466667 0.500000
0.533333 0.566667 0.600000 0.633333 0.666667 0.700000 0.733333 0.766667 0.800000 0.833333 0.866667 0.900000 0.933333 0.966667 1.000000 1.033333
1.066667 1.100000 1.133333 1.166667 1.200000 1.233333 1.266667 1.300000 1.333333 1.366667 1.400000 1.433333 1.466667 1.500000 1.533333 1.566667
1.600000 1.633333 1.666667 1.700000 1.733333 1.766667 1.800000 1.833333 1.866667 1.900000 1.933333 1.966667 2.000000 2.033333 2.066667 2.100000
2.133333 2.166667 2.200000 2.233333 2.266667 2.300000 2.333333 2.366667 2.400000 2.433333 2.466667 2.500000 2.533333 2.566667 2.600000 2.633333
2.666667 2.700000 2.733333 2.766667 2.800000 2.833333 2.866667 2.900000 2.933333 2.966667 3.000000 3.033333 3.066667 3.100000 3.133333 3.166667
3.200000 3.233333 3.266667 3.300000 3.333333 3.366667 3.400000 3.433333 3.466667 3.500000 3.533333 3.566667 3.600000 3.633333 3.666667 3.700000
3.733333 3.766667 3.800000 3.833333 3.866667 3.900000 3.933333 3.966667 4.000000 4.033333 4.066667 4.100000 4.133333 4.166667 4.200000 4.233333
4.266667 4.300000 4.333333 4.366667 4.400000 4.433333 4.466667 4.500000 4.533333 4.566667 4.600000 4.633333 4.666667 4.700000 4.733333 4.766667
4.800000 4.833333 4.866667 4.900000 4.933333 4.966667 5.000000 5.033333 5.066667 5.100000 5.133333 5.166667 5.200000 5.233333 5.266667 5.300000
5.333333 5.366667 5.400000 5.433333 5.466667 5.500000 5.533333 5.566667 5.600000 5.633333 5.666667 5.700000 5.733333 5.766667 5.800000 5.833333
5.866667 5.900000 5.933333 5.966667 6.000000 6.033333 6.066667 6.100000</float_array>
        <technique_common>
          <accessor source="#mixamorig_LeftShoulder-Matrix-animation-input-array" count="184">
            <param name="TIME" type="float"/>
          </accessor>
        </technique_common>
      </source>
      <source id="mixamorig_LeftShoulder-Matrix-animation-output-transform">
        <float_array id="mixamorig_LeftShoulder-Matrix-animation-output-transform-array" count="2944">

-0.180511 0.966277 -0.183641 5.768700 -0.025855 -0.191305 -0.981190 14.120300 -0.983233 -0.172367 0.059516 -0.144600 0.000000 0.000000 0.000000 1.000000
-0.180404 0.966331 -0.183464 5.768700 -0.025854 -0.191119 -0.981226 14.120300 -0.983253 -0.172274 0.059462 -0.144600 0.000000 0.000000 0.000000 1.000000
-0.180257 0.966368 -0.183411 5.768700 -0.025825 -0.191051 -0.981240 14.120300 -0.983281 -0.172139 0.059394 -0.144600 0.000000 0.000000 0.000000 1.000000
-0.180060 0.966373 -0.183581 5.768700 -0.025751 -0.191198 -0.981214 14.120300 -0.983319 -0.171950 0.059312 -0.144600 0.000000 0.000000 0.000000 1.000000
-0.179857 0.966366 -0.183816 5.768700 -0.025667 -0.191410 -0.981175 14.120300 -0.983358 -0.171753 0.059230 -0.144600 0.000000 0.000000 0.000000 1.000000
-0.179605 0.966358 -0.184105 5.768700 -0.025563 -0.191669 -0.981127 14.120300 -0.983407 -0.171509 0.059128 -0.144600 0.000000 0.000000 0.000000 1.000000
-0.179258 0.966359 -0.184435 5.768700 -0.025431 -0.191960 -0.981073 14.120300 -0.983473 -0.171175 0.058986 -0.144600 0.000000 0.000000 0.000000 1.000000
-0.178785 0.966378 -0.184795 5.768700 -0.025266 -0.192268 -0.981017 14.120300 -0.983564 -0.170722 0.058791 -0.144600 0.000000 0.000000 0.000000 1.000000
-0.178222 0.966408 -0.185183 5.768700 -0.025076 -0.192595 -0.980958 14.120300 -0.983671 -0.170184 0.058558 -0.144600 0.000000 0.000000 0.000000 1.000000
-0.177627 0.966437 -0.185600 5.768700 -0.024874 -0.192948 -0.980894 14.120300 -0.983783 -0.169617 0.058312 -0.144600 0.000000 0.000000 0.000000 1.000000
-0.177061 0.966455 -0.186047 5.768700 -0.024675 -0.193333 -0.980823 14.120300 -0.983890 -0.169075 0.058079 -0.144600 0.000000 0.000000 0.000000 1.000000
-0.176583 0.966451 -0.186525 5.768700 -0.024492 -0.193759 -0.980743 14.120300 -0.983981 -0.168614 0.057885 -0.144600 0.000000 0.000000 0.000000 1.000000
-0.176772 0.966246 -0.187402 5.768700 -0.024413 -0.194646 -0.980570 14.120300 -0.983949 -0.168763 0.057997 -0.144600 0.000000 0.000000 0.000000 1.000000
-0.176832 0.966138 -0.187902 5.768700 -0.024356 -0.195148 -0.980471 14.120300 -0.983940 -0.168802 0.058039 -0.144600 0.000000 0.000000 0.000000 1.000000
-0.176867 0.966050 -0.188321 5.768700 -0.024304 -0.195566 -0.980389 14.120300 -0.983935 -0.168821 0.058068 -0.144600 0.000000 0.000000 0.000000 1.000000
-0.176894 0.965998 -0.188566 5.768700 -0.024277 -0.195811 -0.980341 14.120300 -0.983930 -0.168839 0.058090 -0.144600 0.000000 0.000000 0.000000 1.000000
-0.176924 0.965978 -0.188637 5.768700 -0.024277 -0.195886 -0.980326 14.120300 -0.983925 -0.168864 0.058108 -0.144600 0.000000 0.000000 0.000000 1.000000
-0.176954 0.965975 -0.188625 5.768700 -0.024289 -0.195877 -0.980328 14.120300 -0.983919 -0.168891 0.058124 -0.144600 0.000000 0.000000 0.000000 1.000000
-0.176983 0.965981 -0.188567 5.768700 -0.024308 -0.195823 -0.980338 14.120300 -0.983914 -0.168919 0.058138 -0.144600 0.000000 0.000000 0.000000 1.000000
-0.177010 0.965989 -0.188504 5.768700 -0.024327 -0.195764 -0.980349 14.120300 -0.983908 -0.168946 0.058152 -0.144600 0.000000 0.000000 0.000000 1.000000
-0.177034 0.965990 -0.188472 5.768700 -0.024340 -0.195736 -0.980355 14.120300 -0.983904 -0.168968 0.058164 -0.144600 0.000000 0.000000 0.000000 1.000000
-0.177053 0.965979 -0.188512 5.768700 -0.024343 -0.195778 -0.980346 14.120300 -0.983900 -0.168985 0.058178 -0.144600 0.000000 0.000000 0.000000 1.000000
-0.177068 0.965947 -0.188661 5.768700 -0.024327 -0.195927 -0.980317 14.120300 -0.983898 -0.168993 0.058192 -0.144600 0.000000 0.000000 0.000000 1.000000
-0.176991 0.965639 -0.190305 5.768700 -0.024071 -0.197547 -0.979998 14.120300 -0.983918 -0.168870 0.058207 -0.144600 0.000000 0.000000 0.000000 1.000000
-0.176849 0.965266 -0.192318 5.768700 -0.023739 -0.199525 -0.979605 14.120300 -0.983952 -0.168676 0.058201 -0.144600 0.000000 0.000000 0.000000 1.000000
-0.176510 0.964951 -0.194200 5.768700 -0.023374 -0.201351 -0.979240 14.120300 -0.984021 -0.168306 0.058095 -0.144600 0.000000 0.000000 0.000000 1.000000
-0.176005 0.964579 -0.196493 5.768700 -0.022899 -0.203567 -0.978793 14.120300 -0.984123 -0.167773 0.057917 -0.144600 0.000000 0.000000 0.000000 1.000000
-0.175605 0.964126 -0.199057 5.768700 -0.022408 -0.206061 -0.978283 14.120300 -0.984206 -0.167331 0.057790 -0.144600 0.000000 0.000000 0.000000 1.000000
-0.175897 0.963343 -0.202562 5.768700 -0.021944 -0.209556 -0.977550 14.120300 -0.984164 -0.167503 0.058000 -0.144600 0.000000 0.000000 0.000000 1.000000
-0.176680 0.962411 -0.206277 5.768700 -0.021569 -0.213309 -0.976747 14.120300 -0.984032 -0.168123 0.058445 -0.144600 0.000000 0.000000 0.000000 1.000000
-0.177203 0.961741 -0.208933 5.768700 -0.021293 -0.215990 -0.976163 14.120300 -0.983944 -0.168531 0.058752 -0.144600 0.000000 0.000000 0.000000 1.000000
-0.177056 0.961558 -0.209900 5.768700 -0.021111 -0.216931 -0.975959 14.120300 -0.983974 -0.168368 0.058709 -0.144600 0.000000 0.000000 0.000000 1.000000
-0.176639 0.961706 -0.209571 5.768700 -0.021057 -0.216562 -0.976042 14.120300 -0.984050 -0.167995 0.058504 -0.144600 0.000000 0.000000 0.000000 1.000000
-0.175853 0.962414 -0.206968 5.768700 -0.021239 -0.213904 -0.976624 14.120300 -0.984187 -0.167346 0.058056 -0.144600 0.000000 0.000000 0.000000 1.000000
-0.174551 0.965248 -0.194495 5.768700 -0.022735 -0.201426 -0.979240 14.120300 -0.984386 -0.166506 0.057104 -0.144600 0.000000 0.000000 0.000000 1.000000
-0.173073 0.968127 -0.181039 5.768700 -0.024322 -0.187958 -0.981876 14.120300 -0.984609 -0.165533 0.056077 -0.144600 0.000000 0.000000 0.000000 1.000000
-0.171839 0.971072 -0.165802 5.768700 -0.026231 -0.172756 -0.984615 14.120300 -0.984776 -0.164846 0.055158 -0.144600 0.000000 0.000000 0.000000 1.000000
-0.171266 0.974048 -0.147983 5.768700 -0.028689 -0.155069 -0.987487 14.120300 -0.984807 -0.164878 0.054503 -0.144600 0.000000 0.000000 0.000000 1.000000
-0.175343 0.978309 -0.110305 5.768700 -0.035287 -0.118214 -0.992361 14.120300 -0.983875 -0.170111 0.055250 -0.144600 0.000000 0.000000 0.000000 1.000000
-0.180324 0.981351 -0.066588 5.768700 -0.043428 -0.075575 -0.996194 14.120300 -0.982648 -0.176746 0.056246 -0.144600 0.000000 0.000000 0.000000 1.000000
-0.184932 0.982487 -0.022793 5.768700 -0.051581 -0.032864 -0.998128 14.120300 -0.981397 -0.183410 0.056755 -0.144600 0.000000 0.000000 0.000000 1.000000
-0.186853 0.982274 0.014932 5.768700 -0.058256 0.004094 -0.998293 14.120300 -0.980659 -0.187404 0.056459 -0.144600 0.000000 0.000000 0.000000 1.000000
-0.188511 0.980996 0.045945 5.768700 -0.063876 0.034437 -0.997364 14.120300 -0.979991 -0.190949 0.056170 -0.144600 0.000000 0.000000 0.000000 1.000000
-0.196261 0.978500 0.063404 5.768700 -0.069668 0.050583 -0.996287 14.120300 -0.978074 -0.199950 0.058242 -0.144600 0.000000 0.000000 0.000000 1.000000
-0.202338 0.976666 0.071987 5.768700 -0.073376 0.058181 -0.995606 14.120300 -0.976563 -0.206731 0.059892 -0.144600 0.000000 0.000000 0.000000 1.000000
-0.202364 0.977015 0.067006 5.768700 -0.072423 0.053304 -0.995949 14.120300 -0.976629 -0.206397 0.059972 -0.144600 0.000000 0.000000 0.000000 1.000000
-0.195929 0.979304 0.050747 5.768700 -0.067361 0.038187 -0.996998 14.120300 -0.978302 -0.198759 0.058485 -0.144600 0.000000 0.000000 0.000000 1.000000
-0.180958 0.983216 0.023228 5.768700 -0.057504 0.013000 -0.998261 14.120300 -0.981808 -0.181979 0.054187 -0.144600 0.000000 0.000000 0.000000 1.000000
-0.157717 0.987401 -0.012851 5.768700 -0.044014 -0.020030 -0.998830 14.120300 -0.986503 -0.156967 0.046619 -0.144600 0.000000 0.000000 0.000000 1.000000
-0.126904 0.990388 -0.055015 5.768700 -0.027324 -0.058932 -0.997888 14.120300 -0.991539 -0.125133 0.034540 -0.144600 0.000000 0.000000 0.000000 1.000000
-0.085061 0.991241 -0.101020 5.768700 -0.008974 -0.102146 -0.994729 14.120300 -0.996335 -0.083706 0.017584 -0.144600 0.000000 0.000000 0.000000 1.000000
-0.027335 0.988433 -0.149174 5.768700 0.010284 -0.148944 -0.988792 14.120300 -0.999573 -0.028563 -0.006094 -0.144600 0.000000 0.000000 0.000000 1.000000
0.036316 0.980183 -0.194735 5.768700 0.029725 -0.195836 -0.980186 14.120300 -0.998898 0.029808 -0.036247 -0.144600 0.000000 0.000000 0.000000 1.000000
0.090624 0.968996 -0.229857 5.768700 0.045626 -0.234604 -0.971020 14.120300 -0.994840 0.077510 -0.065472 -0.144600 0.000000 0.000000 0.000000 1.000000
0.121654 0.961011 -0.248309 5.768700 0.052792 -0.256078 -0.965213 14.120300 -0.991168 0.104313 -0.081887 -0.144600 0.000000 0.000000 0.000000 1.000000
0.138993 0.955932 -0.258602 5.768700 0.055223 -0.268212 -0.961776 14.120300 -0.988752 0.119400 -0.090070 -0.144600 0.000000 0.000000 0.000000 1.000000
0.142394 0.953609 -0.265242 5.768700 0.055818 -0.275283 -0.959742 14.120300 -0.988235 0.121856 -0.092427 -0.144600 0.000000 0.000000 0.000000 1.000000
0.129079 0.956326 -0.262259 5.768700 0.052835 -0.270729 -0.961205 14.120300 -0.990226 0.110215 -0.085472 -0.144600 0.000000 0.000000 0.000000 1.000000
0.114061 0.959328 -0.258223 5.768700 0.049519 -0.265086 -0.962952 14.120300 -0.992239 0.097048 -0.077741 -0.144600 0.000000 0.000000 0.000000 1.000000
0.097944 0.962437 -0.253224 5.768700 0.045981 -0.258552 -0.964902 14.120300 -0.994129 0.082863 -0.069577 -0.144600 0.000000 0.000000 0.000000 1.000000
0.081339 0.965496 -0.247391 5.768700 0.042326 -0.251335 -0.966974 14.120300 -0.995787 0.068182 -0.061309 -0.144600 0.000000 0.000000 0.000000 1.000000
0.064866 0.968383 -0.240888 5.768700 0.038662 -0.243654 -0.969091 14.120300 -0.997145 0.053548 -0.053244 -0.144600 0.000000 0.000000 0.000000 1.000000
0.045609 0.972720 -0.227456 5.768700 0.033916 -0.229069 -0.972819 14.120300 -0.998383 0.036655 -0.043439 -0.144600 0.000000 0.000000 0.000000 1.000000
0.028225 0.976611 -0.213154 5.768700 0.029052 -0.213950 -0.976413 14.120300 -0.999179 0.021366 -0.034411 -0.144600 0.000000 0.000000 0.000000 1.000000
0.013996 0.978839 -0.204154 5.768700 0.025098 -0.204454 -0.978554 14.120300 -0.999587 0.008572 -0.027428 -0.144600 0.000000 0.000000 0.000000 1.000000
0.001654 0.979845 -0.199754 5.768700 0.021870 -0.199742 -0.979604 14.120300 -0.999759 -0.002748 -0.021759 -0.144600 0.000000 0.000000 0.000000 1.000000
-0.011137 0.980383 -0.196788 5.768700 0.018564 -0.196563 -0.980315 14.120300 -0.999766 -0.014571 -0.016011 -0.144600 0.000000 0.000000 0.000000 1.000000
-0.025911 0.980427 -0.195169 5.768700 0.014721 -0.194840 -0.980725 14.120300 -0.999556 -0.028285 -0.009384 -0.144600 0.000000 0.000000 0.000000 1.000000
-0.042064 0.980136 -0.193815 5.768700 0.010494 -0.193543 -0.981036 14.120300 -0.999060 -0.043300 -0.002144 -0.144600 0.000000 0.000000 0.000000 1.000000
-0.060111 0.979543 -0.192046 5.768700 0.005804 -0.192048 -0.981368 14.120300 -0.998175 -0.060105 0.005859 -0.144600 0.000000 0.000000 0.000000 1.000000
-0.078205 0.978946 -0.188546 5.768700 0.000893 -0.189056 -0.981966 14.120300 -0.996937 -0.076963 0.013911 -0.144600 0.000000 0.000000 0.000000 1.000000
-0.094887 0.978860 -0.181188 5.768700 -0.004147 -0.182396 -0.983216 14.120300 -0.995479 -0.092543 0.021366 -0.144600 0.000000 0.000000 0.000000 1.000000
-0.109548 0.978958 -0.172164 5.768700 -0.008936 -0.174170 -0.984675 14.120300 -0.993941 -0.106330 0.027828 -0.144600 0.000000 0.000000 0.000000 1.000000
-0.120867 0.979313 -0.162289 5.768700 -0.013125 -0.165050 -0.986198 14.120300 -0.992582 -0.117069 0.032803 -0.144600 0.000000 0.000000 0.000000 1.000000
-0.129578 0.979569 -0.153800 5.768700 -0.016526 -0.157220 -0.987425 14.120300 -0.991431 -0.125407 0.036561 -0.144600 0.000000 0.000000 0.000000 1.000000
-0.135572 0.979332 -0.150099 5.768700 -0.018609 -0.153988 -0.987897 14.120300 -0.990593 -0.131138 0.039101 -0.144600 0.000000 0.000000 0.000000 1.000000
-0.140049 0.978962 -0.148389 5.768700 -0.020052 -0.152639 -0.988079 14.120300 -0.989941 -0.135404 0.041007 -0.144600 0.000000 0.000000 0.000000 1.000000
-0.143341 0.978572 -0.147817 5.768700 -0.021025 -0.152336 -0.988105 14.120300 -0.989450 -0.138528 0.042410 -0.144600 0.000000 0.000000 0.000000 1.000000
-0.145921 0.978213 -0.147669 5.768700 -0.021746 -0.152403 -0.988079 14.120300 -0.989057 -0.140970 0.043511 -0.144600 0.000000 0.000000 0.000000 1.000000
-0.148246 0.977759 -0.148362 5.768700 -0.022274 -0.153283 -0.987931 14.120300 -0.988700 -0.143152 0.044502 -0.144600 0.000000 0.000000 0.000000 1.000000
-0.150823 0.977024 -0.150590 5.768700 -0.022651 -0.155708 -0.987543 14.120300 -0.988301 -0.145533 0.045615 -0.144600 0.000000 0.000000 0.000000 1.000000
-0.153822 0.975961 -0.154395 5.768700 -0.022904 -0.159735 -0.986894 14.120300 -0.987833 -0.148270 0.046924 -0.144600 0.000000 0.000000 0.000000 1.000000
-0.155718 0.975250 -0.156967 5.768700 -0.022989 -0.162440 -0.986451 14.120300 -0.987534 -0.150000 0.047715 -0.144600 0.000000 0.000000 0.000000 1.000000
-0.157534 0.974555 -0.159454 5.768700 -0.023060 -0.165057 -0.986014 14.120300 -0.987244 -0.151654 0.048475 -0.144600 0.000000 0.000000 0.000000 1.000000
-0.159262 0.973881 -0.161835 5.768700 -0.023119 -0.167562 -0.985591 14.120300 -0.986966 -0.153225 0.049201 -0.144600 0.000000 0.000000 0.000000 1.000000
-0.160891 0.973236 -0.164089 5.768700 -0.023169 -0.169934 -0.985183 14.120300 -0.986700 -0.154705 0.049890 -0.144600 0.000000 0.000000 0.000000 1.000000
-0.162413 0.972626 -0.166195 5.768700 -0.023213 -0.172151 -0.984797 14.120300 -0.986450 -0.156086 0.050537 -0.144600 0.000000 0.000000 0.000000 1.000000
-0.162625 0.972522 -0.166593 5.768700 -0.023157 -0.172556 -0.984728 14.120300 -0.986416 -0.156284 0.050582 -0.144600 0.000000 0.000000 0.000000 1.000000
-0.162252 0.972469 -0.167268 5.768700 -0.022923 -0.173183 -0.984623 14.120300 -0.986483 -0.155923 0.050391 -0.144600 0.000000 0.000000 0.000000 1.000000
-0.161575 0.972460 -0.167972 5.768700 -0.022625 -0.173814 -0.984519 14.120300 -0.986601 -0.155273 0.050086 -0.144600 0.000000 0.000000 0.000000 1.000000
-0.160884 0.972465 -0.168605 5.768700 -0.022345 -0.174376 -0.984426 14.120300 -0.986720 -0.154611 0.049784 -0.144600 0.000000 0.000000 0.000000 1.000000
-0.160312 0.972418 -0.169421 5.768700 -0.022088 -0.175132 -0.984297 14.120300 -0.986819 -0.154053 0.049555 -0.144600 0.000000 0.000000 0.000000 1.000000
-0.159824 0.972504 -0.169387 5.768700 -0.021983 -0.175057 -0.984313 14.120300 -0.986901 -0.153593 0.049357 -0.144600 0.000000 0.000000 0.000000 1.000000
-0.159293 0.972951 -0.167306 5.768700 -0.022163 -0.172951 -0.984681 14.120300 -0.986982 -0.153145 0.049113 -0.144600 0.000000 0.000000 0.000000 1.000000
-0.159127 0.973552 -0.163936 5.768700 -0.022624 -0.169604 -0.985253 14.120300 -0.986999 -0.153072 0.049014 -0.144600 0.000000 0.000000 0.000000 1.000000
-0.159666 0.974173 -0.159667 5.768700 -0.023396 -0.165431 -0.985944 14.120300 -0.986894 -0.153686 0.049205 -0.144600 0.000000 0.000000 0.000000 1.000000
-0.160477 0.974813 -0.154874 5.768700 -0.024314 -0.160764 -0.986693 14.120300 -0.986740 -0.154576 0.049500 -0.144600 0.000000 0.000000 0.000000 1.000000
-0.161221 0.975398 -0.150357 5.768700 -0.025173 -0.156365 -0.987379 14.120300 -0.986597 -0.155401 0.049763 -0.144600 0.000000 0.000000 0.000000 1.000000
-0.161561 0.975865 -0.146917 5.768700 -0.025772 -0.152995 -0.987891 14.120300 -0.986526 -0.155818 0.049868 -0.144600 0.000000 0.000000 0.000000 1.000000
-0.160952 0.976221 -0.145210 5.768700 -0.025875 -0.151252 -0.988157 14.120300 -0.986623 -0.155288 0.049604 -0.144600 0.000000 0.000000 0.000000 1.000000
-0.159825 0.976445 -0.144949 5.768700 -0.025634 -0.150893 -0.988218 14.120300 -0.986813 -0.154226 0.049146 -0.144600 0.000000 0.000000 0.000000 1.000000
-0.159300 0.976446 -0.145524 5.768700 -0.025426 -0.151416 -0.988143 14.120300 -0.986903 -0.153711 0.048948 -0.144600 0.000000 0.000000 0.000000 1.000000
-0.159452 0.976302 -0.146319 5.768700 -0.025361 -0.152217 -0.988022 14.120300 -0.986880 -0.153831 0.049031 -0.144600 0.000000 0.000000 0.000000 1.000000
-0.159606 0.976157 -0.147120 5.768700 -0.025295 -0.153026 -0.987898 14.120300 -0.986857 -0.153953 0.049116 -0.144600 0.000000 0.000000 0.000000 1.000000
-0.159761 0.976009 -0.147930 5.768700 -0.025228 -0.153842 -0.987773 14.120300 -0.986833 -0.154076 0.049201 -0.144600 0.000000 0.000000 0.000000 1.000000
-0.159919 0.975859 -0.148745 5.768700 -0.025162 -0.154665 -0.987647 14.120300 -0.986809 -0.154201 0.049288 -0.144600 0.000000 0.000000 0.000000 1.000000
-0.160079 0.975707 -0.149567 5.768700 -0.025094 -0.155495 -0.987518 14.120300 -0.986785 -0.154327 0.049376 -0.144600 0.000000 0.000000 0.000000 1.000000
-0.160240 0.975553 -0.150396 5.768700 -0.025026 -0.156331 -0.987388 14.120300 -0.986761 -0.154455 0.049465 -0.144600 0.000000 0.000000 0.000000 1.000000
-0.160404 0.975397 -0.151230 5.768700 -0.024958 -0.157173 -0.987256 14.120300 -0.986736 -0.154585 0.049555 -0.144600 0.000000 0.000000 0.000000 1.000000
-0.160569 0.975240 -0.152070 5.768700 -0.024890 -0.158021 -0.987122 14.120300 -0.986711 -0.154716 0.049647 -0.144600 0.000000 0.000000 0.000000 1.000000
-0.160737 0.975080 -0.152915 5.768700 -0.024821 -0.158874 -0.986987 14.120300 -0.986685 -0.154849 0.049740 -0.144600 0.000000 0.000000 0.000000 1.000000
-0.160906 0.974918 -0.153766 5.768700 -0.024752 -0.159733 -0.986850 14.120300 -0.986659 -0.154984 0.049834 -0.144600 0.000000 0.000000 0.000000 1.000000
-0.161078 0.974755 -0.154621 5.768700 -0.024683 -0.160596 -0.986712 14.120300 -0.986633 -0.155121 0.049929 -0.144600 0.000000 0.000000 0.000000 1.000000
-0.161251 0.974589 -0.155480 5.768700 -0.024614 -0.161464 -0.986572 14.120300 -0.986606 -0.155259 0.050025 -0.144600 0.000000 0.000000 0.000000 1.000000
-0.161427 0.974422 -0.156344 5.768700 -0.024545 -0.162337 -0.986430 14.120300 -0.986579 -0.155399 0.050123 -0.144600 0.000000 0.000000 0.000000 1.000000
-0.161605 0.974253 -0.157211 5.768700 -0.024476 -0.163213 -0.986287 14.120300 -0.986552 -0.155541 0.050222 -0.144600 0.000000 0.000000 0.000000 1.000000
-0.161785 0.974082 -0.158083 5.768700 -0.024406 -0.164094 -0.986143 14.120300 -0.986524 -0.155685 0.050322 -0.144600 0.000000 0.000000 0.000000 1.000000
-0.161967 0.973909 -0.158957 5.768700 -0.024337 -0.164977 -0.985997 14.120300 -0.986496 -0.155830 0.050423 -0.144600 0.000000 0.000000 0.000000 1.000000
-0.162151 0.973735 -0.159834 5.768700 -0.024268 -0.165864 -0.985850 14.120300 -0.986467 -0.155978 0.050526 -0.144600 0.000000 0.000000 0.000000 1.000000
-0.162338 0.973559 -0.160715 5.768700 -0.024199 -0.166754 -0.985701 14.120300 -0.986438 -0.156127 0.050630 -0.144600 0.000000 0.000000 0.000000 1.000000
-0.162526 0.973381 -0.161597 5.768700 -0.024130 -0.167647 -0.985552 14.120300 -0.986409 -0.156279 0.050735 -0.144600 0.000000 0.000000 0.000000 1.000000
-0.162717 0.973202 -0.162482 5.768700 -0.024062 -0.168542 -0.985401 14.120300 -0.986379 -0.156432 0.050841 -0.144600 0.000000 0.000000 0.000000 1.000000
-0.162910 0.973022 -0.163369 5.768700 -0.023993 -0.169439 -0.985249 14.120300 -0.986349 -0.156587 0.050949 -0.144600 0.000000 0.000000 0.000000 1.000000
-0.163105 0.972839 -0.164257 5.768700 -0.023925 -0.170338 -0.985095 14.120300 -0.986319 -0.156745 0.051058 -0.144600 0.000000 0.000000 0.000000 1.000000
-0.163303 0.972655 -0.165147 5.768700 -0.023858 -0.171238 -0.984941 14.120300 -0.986287 -0.156904 0.051169 -0.144600 0.000000 0.000000 0.000000 1.000000
-0.163503 0.972470 -0.166037 5.768700 -0.023790 -0.172139 -0.984785 14.120300 -0.986256 -0.157065 0.051281 -0.144600 0.000000 0.000000 0.000000 1.000000
-0.163705 0.972284 -0.166928 5.768700 -0.023723 -0.173042 -0.984629 14.120300 -0.986224 -0.157228 0.051394 -0.144600 0.000000 0.000000 0.000000 1.000000
-0.163909 0.972096 -0.167820 5.768700 -0.023657 -0.173945 -0.984471 14.120300 -0.986192 -0.157394 0.051508 -0.144600 0.000000 0.000000 0.000000 1.000000
-0.164116 0.971906 -0.168712 5.768700 -0.023591 -0.174849 -0.984313 14.120300 -0.986159 -0.157561 0.051624 -0.144600 0.000000 0.000000 0.000000 1.000000
-0.164325 0.971716 -0.169604 5.768700 -0.023526 -0.175753 -0.984153 14.120300 -0.986126 -0.157731 0.051741 -0.144600 0.000000 0.000000 0.000000 1.000000
-0.164537 0.971524 -0.170495 5.768700 -0.023462 -0.176656 -0.983993 14.120300 -0.986092 -0.157903 0.051860 -0.144600 0.000000 0.000000 0.000000 1.000000
-0.164750 0.971331 -0.171385 5.768700 -0.023398 -0.177559 -0.983832 14.120300 -0.986058 -0.158077 0.051980 -0.144600 0.000000 0.000000 0.000000 1.000000
-0.164967 0.971137 -0.172274 5.768700 -0.023334 -0.178461 -0.983670 14.120300 -0.986023 -0.158253 0.052101 -0.144600 0.000000 0.000000 0.000000 1.000000
-0.165185 0.970942 -0.173162 5.768700 -0.023272 -0.179363 -0.983508 14.120300 -0.985988 -0.158431 0.052224 -0.144600 0.000000 0.000000 0.000000 1.000000
-0.165406 0.970746 -0.174049 5.768700 -0.023210 -0.180262 -0.983345 14.120300 -0.985952 -0.158612 0.052348 -0.144600 0.000000 0.000000 0.000000 1.000000
-0.165630 0.970549 -0.174933 5.768700 -0.023150 -0.181161 -0.983181 14.120300 -0.985916 -0.158794 0.052473 -0.144600 0.000000 0.000000 0.000000 1.000000
-0.165856 0.970351 -0.175816 5.768700 -0.023090 -0.182057 -0.983017 14.120300 -0.985880 -0.158979 0.052600 -0.144600 0.000000 0.000000 0.000000 1.000000
-0.166084 0.970152 -0.176696 5.768700 -0.023031 -0.182951 -0.982852 14.120300 -0.985843 -0.159167 0.052729 -0.144600 0.000000 0.000000 0.000000 1.000000
-0.166315 0.969952 -0.177573 5.768700 -0.022973 -0.183844 -0.982687 14.120300 -0.985805 -0.159356 0.052858 -0.144600 0.000000 0.000000 0.000000 1.000000
-0.166548 0.969752 -0.178447 5.768700 -0.022916 -0.184733 -0.982522 14.120300 -0.985767 -0.159548 0.052989 -0.144600 0.000000 0.000000 0.000000 1.000000
-0.166784 0.969550 -0.179318 5.768700 -0.022860 -0.185619 -0.982356 14.120300 -0.985728 -0.159742 0.053122 -0.144600 0.000000 0.000000 0.000000 1.000000
-0.167023 0.969349 -0.180185 5.768700 -0.022805 -0.186502 -0.982190 14.120300 -0.985689 -0.159939 0.053256 -0.144600 0.000000 0.000000 0.000000 1.000000
-0.167264 0.969146 -0.181049 5.768700 -0.022751 -0.187381 -0.982024 14.120300 -0.985650 -0.160138 0.053391 -0.144600 0.000000 0.000000 0.000000 1.000000
-0.167508 0.968943 -0.181908 5.768700 -0.022699 -0.188256 -0.981858 14.120300 -0.985609 -0.160339 0.053528 -0.144600 0.000000 0.000000 0.000000 1.000000
-0.167754 0.968740 -0.182762 5.768700 -0.022648 -0.189128 -0.981691 14.120300 -0.985569 -0.160543 0.053667 -0.144600 0.000000 0.000000 0.000000 1.000000
-0.168003 0.968536 -0.183612 5.768700 -0.022598 -0.189995 -0.981525 14.120300 -0.985528 -0.160749 0.053806 -0.144600 0.000000 0.000000 0.000000 1.000000
-0.168254 0.968332 -0.184457 5.768700 -0.022549 -0.190857 -0.981359 14.120300 -0.985486 -0.160958 0.053947 -0.144600 0.000000 0.000000 0.000000 1.000000
-0.168508 0.968127 -0.185297 5.768700 -0.022502 -0.191714 -0.981193 14.120300 -0.985443 -0.161169 0.054090 -0.144600 0.000000 0.000000 0.000000 1.000000
-0.168765 0.967922 -0.186131 5.768700 -0.022456 -0.192566 -0.981027 14.120300 -0.985400 -0.161383 0.054234 -0.144600 0.000000 0.000000 0.000000 1.000000
-0.169024 0.967717 -0.186959 5.768700 -0.022412 -0.193413 -0.980861 14.120300 -0.985357 -0.161599 0.054380 -0.144600 0.000000 0.000000 0.000000 1.000000
-0.169287 0.967512 -0.187781 5.768700 -0.022369 -0.194254 -0.980696 14.120300 -0.985313 -0.161818 0.054527 -0.144600 0.000000 0.000000 0.000000 1.000000
-0.169551 0.967308 -0.188596 5.768700 -0.022328 -0.195088 -0.980532 14.120300 -0.985268 -0.162040 0.054675 -0.144600 0.000000 0.000000 0.000000 1.000000
-0.172886 0.966992 -0.187181 5.768700 -0.023360 -0.194015 -0.980720 14.120300 -0.984665 -0.165180 0.056132 -0.144600 0.000000 0.000000 0.000000 1.000000
-0.176266 0.966721 -0.185421 5.768700 -0.024466 -0.192615 -0.980969 14.120300 -0.984038 -0.168375 0.057603 -0.144600 0.000000 0.000000 0.000000 1.000000
-0.179593 0.966427 -0.183752 5.768700 -0.025548 -0.191308 -0.981198 14.120300 -0.983409 -0.171522 0.059048 -0.144600 0.000000 0.000000 0.000000 1.000000
-0.182617 0.966020 -0.182913 5.768700 -0.026434 -0.190798 -0.981273 14.120300 -0.982829 -0.174362 0.060379 -0.144600 0.000000 0.000000 0.000000 1.000000
-0.185029 0.965566 -0.182887 5.768700 -0.027045 -0.191033 -0.981211 14.120300 -0.982361 -0.176606 0.061460 -0.144600 0.000000 0.000000 0.000000 1.000000
-0.186784 0.965241 -0.182815 5.768700 -0.027503 -0.191154 -0.981175 14.120300 -0.982016 -0.178239 0.062251 -0.144600 0.000000 0.000000 0.000000 1.000000
-0.187181 0.965300 -0.182097 5.768700 -0.027732 -0.190492 -0.981297 14.120300 -0.981934 -0.178630 0.062426 -0.144600 0.000000 0.000000 0.000000 1.000000
-0.186954 0.965492 -0.181308 5.768700 -0.027818 -0.189691 -0.981450 14.120300 -0.981975 -0.178442 0.062322 -0.144600 0.000000 0.000000 0.000000 1.000000
-0.186532 0.965677 -0.180757 5.768700 -0.027816 -0.189103 -0.981563 14.120300 -0.982055 -0.178066 0.062135 -0.144600 0.000000 0.000000 0.000000 1.000000
-0.186125 0.965780 -0.180627 5.768700 -0.027748 -0.188933 -0.981598 14.120300 -0.982134 -0.177688 0.061963 -0.144600 0.000000 0.000000 0.000000 1.000000
-0.186540 0.965405 -0.182195 5.768700 -0.027608 -0.190528 -0.981294 14.120300 -0.982059 -0.178021 0.062194 -0.144600 0.000000 0.000000 0.000000 1.000000
-0.186905 0.965004 -0.183941 5.768700 -0.027423 -0.192293 -0.980954 14.120300 -0.981995 -0.178301 0.062403 -0.144600 0.000000 0.000000 0.000000 1.000000
-0.186491 0.964903 -0.184890 5.768700 -0.027167 -0.193184 -0.980786 14.120300 -0.982081 -0.177885 0.062241 -0.144600 0.000000 0.000000 0.000000 1.000000
-0.185930 0.964859 -0.185678 5.768700 -0.026900 -0.193901 -0.980652 14.120300 -0.982195 -0.177338 0.062007 -0.144600 0.000000 0.000000 0.000000 1.000000
-0.185343 0.964847 -0.186329 5.768700 -0.026649 -0.194480 -0.980544 14.120300 -0.982312 -0.176772 0.061758 -0.144600 0.000000 0.000000 0.000000 1.000000
-0.184672 0.964982 -0.186296 5.768700 -0.026486 -0.194375 -0.980570 14.120300 -0.982443 -0.176149 0.061454 -0.144600 0.000000 0.000000 0.000000 1.000000
-0.184001 0.965220 -0.185725 5.768700 -0.026411 -0.193738 -0.980698 14.120300 -0.982571 -0.175545 0.061140 -0.144600 0.000000 0.000000 0.000000 1.000000
-0.183242 0.965545 -0.184786 5.768700 -0.026371 -0.192729 -0.980898 14.120300 -0.982714 -0.174869 0.060779 -0.144600 0.000000 0.000000 0.000000 1.000000
-0.182584 0.965746 -0.184383 5.768700 -0.026274 -0.192261 -0.980992 14.120300 -0.982839 -0.174269 0.060478 -0.144600 0.000000 0.000000 0.000000 1.000000
-0.181952 0.965923 -0.184083 5.768700 -0.026166 -0.191898 -0.981066 14.120300 -0.982959 -0.173690 0.060190 -0.144600 0.000000 0.000000 0.000000 1.000000
-0.181422 0.966066 -0.183853 5.768700 -0.026072 -0.191615 -0.981124 14.120300 -0.983060 -0.173204 0.059950 -0.144600 0.000000 0.000000 0.000000 1.000000
-0.180983 0.966184 -0.183669 5.768700 -0.025992 -0.191387 -0.981170 14.120300 -0.983143 -0.172801 0.059751 -0.144600 0.000000 0.000000 0.000000 1.000000
-0.180570 0.966289 -0.183519 5.768700 -0.025912 -0.191195 -0.981210 14.120300 -0.983221 -0.172422 0.059563 -0.144600 0.000000 0.000000 0.000000 1.000000
-0.180183 0.966387 -0.183387 5.768700 -0.025836 -0.191024 -0.981245 14.120300 -0.983294 -0.172066 0.059387 -0.144600 0.000000 0.000000 0.000000 1.000000
-0.179821 0.966479 -0.183255 5.768700 -0.025766 -0.190856 -0.981280 14.120300 -0.983362 -0.171733 0.059223 -0.144600 0.000000 0.000000 0.000000 1.000000
-0.179485 0.966569 -0.183109 5.768700 -0.025705 -0.190676 -0.981316 14.120300 -0.983425 -0.171425 0.059069 -0.144600 0.000000 0.000000 0.000000 1.000000
-0.179174 0.966661 -0.182931 5.768700 -0.025655 -0.190467 -0.981358 14.120300 -0.983483 -0.171141 0.058926 -0.144600 0.000000 0.000000 0.000000 1.000000
-0.179331 0.966720 -0.182461 5.768700 -0.025765 -0.190019 -0.981442 14.120300 -0.983451 -0.171302 0.058984 -0.144600 0.000000 0.000000 0.000000 1.000000
-0.179466 0.966696 -0.182457 5.768700 -0.025799 -0.190030 -0.981439 14.120300 -0.983426 -0.171428 0.059044 -0.144600 0.000000 0.000000 0.000000 1.000000
-0.179599 0.966654 -0.182550 5.768700 -0.025817 -0.190135 -0.981418 14.120300 -0.983401 -0.171549 0.059105 -0.144600 0.000000 0.000000 0.000000 1.000000
-0.179756 0.966581 -0.182779 5.768700 -0.025820 -0.190378 -0.981371 14.120300 -0.983372 -0.171688 0.059179 -0.144600 0.000000 0.000000 0.000000 1.000000
-0.180036 0.966353 -0.183710 5.768700 -0.025746 -0.191327 -0.981189 14.120300 -0.983323 -0.171920 0.059326 -0.144600 0.000000 0.000000 0.000000 1.000000</float_array>
        <technique_common>
          <accessor source="#mixamorig_LeftShoulder-Matrix-animation-output-transform-array" count="184" stride="16">
            <param type="float4x4"/>
          </accessor>
        </technique_common>
      </source>
      <source id="mixamorig_LeftShoulder-Interpolations">
        <Name_array id="mixamorig_LeftShoulder-Interpolations-array" count="184">
 LINEAR LINEAR LINEAR LINEAR LINEAR LINEAR LINEAR LINEAR LINEAR LINEAR LINEAR
LINEAR LINEAR LINEAR LINEAR LINEAR LINEAR LINEAR LINEAR LINEAR LINEAR LINEAR LINEAR
LINEAR LINEAR LINEAR LINEAR LINEAR LINEAR LINEAR LINEAR LINEAR LINEAR LINEAR LINEAR
LINEAR LINEAR LINEAR LINEAR LINEAR LINEAR LINEAR LINEAR LINEAR LINEAR LINEAR LINEAR
LINEAR LINEAR LINEAR LINEAR LINEAR LINEAR LINEAR LINEAR LINEAR LINEAR LINEAR LINEAR
LINEAR LINEAR LINEAR LINEAR LINEAR LINEAR LINEAR LINEAR LINEAR LINEAR LINEAR LINEAR
LINEAR LINEAR LINEAR LINEAR LINEAR LINEAR LINEAR LINEAR LINEAR LINEAR LINEAR LINEAR
LINEAR LINEAR LINEAR LINEAR LINEAR LINEAR LINEAR LINEAR LINEAR LINEAR LINEAR LINEAR
LINEAR LINEAR LINEAR LINEAR LINEAR LINEAR LINEAR LINEAR LINEAR LINEAR LINEAR LINEAR
LINEAR LINEAR LINEAR LINEAR LINEAR LINEAR LINEAR LINEAR LINEAR LINEAR LINEAR LINEAR
LINEAR LINEAR LINEAR LINEAR LINEAR LINEAR LINEAR LINEAR LINEAR LINEAR LINEAR LINEAR
LINEAR LINEAR LINEAR LINEAR LINEAR LINEAR LINEAR LINEAR LINEAR LINEAR LINEAR LINEAR
LINEAR LINEAR LINEAR LINEAR LINEAR LINEAR LINEAR LINEAR LINEAR LINEAR LINEAR LINEAR
LINEAR LINEAR LINEAR LINEAR LINEAR LINEAR LINEAR LINEAR LINEAR LINEAR LINEAR LINEAR
LINEAR LINEAR LINEAR LINEAR LINEAR LINEAR LINEAR LINEAR LINEAR LINEAR LINEAR LINEAR
LINEAR LINEAR LINEAR LINEAR LINEAR</Name_array>
        <technique_common>
          <accessor source="#mixamorig_LeftShoulder-Interpolations-array" count="184">
            <param type="name"/>
          </accessor>
        </technique_common>
      </source>
      <sampler id="mixamorig_LeftShoulder-Matrix-animation-transform">
        <input semantic="INPUT" source="#mixamorig_LeftShoulder-Matrix-animation-input"/>
        <input semantic="OUTPUT" source="#mixamorig_LeftShoulder-Matrix-animation-output-transform"/>
        <input semantic="INTERPOLATION" source="#mixamorig_LeftShoulder-Interpolations"/>
      </sampler>
      <channel source="#mixamorig_LeftShoulder-Matrix-animation-transform" target="mixamorig_LeftShoulder/matrix"/>
    </animation>
    <animation id="mixamorig_LeftArm-anim" name="mixamorig_LeftArm">
      <source id="mixamorig_LeftArm-Matrix-animation-input">
        <float_array id="mixamorig_LeftArm-Matrix-animation-input-array" count="184">

0.000000 0.033333 0.066667 0.100000 0.133333 0.166667 0.200000 0.233333 0.266667 0.300000 0.333333 0.366667 0.400000 0.433333 0.466667 0.500000
0.533333 0.566667 0.600000 0.633333 0.666667 0.700000 0.733333 0.766667 0.800000 0.833333 0.866667 0.900000 0.933333 0.966667 1.000000 1.033333
1.066667 1.100000 1.133333 1.166667 1.200000 1.233333 1.266667 1.300000 1.333333 1.366667 1.400000 1.433333 1.466667 1.500000 1.533333 1.566667
1.600000 1.633333 1.666667 1.700000 1.733333 1.766667 1.800000 1.833333 1.866667 1.900000 1.933333 1.966667 2.000000 2.033333 2.066667 2.100000
2.133333 2.166667 2.200000 2.233333 2.266667 2.300000 2.333333 2.366667 2.400000 2.433333 2.466667 2.500000 2.533333 2.566667 2.600000 2.633333
2.666667 2.700000 2.733333 2.766667 2.800000 2.833333 2.866667 2.900000 2.933333 2.966667 3.000000 3.033333 3.066667 3.100000 3.133333 3.166667
3.200000 3.233333 3.266667 3.300000 3.333333 3.366667 3.400000 3.433333 3.466667 3.500000 3.533333 3.566667 3.600000 3.633333 3.666667 3.700000
3.733333 3.766667 3.800000 3.833333 3.866667 3.900000 3.933333 3.966667 4.000000 4.033333 4.066667 4.100000 4.133333 4.166667 4.200000 4.233333
4.266667 4.300000 4.333333 4.366667 4.400000 4.433333 4.466667 4.500000 4.533333 4.566667 4.600000 4.633333 4.666667 4.700000 4.733333 4.766667
4.800000 4.833333 4.866667 4.900000 4.933333 4.966667 5.000000 5.033333 5.066667 5.100000 5.133333 5.166667 5.200000 5.233333 5.266667 5.300000
5.333333 5.366667 5.400000 5.433333 5.466667 5.500000 5.533333 5.566667 5.600000 5.633333 5.666667 5.700000 5.733333 5.766667 5.800000 5.833333
5.866667 5.900000 5.933333 5.966667 6.000000 6.033333 6.066667 6.100000</float_array>
        <technique_common>
          <accessor source="#mixamorig_LeftArm-Matrix-animation-input-array" count="184">
            <param name="TIME" type="float"/>
          </accessor>
        </technique_common>
      </source>
      <source id="mixamorig_LeftArm-Matrix-animation-output-transform">
        <float_array id="mixamorig_LeftArm-Matrix-animation-output-transform-array" count="2944">

0.883160 -0.000534 0.469072 -0.000000 0.438442 0.356379 -0.825084 12.133700 -0.166727 0.934341 0.314974 0.000000 0.000000 0.000000 0.000000 1.000000
0.883349 -0.000825 0.468715 0.000000 0.438358 0.355489 -0.825512 12.133700 -0.165942 0.934680 0.314382 0.000000 0.000000 0.000000 0.000000 1.000000
0.883376 -0.001201 0.468663 0.000000 0.438559 0.354749 -0.825724 12.133700 -0.165266 0.934961 0.313904 -0.000000 0.000000 0.000000 0.000000 1.000000
0.883125 -0.001688 0.469134 0.000000 0.439229 0.354312 -0.825555 12.133700 -0.164826 0.935126 0.313644 0.000000 0.000000 0.000000 0.000000 1.000000
0.882796 -0.002192 0.469751 0.000000 0.440022 0.353977 -0.825276 12.133700 -0.164472 0.935251 0.313455 -0.000000 0.000000 0.000000 0.000000 1.000000
0.882379 -0.002787 0.470531 0.000000 0.440993 0.353666 -0.824891 12.133700 -0.164112 0.935368 0.313296 0.000000 0.000000 0.000000 0.000000 1.000000
0.881862 -0.003547 0.471493 -0.000000 0.442195 0.353298 -0.824406 12.133700 -0.163654 0.935504 0.313128 0.000000 0.000000 0.000000 0.000000 1.000000
0.881223 -0.004520 0.472679 0.000000 0.443683 0.352867 -0.823790 12.133700 -0.163070 0.935662 0.312960 0.000000 0.000000 0.000000 0.000000 1.000000
0.880481 -0.005642 0.474048 -0.000000 0.445392 0.352418 -0.823060 12.133700 -0.162419 0.935826 0.312810 0.000000 0.000000 0.000000 0.000000 1.000000
0.879693 -0.006822 0.475494 0.000000 0.447192 0.351949 -0.822284 12.133700 -0.161740 0.935994 0.312658 0.000000 0.000000 0.000000 0.000000 1.000000
0.878917 -0.007966 0.476908 0.000000 0.448956 0.351458 -0.821532 12.133700 -0.161068 0.936170 0.312479 0.000000 0.000000 0.000000 0.000000 1.000000
0.878213 -0.008983 0.478186 0.000000 0.450556 0.350945 -0.820876 12.133700 -0.160443 0.936353 0.312252 0.000000 0.000000 0.000000 0.000000 1.000000
0.878017 -0.009103 0.478542 0.000000 0.451060 0.350161 -0.820933 12.133700 -0.160094 0.936645 0.311553 0.000000 0.000000 0.000000 0.000000 1.000000
0.877612 -0.008834 0.479290 -0.000000 0.451910 0.348793 -0.821048 12.133700 -0.159920 0.937158 0.310097 0.000000 0.000000 0.000000 0.000000 1.000000
0.877173 -0.008501 0.480099 0.000000 0.452810 0.347348 -0.821165 12.133700 -0.159781 0.937698 0.308534 0.000000 0.000000 0.000000 0.000000 1.000000
0.876846 -0.008376 0.480698 0.000000 0.453491 0.346417 -0.821183 12.133700 -0.159644 0.938043 0.307552 0.000000 0.000000 0.000000 0.000000 1.000000
0.876631 -0.008407 0.481089 -0.000000 0.453937 0.346010 -0.821108 12.133700 -0.159559 0.938193 0.307139 0.000000 0.000000 0.000000 0.000000 1.000000
0.876433 -0.008401 0.481451 0.000000 0.454321 0.345730 -0.821013 12.133700 -0.159555 0.938296 0.306826 0.000000 0.000000 0.000000 0.000000 1.000000
0.876254 -0.008415 0.481776 -0.000000 0.454660 0.345554 -0.820900 12.133700 -0.159572 0.938361 0.306619 0.000000 0.000000 0.000000 0.000000 1.000000
0.876098 -0.008505 0.482059 -0.000000 0.454969 0.345454 -0.820770 12.133700 -0.159549 0.938397 0.306521 0.000000 0.000000 0.000000 0.000000 1.000000
0.875967 -0.008727 0.482293 0.000000 0.455264 0.345407 -0.820627 12.133700 -0.159426 0.938412 0.306539 0.000000 0.000000 0.000000 0.000000 1.000000
0.875864 -0.009139 0.482471 -0.000000 0.455561 0.345387 -0.820470 12.133700 -0.159142 0.938416 0.306676 0.000000 0.000000 0.000000 0.000000 1.000000
0.875793 -0.009795 0.482588 0.000000 0.455875 0.345369 -0.820304 12.133700 -0.158636 0.938416 0.306937 0.000000 0.000000 0.000000 0.000000 1.000000
0.876400 -0.014762 0.481358 0.000000 0.456113 0.346207 -0.819818 12.133700 -0.154547 0.938042 0.310149 0.000000 0.000000 0.000000 0.000000 1.000000
0.878354 -0.021484 0.477528 0.000000 0.454462 0.347219 -0.820307 12.133700 -0.148183 0.937538 0.314745 0.000000 0.000000 0.000000 0.000000 1.000000
0.881319 -0.027169 0.471739 0.000000 0.450402 0.350178 -0.821288 12.133700 -0.142879 0.936289 0.320856 0.000000 0.000000 0.000000 0.000000 1.000000
0.883592 -0.028723 0.467376 0.000000 0.445416 0.359492 -0.819982 12.133700 -0.144466 0.932706 0.330438 0.000000 0.000000 0.000000 0.000000 1.000000
0.885373 -0.028902 0.463982 0.000000 0.440457 0.371404 -0.817347 12.133700 -0.148702 0.928021 0.341561 0.000000 0.000000 0.000000 0.000000 1.000000
0.885457 -0.026733 0.463953 0.000000 0.436593 0.389917 -0.810772 12.133700 -0.159228 0.920462 0.356926 -0.000000 0.000000 0.000000 0.000000 1.000000
0.886252 -0.024486 0.462557 -0.000000 0.430778 0.410628 -0.803626 12.133700 -0.170261 0.911474 0.374468 0.000000 0.000000 0.000000 0.000000 1.000000
0.890209 -0.023107 0.454967 0.000000 0.419396 0.431505 -0.798693 12.133700 -0.177865 0.901815 0.393820 0.000000 0.000000 0.000000 0.000000 1.000000
0.898523 -0.024540 0.438240 0.000000 0.400848 0.452648 -0.796512 12.133700 -0.178822 0.891352 0.416551 0.000000 0.000000 0.000000 0.000000 1.000000
0.910476 -0.029988 0.412474 0.000000 0.375781 0.476459 -0.794843 12.133700 -0.172691 0.878685 0.445074 -0.000000 0.000000 0.000000 0.000000 1.000000
0.923812 -0.036545 0.381099 0.000000 0.345759 0.507057 -0.789521 12.133700 -0.164386 0.861137 0.481061 0.000000 0.000000 0.000000 0.000000 1.000000
0.935768 -0.036162 0.350756 0.000000 0.310421 0.556326 -0.770804 12.133700 -0.167261 0.830177 0.531818 0.000000 0.000000 0.000000 0.000000 1.000000
0.945999 -0.031506 0.322634 0.000000 0.274498 0.607288 -0.745555 12.133700 -0.172443 0.793857 0.583142 0.000000 0.000000 0.000000 0.000000 1.000000
0.955354 -0.022118 0.294635 0.000000 0.235905 0.657509 -0.715564 12.133700 -0.177898 0.753122 0.633371 0.000000 0.000000 0.000000 0.000000 1.000000
0.964363 -0.007009 0.264489 0.000000 0.192339 0.705017 -0.682611 12.133700 -0.181684 0.709156 0.681240 0.000000 0.000000 0.000000 0.000000 1.000000
0.978203 0.029285 0.205577 0.000000 0.114901 0.748300 -0.653334 12.133700 -0.172966 0.662714 0.728624 -0.000000 0.000000 0.000000 0.000000 1.000000
0.988258 0.076353 0.132347 0.000000 0.020629 0.791582 -0.610715 12.133700 -0.151393 0.606274 0.780713 0.000000 0.000000 0.000000 0.000000 1.000000
0.989463 0.132382 0.058637 0.000000 -0.078274 0.829791 -0.552557 12.133700 -0.121805 0.542145 0.831410 0.000000 0.000000 0.000000 0.000000 1.000000
0.982191 0.185413 -0.030380 0.000000 -0.177358 0.861592 -0.475608 12.133700 -0.062009 0.472526 0.879132 0.000000 0.000000 0.000000 0.000000 1.000000
0.962916 0.240751 -0.121783 -0.000000 -0.269464 0.880715 -0.389527 12.133700 0.013477 0.407898 0.912928 0.000000 0.000000 0.000000 0.000000 1.000000
0.930424 0.298977 -0.211954 -0.000000 -0.352451 0.888485 -0.293894 12.133700 0.100450 0.348149 0.932042 0.000000 0.000000 0.000000 0.000000 1.000000
0.892226 0.349259 -0.286271 0.000000 -0.414170 0.885529 -0.210480 12.133700 0.179989 0.306361 0.934744 0.000000 0.000000 0.000000 0.000000 1.000000
0.863990 0.366525 -0.345226 0.000000 -0.441825 0.880712 -0.170698 12.133700 0.241479 0.300011 0.922866 0.000000 0.000000 0.000000 0.000000 1.000000
0.852625 0.350404 -0.387617 -0.000000 -0.441310 0.880100 -0.175124 12.133700 0.279778 0.320375 0.905033 0.000000 0.000000 0.000000 0.000000 1.000000
0.865982 0.301593 -0.398894 -0.000000 -0.413784 0.880079 -0.232904 12.133700 0.280816 0.366747 0.886927 0.000000 0.000000 0.000000 0.000000 1.000000
0.899248 0.214442 -0.381270 0.000000 -0.348862 0.877407 -0.329322 12.133700 0.263909 0.429153 0.863817 -0.000000 0.000000 0.000000 0.000000 1.000000
0.945821 0.081200 -0.314371 0.000000 -0.224188 0.863695 -0.451409 12.133700 0.234866 0.497430 0.835105 0.000000 0.000000 0.000000 0.000000 1.000000
0.974152 -0.072897 -0.213809 -0.000000 -0.061315 0.825638 -0.560859 12.133700 0.217414 0.559471 0.799827 -0.000000 0.000000 0.000000 0.000000 1.000000
0.964824 -0.239348 -0.108757 0.000000 0.118092 0.764170 -0.634112 12.133700 0.234882 0.598963 0.765555 0.000000 0.000000 0.000000 0.000000 1.000000
0.918043 -0.396342 0.010474 0.000000 0.300030 0.677202 -0.671848 12.133700 0.259188 0.619928 0.740615 0.000000 0.000000 0.000000 0.000000 1.000000
0.850517 -0.511039 0.124340 -0.000000 0.447379 0.578652 -0.681919 12.133700 0.276538 0.635611 0.720781 -0.000000 0.000000 0.000000 0.000000 1.000000
0.796093 -0.568439 0.207637 -0.000000 0.528683 0.486288 -0.695714 12.133700 0.294499 0.663627 0.687655 0.000000 0.000000 0.000000 0.000000 1.000000
0.755879 -0.595224 0.272680 -0.000000 0.574653 0.403600 -0.711956 12.133700 0.313720 0.694849 0.647120 -0.000000 0.000000 0.000000 0.000000 1.000000
0.735888 -0.598060 0.317479 -0.000000 0.596831 0.351483 -0.721285 12.133700 0.319783 0.720266 0.615593 0.000000 0.000000 0.000000 0.000000 1.000000
0.726354 -0.581644 0.366197 -0.000000 0.624749 0.336611 -0.704543 12.133700 0.286528 0.740529 0.607881 -0.000000 0.000000 0.000000 0.000000 1.000000
0.716140 -0.561553 0.414490 -0.000000 0.652648 0.328297 -0.682841 12.133700 0.247376 0.759525 0.601603 0.000000 0.000000 0.000000 0.000000 1.000000
0.705119 -0.538820 0.460955 -0.000000 0.678556 0.324031 -0.659216 12.133700 0.205835 0.777610 0.594100 0.000000 0.000000 0.000000 0.000000 1.000000
0.693656 -0.514276 0.504343 -0.000000 0.701007 0.320986 -0.636834 12.133700 0.165621 0.795292 0.583165 -0.000000 0.000000 0.000000 0.000000 1.000000
0.682564 -0.488553 0.543527 0.000000 0.719064 0.316055 -0.618916 12.133700 0.130589 0.813280 0.567029 0.000000 0.000000 0.000000 0.000000 1.000000
0.688985 -0.461676 0.558708 -0.000000 0.711183 0.282055 -0.643944 12.133700 0.139707 0.841012 0.522668 0.000000 0.000000 0.000000 0.000000 1.000000
0.700337 -0.437428 0.564079 0.000000 0.696792 0.247398 -0.673257 12.133700 0.154949 0.864552 0.478058 0.000000 0.000000 0.000000 0.000000 1.000000
0.709257 -0.416627 0.568662 0.000000 0.687244 0.228990 -0.689390 12.133700 0.157000 0.879765 0.448737 0.000000 0.000000 0.000000 0.000000 1.000000
0.715001 -0.392322 0.578668 0.000000 0.687285 0.242764 -0.684620 12.133700 0.128112 0.887214 0.443214 0.000000 0.000000 0.000000 0.000000 1.000000
0.721086 -0.365059 0.588870 0.000000 0.687390 0.270494 -0.674039 12.133700 0.086778 0.890823 0.445987 0.000000 0.000000 0.000000 0.000000 1.000000
0.728679 -0.331947 0.599031 0.000000 0.684311 0.318061 -0.656167 12.133700 0.027284 0.888059 0.458920 -0.000000 0.000000 0.000000 0.000000 1.000000
0.736932 -0.296840 0.607303 -0.000000 0.675156 0.367219 -0.639777 12.133700 -0.033102 0.881496 0.471029 0.000000 0.000000 0.000000 0.000000 1.000000
0.749716 -0.261716 0.607808 0.000000 0.656985 0.404499 -0.636201 12.133700 -0.079354 0.876291 0.475203 0.000000 0.000000 0.000000 0.000000 1.000000
0.766641 -0.227180 0.600542 0.000000 0.632290 0.429795 -0.644581 12.133700 -0.111674 0.873879 0.473143 0.000000 0.000000 0.000000 0.000000 1.000000
0.790886 -0.195398 0.579931 0.000000 0.599677 0.436404 -0.670775 12.133700 -0.122016 0.878278 0.462321 0.000000 0.000000 0.000000 0.000000 1.000000
0.817014 -0.167377 0.551791 0.000000 0.563741 0.432965 -0.703375 12.133700 -0.121178 0.885735 0.448096 0.000000 0.000000 0.000000 0.000000 1.000000
0.840461 -0.145782 0.521894 0.000000 0.529824 0.423060 -0.735056 12.133700 -0.113635 0.894297 0.432804 0.000000 0.000000 0.000000 0.000000 1.000000
0.860344 -0.127064 0.493622 0.000000 0.498336 0.413155 -0.762210 12.133700 -0.107093 0.901752 0.418777 0.000000 0.000000 0.000000 0.000000 1.000000
0.873328 -0.106129 0.475432 0.000000 0.473638 0.413136 -0.777808 12.133700 -0.113870 0.904464 0.411070 0.000000 0.000000 0.000000 0.000000 1.000000
0.883039 -0.085324 0.461478 0.000000 0.452555 0.415142 -0.789209 12.133700 -0.124240 0.905746 0.405201 0.000000 0.000000 0.000000 0.000000 1.000000
0.890673 -0.067997 0.449532 0.000000 0.435297 0.412916 -0.800011 12.133700 -0.131221 0.908227 0.397372 0.000000 0.000000 0.000000 0.000000 1.000000
0.897060 -0.055319 0.438433 0.000000 0.421384 0.405934 -0.810958 12.133700 -0.133113 0.912227 0.387458 0.000000 0.000000 0.000000 0.000000 1.000000
0.901942 -0.045957 0.429406 0.000000 0.410990 0.396698 -0.820804 12.133700 -0.132623 0.916798 0.376686 0.000000 0.000000 0.000000 0.000000 1.000000
0.904831 -0.038847 0.423995 -0.000000 0.404767 0.387404 -0.828301 12.133700 -0.132080 0.921091 0.366260 0.000000 0.000000 0.000000 0.000000 1.000000
0.905677 -0.033675 0.422630 0.000000 0.402876 0.378865 -0.833158 12.133700 -0.132063 0.924839 0.356696 0.000000 0.000000 0.000000 0.000000 1.000000
0.902411 -0.030913 0.429766 0.000000 0.409455 0.372110 -0.832995 12.133700 -0.134170 0.927674 0.348453 0.000000 0.000000 0.000000 0.000000 1.000000
0.898686 -0.028162 0.437687 0.000000 0.416787 0.365576 -0.832251 12.133700 -0.136570 0.930355 0.340276 0.000000 0.000000 0.000000 0.000000 1.000000
0.894626 -0.025474 0.446088 0.000000 0.424614 0.359263 -0.831044 12.133700 -0.139093 0.932889 0.332222 0.000000 0.000000 0.000000 0.000000 1.000000
0.890364 -0.022911 0.454673 0.000000 0.432680 0.353154 -0.829500 12.133700 -0.141565 0.935285 0.324349 0.000000 0.000000 0.000000 0.000000 1.000000
0.886040 -0.020549 0.463154 -0.000000 0.440741 0.347226 -0.827757 12.133700 -0.143810 0.937556 0.316712 0.000000 0.000000 0.000000 0.000000 1.000000
0.880581 -0.021922 0.473388 -0.000000 0.451421 0.342779 -0.823846 12.133700 -0.144207 0.939160 0.311741 0.000000 0.000000 0.000000 0.000000 1.000000
0.876154 -0.024825 0.481391 -0.000000 0.460324 0.339404 -0.820309 12.133700 -0.143022 0.940313 0.308797 0.000000 0.000000 0.000000 0.000000 1.000000
0.872784 -0.028200 0.487291 0.000000 0.467267 0.336867 -0.817424 12.133700 -0.141101 0.941130 0.307189 -0.000000 0.000000 0.000000 0.000000 1.000000
0.869770 -0.030940 0.492487 -0.000000 0.473274 0.334825 -0.814803 12.133700 -0.139687 0.941772 0.305864 0.000000 0.000000 0.000000 0.000000 1.000000
0.867112 -0.032277 0.497066 0.000000 0.478129 0.333751 -0.812406 12.133700 -0.139675 0.942109 0.304832 0.000000 0.000000 0.000000 0.000000 1.000000
0.864740 -0.031862 0.501207 0.000000 0.482022 0.332826 -0.810482 12.133700 -0.140991 0.942450 0.303166 0.000000 0.000000 0.000000 0.000000 1.000000
0.862712 -0.029093 0.504858 -0.000000 0.484877 0.331095 -0.809488 12.133700 -0.143605 0.943149 0.299746 -0.000000 0.000000 0.000000 0.000000 1.000000
0.860574 -0.023886 0.508766 -0.000000 0.487260 0.329443 -0.808730 12.133700 -0.148292 0.943873 0.295149 0.000000 0.000000 0.000000 0.000000 1.000000
0.857551 -0.015924 0.514152 0.000000 0.490152 0.328545 -0.807347 12.133700 -0.156065 0.944354 0.289549 0.000000 0.000000 0.000000 0.000000 1.000000
0.854058 -0.006615 0.520135 -0.000000 0.493232 0.327947 -0.805712 12.133700 -0.165247 0.944673 0.283349 0.000000 0.000000 0.000000 0.000000 1.000000
0.850933 0.002070 0.525270 0.000000 0.495779 0.327215 -0.804446 12.133700 -0.173542 0.944948 0.277411 0.000000 0.000000 0.000000 0.000000 1.000000
0.849094 0.008145 0.528179 0.000000 0.497107 0.325882 -0.804168 12.133700 -0.178674 0.945375 0.272656 0.000000 0.000000 0.000000 0.000000 1.000000
0.850115 0.009206 0.526516 0.000000 0.495868 0.322560 -0.806269 12.133700 -0.177256 0.946504 0.269648 0.000000 0.000000 0.000000 0.000000 1.000000
0.852991 0.006712 0.521882 0.000000 0.492911 0.318387 -0.809734 12.133700 -0.171595 0.947937 0.268274 -0.000000 0.000000 0.000000 0.000000 1.000000
0.854866 0.004531 0.518829 0.000000 0.490903 0.316686 -0.811618 12.133700 -0.167983 0.948520 0.268500 0.000000 0.000000 0.000000 0.000000 1.000000
0.855315 0.003813 0.518094 0.000000 0.490284 0.317330 -0.811741 12.133700 -0.167502 0.948307 0.269548 -0.000000 0.000000 0.000000 0.000000 1.000000
0.855756 0.003091 0.517370 0.000000 0.489675 0.317995 -0.811848 12.133700 -0.167031 0.948087 0.270613 0.000000 0.000000 0.000000 0.000000 1.000000
0.856189 0.002365 0.516657 0.000000 0.489075 0.318680 -0.811941 12.133700 -0.166569 0.947859 0.271694 -0.000000 0.000000 0.000000 0.000000 1.000000
0.856615 0.001636 0.515954 0.000000 0.488484 0.319384 -0.812020 12.133700 -0.166116 0.947624 0.272790 0.000000 0.000000 0.000000 0.000000 1.000000
0.857033 0.000905 0.515261 -0.000000 0.487901 0.320107 -0.812086 12.133700 -0.165673 0.947381 0.273901 -0.000000 0.000000 0.000000 0.000000 1.000000
0.857444 0.000170 0.514578 0.000000 0.487326 0.320847 -0.812139 12.133700 -0.165239 0.947131 0.275025 0.000000 0.000000 0.000000 0.000000 1.000000
0.857848 -0.000566 0.513904 0.000000 0.486758 0.321604 -0.812180 12.133700 -0.164814 0.946874 0.276163 0.000000 0.000000 0.000000 0.000000 1.000000
0.858245 -0.001303 0.513238 0.000000 0.486198 0.322378 -0.812209 12.133700 -0.164398 0.946610 0.277313 -0.000000 0.000000 0.000000 0.000000 1.000000
0.858636 -0.002042 0.512581 -0.000000 0.485644 0.323167 -0.812227 12.133700 -0.163991 0.946340 0.278474 0.000000 0.000000 0.000000 0.000000 1.000000
0.859022 -0.002781 0.511931 0.000000 0.485097 0.323971 -0.812234 12.133700 -0.163592 0.946063 0.279647 0.000000 0.000000 0.000000 0.000000 1.000000
0.859402 -0.003520 0.511289 0.000000 0.484556 0.324789 -0.812230 12.133700 -0.163202 0.945780 0.280830 0.000000 0.000000 0.000000 0.000000 1.000000
0.859776 -0.004260 0.510654 0.000000 0.484020 0.325620 -0.812217 12.133700 -0.162819 0.945491 0.282022 0.000000 0.000000 0.000000 0.000000 1.000000
0.860145 -0.004998 0.510025 0.000000 0.483489 0.326464 -0.812194 12.133700 -0.162445 0.945196 0.283223 0.000000 0.000000 0.000000 0.000000 1.000000
0.860510 -0.005735 0.509402 0.000000 0.482963 0.327320 -0.812163 12.133700 -0.162079 0.944896 0.284432 0.000000 0.000000 0.000000 0.000000 1.000000
0.860870 -0.006471 0.508784 0.000000 0.482441 0.328188 -0.812123 12.133700 -0.161721 0.944590 0.285649 -0.000000 0.000000 0.000000 0.000000 1.000000
0.861226 -0.007205 0.508172 0.000000 0.481923 0.329066 -0.812075 12.133700 -0.161371 0.944279 0.286872 0.000000 0.000000 0.000000 0.000000 1.000000
0.861577 -0.007937 0.507564 -0.000000 0.481409 0.329954 -0.812020 12.133700 -0.161028 0.943964 0.288102 0.000000 0.000000 0.000000 0.000000 1.000000
0.861926 -0.008665 0.506961 -0.000000 0.480897 0.330851 -0.811958 12.133700 -0.160693 0.943643 0.289336 0.000000 0.000000 0.000000 0.000000 1.000000
0.862270 -0.009391 0.506361 -0.000000 0.480388 0.331757 -0.811889 12.133700 -0.160365 0.943318 0.290575 0.000000 0.000000 0.000000 0.000000 1.000000
0.862612 -0.010112 0.505765 -0.000000 0.479881 0.332671 -0.811815 12.133700 -0.160044 0.942989 0.291818 -0.000000 0.000000 0.000000 0.000000 1.000000
0.862951 -0.010830 0.505172 0.000000 0.479377 0.333591 -0.811736 12.133700 -0.159730 0.942656 0.293065 0.000000 0.000000 0.000000 0.000000 1.000000
0.863287 -0.011543 0.504581 -0.000000 0.478873 0.334519 -0.811651 12.133700 -0.159423 0.942318 0.294313 0.000000 0.000000 0.000000 0.000000 1.000000
0.863621 -0.012250 0.503992 0.000000 0.478370 0.335452 -0.811563 12.133700 -0.159123 0.941978 0.295563 0.000000 0.000000 0.000000 0.000000 1.000000
0.863953 -0.012953 0.503406 0.000000 0.477868 0.336390 -0.811470 12.133700 -0.158830 0.941634 0.296815 -0.000000 0.000000 0.000000 0.000000 1.000000
0.864283 -0.013649 0.502820 -0.000000 0.477366 0.337332 -0.811374 12.133700 -0.158543 0.941287 0.298066 0.000000 0.000000 0.000000 0.000000 1.000000
0.864612 -0.014340 0.502236 -0.000000 0.476864 0.338279 -0.811276 12.133700 -0.158262 0.940937 0.299318 -0.000000 0.000000 0.000000 0.000000 1.000000
0.864939 -0.015023 0.501652 -0.000000 0.476361 0.339228 -0.811175 12.133700 -0.157988 0.940584 0.300568 0.000000 0.000000 0.000000 0.000000 1.000000
0.865266 -0.015700 0.501067 0.000000 0.475857 0.340180 -0.811072 12.133700 -0.157719 0.940229 0.301817 0.000000 0.000000 0.000000 0.000000 1.000000
0.865592 -0.016368 0.500483 0.000000 0.475351 0.341133 -0.810968 12.133700 -0.157457 0.939873 0.303063 -0.000000 0.000000 0.000000 0.000000 1.000000
0.865917 -0.017029 0.499898 0.000000 0.474843 0.342087 -0.810864 12.133700 -0.157201 0.939514 0.304305 0.000000 0.000000 0.000000 0.000000 1.000000
0.866242 -0.017681 0.499312 -0.000000 0.474333 0.343042 -0.810759 12.133700 -0.156950 0.939153 0.305545 0.000000 0.000000 0.000000 0.000000 1.000000
0.866567 -0.018324 0.498724 0.000000 0.473819 0.343997 -0.810655 12.133700 -0.156705 0.938792 0.306779 0.000000 0.000000 0.000000 0.000000 1.000000
0.866893 -0.018958 0.498134 0.000000 0.473303 0.344951 -0.810552 12.133700 -0.156465 0.938429 0.308008 0.000000 0.000000 0.000000 0.000000 1.000000
0.867219 -0.019582 0.497541 0.000000 0.472782 0.345903 -0.810450 12.133700 -0.156230 0.938066 0.309232 0.000000 0.000000 0.000000 0.000000 1.000000
0.867546 -0.020196 0.496946 -0.000000 0.472257 0.346853 -0.810349 12.133700 -0.156001 0.937702 0.310449 -0.000000 0.000000 0.000000 0.000000 1.000000
0.867875 -0.020799 0.496348 -0.000000 0.471728 0.347799 -0.810252 12.133700 -0.155777 0.937338 0.311658 0.000000 0.000000 0.000000 0.000000 1.000000
0.868204 -0.021391 0.495746 -0.000000 0.471194 0.348743 -0.810157 12.133700 -0.155557 0.936974 0.312859 0.000000 0.000000 0.000000 0.000000 1.000000
0.868535 -0.021972 0.495140 0.000000 0.470654 0.349682 -0.810066 12.133700 -0.155343 0.936611 0.314052 -0.000000 0.000000 0.000000 0.000000 1.000000
0.868868 -0.022540 0.494530 0.000000 0.470108 0.350616 -0.809980 12.133700 -0.155133 0.936248 0.315236 -0.000000 0.000000 0.000000 0.000000 1.000000
0.869204 -0.023096 0.493914 0.000000 0.469555 0.351545 -0.809897 12.133700 -0.154928 0.935886 0.316409 0.000000 0.000000 0.000000 0.000000 1.000000
0.869541 -0.023639 0.493294 0.000000 0.468996 0.352468 -0.809820 12.133700 -0.154727 0.935525 0.317572 -0.000000 0.000000 0.000000 0.000000 1.000000
0.869882 -0.024169 0.492668 0.000000 0.468430 0.353384 -0.809749 12.133700 -0.154530 0.935166 0.318724 0.000000 0.000000 0.000000 0.000000 1.000000
0.870225 -0.024685 0.492036 0.000000 0.467855 0.354293 -0.809684 12.133700 -0.154337 0.934809 0.319863 0.000000 0.000000 0.000000 0.000000 1.000000
0.870571 -0.025187 0.491398 0.000000 0.467273 0.355193 -0.809626 12.133700 -0.154149 0.934454 0.320990 -0.000000 0.000000 0.000000 0.000000 1.000000
0.870921 -0.025674 0.490752 0.000000 0.466682 0.356085 -0.809575 12.133700 -0.153964 0.934101 0.322103 0.000000 0.000000 0.000000 0.000000 1.000000
0.871274 -0.026146 0.490100 0.000000 0.466082 0.356967 -0.809532 12.133700 -0.153783 0.933751 0.323203 0.000000 0.000000 0.000000 0.000000 1.000000
0.871631 -0.026603 0.489440 0.000000 0.465472 0.357840 -0.809498 12.133700 -0.153606 0.933404 0.324287 0.000000 0.000000 0.000000 0.000000 1.000000
0.871992 -0.027044 0.488772 -0.000000 0.464852 0.358702 -0.809472 12.133700 -0.153432 0.933060 0.325356 -0.000000 0.000000 0.000000 0.000000 1.000000
0.872358 -0.027468 0.488095 -0.000000 0.464222 0.359552 -0.809456 12.133700 -0.153262 0.932721 0.326410 0.000000 0.000000 0.000000 0.000000 1.000000
0.872728 -0.027875 0.487410 0.000000 0.463581 0.360391 -0.809451 12.133700 -0.153095 0.932385 0.327446 0.000000 0.000000 0.000000 0.000000 1.000000
0.874309 -0.017694 0.485046 0.000000 0.458456 0.358249 -0.813311 12.133700 -0.159377 0.933458 0.321332 0.000000 0.000000 0.000000 0.000000 1.000000
0.875946 -0.008343 0.482336 -0.000000 0.453246 0.356598 -0.816949 12.133700 -0.165184 0.934220 0.316143 0.000000 0.000000 0.000000 0.000000 1.000000
0.877380 0.000417 0.479795 0.000000 0.448362 0.355285 -0.820210 12.133700 -0.170806 0.934758 0.311533 0.000000 0.000000 0.000000 0.000000 1.000000
0.877973 0.007086 0.478657 -0.000000 0.445203 0.355416 -0.821872 12.133700 -0.175946 0.934681 0.308891 0.000000 0.000000 0.000000 0.000000 1.000000
0.878392 0.011527 0.477802 0.000000 0.442839 0.356418 -0.822715 12.133700 -0.179781 0.934255 0.307970 0.000000 0.000000 0.000000 0.000000 1.000000
0.878710 0.014716 0.477130 0.000000 0.441063 0.357254 -0.823306 12.133700 -0.182572 0.933891 0.307432 -0.000000 0.000000 0.000000 0.000000 1.000000
0.878926 0.015978 0.476691 0.000000 0.440293 0.357105 -0.823783 12.133700 -0.183391 0.933928 0.306834 -0.000000 0.000000 0.000000 0.000000 1.000000
0.879010 0.016114 0.476531 0.000000 0.440167 0.356767 -0.823997 12.133700 -0.183289 0.934054 0.306509 0.000000 0.000000 0.000000 0.000000 1.000000
0.878796 0.015597 0.476943 0.000000 0.440717 0.356744 -0.823713 12.133700 -0.182993 0.934072 0.306631 0.000000 0.000000 0.000000 0.000000 1.000000
0.878652 0.014737 0.477235 0.000000 0.441192 0.357067 -0.823318 12.133700 -0.182538 0.933963 0.307235 0.000000 0.000000 0.000000 0.000000 1.000000
0.879392 0.014081 0.475890 -0.000000 0.439814 0.358711 -0.823341 12.133700 -0.182301 0.933342 0.309254 0.000000 0.000000 0.000000 0.000000 1.000000
0.880674 0.013352 0.473535 0.000000 0.437593 0.359957 -0.823980 12.133700 -0.181454 0.932873 0.311162 0.000000 0.000000 0.000000 0.000000 1.000000
0.881820 0.011931 0.471434 0.000000 0.436098 0.359827 -0.824829 12.133700 -0.179476 0.932943 0.312100 0.000000 0.000000 0.000000 0.000000 1.000000
0.882928 0.010381 0.469394 0.000000 0.434750 0.359436 -0.825711 12.133700 -0.177289 0.933112 0.312843 0.000000 0.000000 0.000000 0.000000 1.000000
0.883897 0.008840 0.467598 0.000000 0.433642 0.358966 -0.826497 12.133700 -0.175158 0.933309 0.313455 0.000000 0.000000 0.000000 0.000000 1.000000
0.884173 0.007400 0.467101 0.000000 0.433784 0.358143 -0.826780 12.133700 -0.173407 0.933637 0.313451 0.000000 0.000000 0.000000 0.000000 1.000000
0.883912 0.006197 0.467611 0.000000 0.434803 0.357255 -0.826629 12.133700 -0.172179 0.933986 0.313088 0.000000 0.000000 0.000000 0.000000 1.000000
0.883318 0.005014 0.468747 -0.000000 0.436370 0.356525 -0.826118 12.133700 -0.171262 0.934272 0.312737 -0.000000 0.000000 0.000000 0.000000 1.000000
0.883302 0.003498 0.468791 -0.000000 0.436790 0.357049 -0.825670 12.133700 -0.170270 0.934079 0.313854 0.000000 0.000000 0.000000 0.000000 1.000000
0.883397 0.001943 0.468621 -0.000000 0.436986 0.357791 -0.825245 12.133700 -0.169272 0.933800 0.315223 0.000000 0.000000 0.000000 0.000000 1.000000
0.883538 0.000752 0.468360 0.000000 0.437029 0.358280 -0.825010 12.133700 -0.168424 0.933614 0.316225 0.000000 0.000000 0.000000 0.000000 1.000000
0.883705 -0.000061 0.468045 0.000000 0.436963 0.358445 -0.824973 12.133700 -0.167718 0.933551 0.316786 0.000000 0.000000 0.000000 0.000000 1.000000
0.883907 -0.000763 0.467662 -0.000000 0.436811 0.358536 -0.825014 12.133700 -0.167044 0.933515 0.317246 0.000000 0.000000 0.000000 0.000000 1.000000
0.884121 -0.001374 0.467256 0.000000 0.436622 0.358565 -0.825102 12.133700 -0.166408 0.933504 0.317615 0.000000 0.000000 0.000000 0.000000 1.000000
0.884322 -0.001913 0.466874 0.000000 0.436441 0.358541 -0.825208 12.133700 -0.165815 0.933512 0.317901 0.000000 0.000000 0.000000 0.000000 1.000000
0.884485 -0.002399 0.466563 0.000000 0.436317 0.358475 -0.825302 12.133700 -0.165271 0.933536 0.318113 0.000000 0.000000 0.000000 0.000000 1.000000
0.884586 -0.002851 0.466368 -0.000000 0.436296 0.358378 -0.825355 12.133700 -0.164782 0.933572 0.318260 0.000000 0.000000 0.000000 0.000000 1.000000
0.883982 -0.002341 0.467515 0.000000 0.437358 0.357508 -0.825170 12.133700 -0.165209 0.933907 0.317054 -0.000000 0.000000 0.000000 0.000000 1.000000
0.883531 -0.001799 0.468369 -0.000000 0.438093 0.356889 -0.825048 12.133700 -0.165671 0.934145 0.316111 -0.000000 0.000000 0.000000 0.000000 1.000000
0.883115 -0.001254 0.469155 -0.000000 0.438756 0.356324 -0.824941 12.133700 -0.166136 0.934362 0.315225 0.000000 0.000000 0.000000 0.000000 1.000000
0.882800 -0.000759 0.469749 0.000000 0.439238 0.355859 -0.824884 12.133700 -0.166539 0.934539 0.314486 0.000000 0.000000 0.000000 0.000000 1.000000
0.883011 -0.000536 0.469352 0.000000 0.438788 0.355911 -0.825102 12.133700 -0.166605 0.934520 0.314509 0.000000 0.000000 0.000000 0.000000 1.000000</float_array>
        <technique_common>
          <accessor source="#mixamorig_LeftArm-Matrix-animation-output-transform-array" count="184" stride="16">
            <param type="float4x4"/>
          </accessor>
        </technique_common>
      </source>
      <source id="mixamorig_LeftArm-Interpolations">
        <Name_array id="mixamorig_LeftArm-Interpolations-array" count="184">
 LINEAR LINEAR LINEAR LINEAR LINEAR LINEAR LINEAR LINEAR LINEAR LINEAR LINEAR
LINEAR LINEAR LINEAR LINEAR LINEAR LINEAR LINEAR LINEAR LINEAR LINEAR LINEAR LINEAR
LINEAR LINEAR LINEAR LINEAR LINEAR LINEAR LINEAR LINEAR LINEAR LINEAR LINEAR LINEAR
LINEAR LINEAR LINEAR LINEAR LINEAR LINEAR LINEAR LINEAR LINEAR LINEAR LINEAR LINEAR
LINEAR LINEAR LINEAR LINEAR LINEAR LINEAR LINEAR LINEAR LINEAR LINEAR LINEAR LINEAR
LINEAR LINEAR LINEAR LINEAR LINEAR LINEAR LINEAR LINEAR LINEAR LINEAR LINEAR LINEAR
LINEAR LINEAR LINEAR LINEAR LINEAR LINEAR LINEAR LINEAR LINEAR LINEAR LINEAR LINEAR
LINEAR LINEAR LINEAR LINEAR LINEAR LINEAR LINEAR LINEAR LINEAR LINEAR LINEAR LINEAR
LINEAR LINEAR LINEAR LINEAR LINEAR LINEAR LINEAR LINEAR LINEAR LINEAR LINEAR LINEAR
LINEAR LINEAR LINEAR LINEAR LINEAR LINEAR LINEAR LINEAR LINEAR LINEAR LINEAR LINEAR
LINEAR LINEAR LINEAR LINEAR LINEAR LINEAR LINEAR LINEAR LINEAR LINEAR LINEAR LINEAR
LINEAR LINEAR LINEAR LINEAR LINEAR LINEAR LINEAR LINEAR LINEAR LINEAR LINEAR LINEAR
LINEAR LINEAR LINEAR LINEAR LINEAR LINEAR LINEAR LINEAR LINEAR LINEAR LINEAR LINEAR
LINEAR LINEAR LINEAR LINEAR LINEAR LINEAR LINEAR LINEAR LINEAR LINEAR LINEAR LINEAR
LINEAR LINEAR LINEAR LINEAR LINEAR LINEAR LINEAR LINEAR LINEAR LINEAR LINEAR LINEAR
LINEAR LINEAR LINEAR LINEAR LINEAR</Name_array>
        <technique_common>
          <accessor source="#mixamorig_LeftArm-Interpolations-array" count="184">
            <param type="name"/>
          </accessor>
        </technique_common>
      </source>
      <sampler id="mixamorig_LeftArm-Matrix-animation-transform">
        <input semantic="INPUT" source="#mixamorig_LeftArm-Matrix-animation-input"/>
        <input semantic="OUTPUT" source="#mixamorig_LeftArm-Matrix-animation-output-transform"/>
        <input semantic="INTERPOLATION" source="#mixamorig_LeftArm-Interpolations"/>
      </sampler>
      <channel source="#mixamorig_LeftArm-Matrix-animation-transform" target="mixamorig_LeftArm/matrix"/>
    </animation>
    <animation id="mixamorig_LeftForeArm-anim" name="mixamorig_LeftForeArm">
      <source id="mixamorig_LeftForeArm-Matrix-animation-input">
        <float_array id="mixamorig_LeftForeArm-Matrix-animation-input-array" count="184">

0.000000 0.033333 0.066667 0.100000 0.133333 0.166667 0.200000 0.233333 0.266667 0.300000 0.333333 0.366667 0.400000 0.433333 0.466667 0.500000
0.533333 0.566667 0.600000 0.633333 0.666667 0.700000 0.733333 0.766667 0.800000 0.833333 0.866667 0.900000 0.933333 0.966667 1.000000 1.033333
1.066667 1.100000 1.133333 1.166667 1.200000 1.233333 1.266667 1.300000 1.333333 1.366667 1.400000 1.433333 1.466667 1.500000 1.533333 1.566667
1.600000 1.633333 1.666667 1.700000 1.733333 1.766667 1.800000 1.833333 1.866667 1.900000 1.933333 1.966667 2.000000 2.033333 2.066667 2.100000
2.133333 2.166667 2.200000 2.233333 2.266667 2.300000 2.333333 2.366667 2.400000 2.433333 2.466667 2.500000 2.533333 2.566667 2.600000 2.633333
2.666667 2.700000 2.733333 2.766667 2.800000 2.833333 2.866667 2.900000 2.933333 2.966667 3.000000 3.033333 3.066667 3.100000 3.133333 3.166667
3.200000 3.233333 3.266667 3.300000 3.333333 3.366667 3.400000 3.433333 3.466667 3.500000 3.533333 3.566667 3.600000 3.633333 3.666667 3.700000
3.733333 3.766667 3.800000 3.833333 3.866667 3.900000 3.933333 3.966667 4.000000 4.033333 4.066667 4.100000 4.133333 4.166667 4.200000 4.233333
4.266667 4.300000 4.333333 4.366667 4.400000 4.433333 4.466667 4.500000 4.533333 4.566667 4.600000 4.633333 4.666667 4.700000 4.733333 4.766667
4.800000 4.833333 4.866667 4.900000 4.933333 4.966667 5.000000 5.033333 5.066667 5.100000 5.133333 5.166667 5.200000 5.233333 5.266667 5.300000
5.333333 5.366667 5.400000 5.433333 5.466667 5.500000 5.533333 5.566667 5.600000 5.633333 5.666667 5.700000 5.733333 5.766667 5.800000 5.833333
5.866667 5.900000 5.933333 5.966667 6.000000 6.033333 6.066667 6.100000</float_array>
        <technique_common>
          <accessor source="#mixamorig_LeftForeArm-Matrix-animation-input-array" count="184">
            <param name="TIME" type="float"/>
          </accessor>
        </technique_common>
      </source>
      <source id="mixamorig_LeftForeArm-Matrix-animation-output-transform">
        <float_array id="mixamorig_LeftForeArm-Matrix-animation-output-transform-array" count="2944">

0.983683 -0.178476 -0.022691 0.000000 0.177601 0.983442 -0.036052 24.385900 0.028750 0.031433 0.999092 0.000000 0.000000 0.000000 0.000000 1.000000
0.983483 -0.179575 -0.022651 0.000000 0.178694 0.983236 -0.036273 24.385900 0.028785 0.031627 0.999085 0.000000 0.000000 0.000000 0.000000 1.000000
0.983331 -0.180409 -0.022620 0.000000 0.179524 0.983078 -0.036442 24.385900 0.028812 0.031774 0.999080 0.000000 0.000000 0.000000 0.000000 1.000000
0.983256 -0.180822 -0.022605 -0.000000 0.179935 0.983000 -0.036525 24.385900 0.028825 0.031846 0.999077 0.000000 0.000000 0.000000 0.000000 1.000000
0.983199 -0.181131 -0.022593 0.000000 0.180243 0.982941 -0.036588 24.385900 0.028835 0.031901 0.999075 0.000000 0.000000 0.000000 0.000000 1.000000
0.983177 -0.181251 -0.022589 0.000000 0.180363 0.982919 -0.036612 24.385900 0.028839 0.031922 0.999074 -0.000000 0.000000 0.000000 0.000000 1.000000
0.983205 -0.181101 -0.022594 0.000000 0.180212 0.982947 -0.036582 24.385900 0.028834 0.031896 0.999075 0.000000 0.000000 0.000000 0.000000 1.000000
0.983292 -0.180624 -0.022612 0.000000 0.179738 0.983038 -0.036486 24.385900 0.028819 0.031812 0.999078 0.000000 0.000000 0.000000 0.000000 1.000000
0.983423 -0.179908 -0.022639 0.000000 0.179026 0.983173 -0.036341 24.385900 0.028796 0.031686 0.999083 -0.000000 0.000000 0.000000 0.000000 1.000000
0.983574 -0.179078 -0.022669 0.000000 0.178199 0.983329 -0.036173 24.385900 0.028769 0.031539 0.999088 0.000000 0.000000 0.000000 0.000000 1.000000
0.983722 -0.178259 -0.022699 0.000000 0.177385 0.983483 -0.036008 24.385900 0.028743 0.031395 0.999094 0.000000 0.000000 0.000000 0.000000 1.000000
0.983844 -0.177578 -0.022724 -0.000000 0.176707 0.983610 -0.035870 24.385900 0.028721 0.031275 0.999098 0.000000 0.000000 0.000000 0.000000 1.000000
0.983826 -0.177680 -0.022721 0.000000 0.176809 0.983591 -0.035891 24.385900 0.028725 0.031293 0.999097 0.000000 0.000000 0.000000 0.000000 1.000000
0.983894 -0.177301 -0.022734 -0.000000 0.176432 0.983661 -0.035814 24.385900 0.028713 0.031226 0.999100 -0.000000 0.000000 0.000000 0.000000 1.000000
0.983973 -0.176858 -0.022750 -0.000000 0.175991 0.983743 -0.035725 24.385900 0.028699 0.031148 0.999103 0.000000 0.000000 0.000000 0.000000 1.000000
0.983978 -0.176835 -0.022751 0.000000 0.175967 0.983748 -0.035720 24.385900 0.028698 0.031144 0.999103 0.000000 0.000000 0.000000 0.000000 1.000000
0.983903 -0.177251 -0.022736 0.000000 0.176382 0.983670 -0.035804 24.385900 0.028711 0.031217 0.999100 -0.000000 0.000000 0.000000 0.000000 1.000000
0.983807 -0.177787 -0.022717 -0.000000 0.176915 0.983571 -0.035912 24.385900 0.028728 0.031312 0.999097 0.000000 0.000000 0.000000 0.000000 1.000000
0.983694 -0.178410 -0.022694 -0.000000 0.177535 0.983454 -0.036038 24.385900 0.028748 0.031421 0.999093 -0.000000 0.000000 0.000000 0.000000 1.000000
0.983572 -0.179089 -0.022669 -0.000000 0.178211 0.983327 -0.036175 24.385900 0.028770 0.031541 0.999088 0.000000 0.000000 0.000000 0.000000 1.000000
0.983444 -0.179792 -0.022643 -0.000000 0.178910 0.983195 -0.036317 24.385900 0.028792 0.031665 0.999084 0.000000 0.000000 0.000000 0.000000 1.000000
0.983317 -0.180487 -0.022617 0.000000 0.179602 0.983064 -0.036458 24.385900 0.028814 0.031787 0.999079 -0.000000 0.000000 0.000000 0.000000 1.000000
0.983197 -0.181143 -0.022593 -0.000000 0.180254 0.982939 -0.036590 24.385900 0.028835 0.031903 0.999075 -0.000000 0.000000 0.000000 0.000000 1.000000
0.983069 -0.181841 -0.022567 0.000000 0.180949 0.982806 -0.036731 24.385900 0.028858 0.032026 0.999070 -0.000000 0.000000 0.000000 0.000000 1.000000
0.982644 -0.184134 -0.022481 0.000000 0.183231 0.982366 -0.037194 24.385900 0.028933 0.032430 0.999055 -0.000000 0.000000 0.000000 0.000000 1.000000
0.980534 -0.195106 -0.022052 -0.000000 0.194149 0.980180 -0.039411 24.385900 0.029304 0.034362 0.998980 0.000000 0.000000 0.000000 0.000000 1.000000
0.973788 -0.226509 -0.020743 0.000000 0.225395 0.973192 -0.045756 24.385900 0.030551 0.039881 0.998737 0.000000 0.000000 0.000000 0.000000 1.000000
0.964086 -0.264930 -0.018714 -0.000000 0.263631 0.963138 -0.053515 24.385900 0.032201 0.046659 0.998392 -0.000000 0.000000 0.000000 0.000000 1.000000
0.947713 -0.318753 -0.015390 0.000000 0.317190 0.946174 -0.064387 24.385900 0.035085 0.056139 0.997806 0.000000 0.000000 0.000000 0.000000 1.000000
0.926628 -0.375816 -0.011110 0.000000 0.373973 0.924328 -0.075913 24.385900 0.038799 0.066189 0.997053 -0.000000 0.000000 0.000000 0.000000 1.000000
0.901802 -0.432107 -0.006070 0.000000 0.429988 0.898605 -0.087284 24.385900 0.043171 0.076103 0.996165 -0.000000 0.000000 0.000000 0.000000 1.000000
0.874812 -0.484462 -0.000591 0.000000 0.482086 0.870641 -0.097859 24.385900 0.047924 0.085323 0.995200 0.000000 0.000000 0.000000 0.000000 1.000000
0.846352 -0.532598 0.005186 0.000000 0.529986 0.841154 -0.107583 24.385900 0.052937 0.093801 0.994183 -0.000000 0.000000 0.000000 0.000000 1.000000
0.810386 -0.585763 0.012486 0.000000 0.582891 0.803889 -0.118322 24.385900 0.059271 0.103165 0.992897 -0.000000 0.000000 0.000000 0.000000 1.000000
0.740185 -0.671995 0.023416 0.000000 0.668326 0.731423 -0.135502 24.385900 0.073930 0.115946 0.990500 0.000000 0.000000 0.000000 0.000000 1.000000
0.656318 -0.753456 0.039382 0.000000 0.749178 0.644633 -0.152250 24.385900 0.089327 0.129429 0.987557 0.000000 0.000000 0.000000 0.000000 1.000000
0.560079 -0.826255 0.060123 0.000000 0.821708 0.544831 -0.167201 24.385900 0.105394 0.143049 0.984088 0.000000 0.000000 0.000000 0.000000 1.000000
0.453728 -0.887088 0.084885 0.000000 0.882738 0.434356 -0.179188 24.385900 0.122086 0.156234 0.980146 0.000000 0.000000 0.000000 0.000000 1.000000
0.318086 -0.941373 0.112419 0.000000 0.936756 0.293818 -0.190154 24.385900 0.145975 0.165794 0.975297 0.000000 0.000000 0.000000 0.000000 1.000000
0.160522 -0.976637 0.142877 0.000000 0.971586 0.130838 -0.197236 24.385900 0.173934 0.170478 0.969889 0.000000 0.000000 0.000000 0.000000 1.000000
0.000009 -0.984213 0.176986 0.000000 0.979387 -0.035741 -0.198807 24.385900 0.201994 0.173339 0.963925 0.000000 0.000000 0.000000 0.000000 1.000000
-0.143963 -0.967859 0.206211 -0.000000 0.963113 -0.184911 -0.195504 24.385900 0.227351 0.170459 0.958778 0.000000 0.000000 0.000000 0.000000 1.000000
-0.255618 -0.939295 0.228876 0.000000 0.934689 -0.300596 -0.189734 24.385900 0.247015 0.165428 0.954786 -0.000000 0.000000 0.000000 0.000000 1.000000
-0.336542 -0.909230 0.245029 0.000000 0.904732 -0.384366 -0.183637 24.385900 0.261149 0.159884 0.951965 0.000000 0.000000 0.000000 0.000000 1.000000
-0.398025 -0.880411 0.257783 -0.000000 0.876094 -0.448144 -0.177840 24.385900 0.272096 0.155058 0.949695 -0.000000 0.000000 0.000000 0.000000 1.000000
-0.436296 -0.859676 0.265711 0.000000 0.855488 -0.487841 -0.173641 24.385900 0.278900 0.151554 0.948286 0.000000 0.000000 0.000000 0.000000 1.000000
-0.449202 -0.852233 0.268172 0.000000 0.848054 -0.501169 -0.172148 24.385900 0.281110 0.150095 0.947865 0.000000 0.000000 0.000000 0.000000 1.000000
-0.438027 -0.858476 0.266742 -0.000000 0.854431 -0.489811 -0.173302 24.385900 0.279428 0.152001 0.948059 0.000000 0.000000 0.000000 0.000000 1.000000
-0.383056 -0.887904 0.254745 -0.000000 0.883549 -0.432635 -0.179353 24.385900 0.269460 0.156377 0.950230 0.000000 0.000000 0.000000 0.000000 1.000000
-0.260403 -0.937088 0.232501 -0.000000 0.933516 -0.305836 -0.187115 24.385900 0.246450 0.168319 0.954427 -0.000000 0.000000 0.000000 0.000000 1.000000
-0.057852 -0.980323 0.188731 0.000000 0.975516 -0.095691 -0.198021 24.385900 0.212185 0.172654 0.961857 0.000000 0.000000 0.000000 0.000000 1.000000
0.234696 -0.965077 0.116377 0.000000 0.957954 0.209297 -0.196263 24.385900 0.165051 0.157546 0.973621 0.000000 0.000000 0.000000 0.000000 1.000000
0.542040 -0.838609 0.054105 0.000000 0.832876 0.527534 -0.167411 24.385900 0.111850 0.135806 0.984402 -0.000000 0.000000 0.000000 0.000000 1.000000
0.770946 -0.636570 0.020492 -0.000000 0.633448 0.763026 -0.128584 24.385900 0.066217 0.112112 0.991487 0.000000 0.000000 0.000000 0.000000 1.000000
0.895382 -0.445290 -0.002818 0.000000 0.443158 0.891679 -0.092296 24.385900 0.043611 0.081392 0.995728 -0.000000 0.000000 0.000000 0.000000 1.000000
0.958255 -0.285377 -0.017530 0.000000 0.283977 0.957097 -0.057645 24.385900 0.033228 0.050260 0.998183 0.000000 0.000000 0.000000 0.000000 1.000000
0.974696 -0.222558 -0.020867 0.000000 0.221467 0.974131 -0.044956 24.385900 0.030333 0.039197 0.998771 0.000000 0.000000 0.000000 0.000000 1.000000
0.970261 -0.241211 -0.020255 -0.000000 0.240017 0.969546 -0.048714 24.385900 0.031388 0.042404 0.998607 -0.000000 0.000000 0.000000 0.000000 1.000000
0.962766 -0.269672 -0.018964 0.000000 0.268325 0.961787 -0.054466 24.385900 0.032927 0.047350 0.998336 0.000000 0.000000 0.000000 0.000000 1.000000
0.953217 -0.301805 -0.017042 0.000000 0.300297 0.951895 -0.060969 24.385900 0.034623 0.052999 0.997994 -0.000000 0.000000 0.000000 0.000000 1.000000
0.943287 -0.331648 -0.014809 0.000000 0.330003 0.941599 -0.067001 24.385900 0.036165 0.058315 0.997643 0.000000 0.000000 0.000000 0.000000 1.000000
0.935353 -0.353482 -0.012881 0.000000 0.351749 0.933367 -0.071402 24.385900 0.037262 0.062255 0.997364 0.000000 0.000000 0.000000 0.000000 1.000000
0.946877 -0.321235 -0.015220 -0.000000 0.319660 0.945308 -0.064888 24.385900 0.035232 0.056576 0.997776 -0.000000 0.000000 0.000000 0.000000 1.000000
0.960335 -0.278270 -0.017952 -0.000000 0.276906 0.959252 -0.056209 24.385900 0.032862 0.049009 0.998258 0.000000 0.000000 0.000000 0.000000 1.000000
0.971105 -0.237801 -0.020138 0.000000 0.236634 0.970411 -0.048035 24.385900 0.030965 0.041881 0.998643 0.000000 0.000000 0.000000 0.000000 1.000000
0.971553 -0.235961 -0.020166 0.000000 0.234806 0.970873 -0.047665 24.385900 0.030825 0.041574 0.998660 0.000000 0.000000 0.000000 0.000000 1.000000
0.967935 -0.250444 -0.019494 0.000000 0.249216 0.967126 -0.050588 24.385900 0.031523 0.044108 0.998529 0.000000 0.000000 0.000000 0.000000 1.000000
0.956836 -0.290109 -0.017396 0.000000 0.288678 0.955631 -0.058601 24.385900 0.033625 0.051050 0.998130 0.000000 0.000000 0.000000 0.000000 1.000000
0.943906 -0.329891 -0.014617 -0.000000 0.328273 0.942229 -0.066637 24.385900 0.035755 0.058100 0.997670 0.000000 0.000000 0.000000 0.000000 1.000000
0.937584 -0.347507 -0.013257 0.000000 0.345807 0.935676 -0.070192 24.385900 0.036796 0.061227 0.997445 0.000000 0.000000 0.000000 0.000000 1.000000
0.937722 -0.347130 -0.013362 -0.000000 0.345428 0.935822 -0.070119 24.385900 0.036844 0.061136 0.997449 0.000000 0.000000 0.000000 0.000000 1.000000
0.946836 -0.321357 -0.015221 -0.000000 0.319781 0.945266 -0.064907 24.385900 0.035246 0.056589 0.997775 0.000000 0.000000 0.000000 0.000000 1.000000
0.959640 -0.280668 -0.017811 0.000000 0.279292 0.958531 -0.056693 24.385900 0.032984 0.049431 0.998233 0.000000 0.000000 0.000000 0.000000 1.000000
0.973508 -0.227705 -0.020800 0.000000 0.226582 0.972905 -0.045998 24.385900 0.030710 0.040067 0.998725 0.000000 0.000000 0.000000 0.000000 1.000000
0.983543 -0.179247 -0.022663 -0.000000 0.178368 0.983297 -0.036208 24.385900 0.028774 0.031569 0.999087 0.000000 0.000000 0.000000 0.000000 1.000000
0.986818 -0.160151 -0.023256 -0.000000 0.159368 0.986689 -0.032354 24.385900 0.028128 0.028221 0.999206 0.000000 0.000000 0.000000 0.000000 1.000000
0.988118 -0.151875 -0.023592 -0.000000 0.151130 0.988038 -0.030678 24.385900 0.027969 0.026748 0.999251 0.000000 0.000000 0.000000 0.000000 1.000000
0.988904 -0.146644 -0.023751 0.000000 0.145925 0.988852 -0.029622 24.385900 0.027830 0.025827 0.999279 0.000000 0.000000 0.000000 0.000000 1.000000
0.990084 -0.138413 -0.023991 0.000000 0.137734 0.990075 -0.027959 24.385900 0.027623 0.024377 0.999321 -0.000000 0.000000 0.000000 0.000000 1.000000
0.991139 -0.130601 -0.024205 -0.000000 0.129961 0.991168 -0.026381 24.385900 0.027436 0.023002 0.999359 -0.000000 0.000000 0.000000 0.000000 1.000000
0.991745 -0.125901 -0.024327 -0.000000 0.125283 0.991795 -0.025431 24.385900 0.027330 0.022174 0.999381 -0.000000 0.000000 0.000000 0.000000 1.000000
0.991960 -0.124184 -0.024371 -0.000000 0.123575 0.992018 -0.025085 24.385900 0.027292 0.021871 0.999388 0.000000 0.000000 0.000000 0.000000 1.000000
0.991055 -0.131238 -0.024212 -0.000000 0.130594 0.991082 -0.026509 24.385900 0.027475 0.023110 0.999355 -0.000000 0.000000 0.000000 0.000000 1.000000
0.989970 -0.139226 -0.024005 0.000000 0.138543 0.989957 -0.028123 24.385900 0.027679 0.024515 0.999316 0.000000 0.000000 0.000000 0.000000 1.000000
0.988745 -0.147711 -0.023756 0.000000 0.146986 0.988689 -0.029837 24.385900 0.027895 0.026010 0.999272 0.000000 0.000000 0.000000 0.000000 1.000000
0.987438 -0.156255 -0.023477 0.000000 0.155488 0.987333 -0.031563 24.385900 0.028112 0.027516 0.999226 0.000000 0.000000 0.000000 0.000000 1.000000
0.986117 -0.164423 -0.023186 -0.000000 0.163617 0.985965 -0.033213 24.385900 0.028321 0.028958 0.999179 -0.000000 0.000000 0.000000 0.000000 1.000000
0.984947 -0.171328 -0.022948 0.000000 0.170488 0.984752 -0.034608 24.385900 0.028527 0.030175 0.999137 0.000000 0.000000 0.000000 0.000000 1.000000
0.984235 -0.175390 -0.022803 -0.000000 0.174530 0.984014 -0.035429 24.385900 0.028653 0.030890 0.999112 0.000000 0.000000 0.000000 0.000000 1.000000
0.983969 -0.176884 -0.022749 0.000000 0.176017 0.983739 -0.035730 24.385900 0.028699 0.031153 0.999103 -0.000000 0.000000 0.000000 0.000000 1.000000
0.983920 -0.177155 -0.022739 -0.000000 0.176287 0.983688 -0.035785 24.385900 0.028708 0.031201 0.999101 0.000000 0.000000 0.000000 0.000000 1.000000
0.984216 -0.175495 -0.022800 -0.000000 0.174634 0.983995 -0.035449 24.385900 0.028656 0.030908 0.999111 0.000000 0.000000 0.000000 0.000000 1.000000
0.984590 -0.173375 -0.022875 0.000000 0.172525 0.984382 -0.035021 24.385900 0.028590 0.030535 0.999125 0.000000 0.000000 0.000000 0.000000 1.000000
0.984846 -0.171910 -0.022927 -0.000000 0.171067 0.984647 -0.034725 24.385900 0.028545 0.030277 0.999134 -0.000000 0.000000 0.000000 0.000000 1.000000
0.984921 -0.171475 -0.022943 0.000000 0.170634 0.984725 -0.034637 24.385900 0.028532 0.030200 0.999137 -0.000000 0.000000 0.000000 0.000000 1.000000
0.984617 -0.173220 -0.022881 0.000000 0.172371 0.984410 -0.034990 24.385900 0.028585 0.030508 0.999126 -0.000000 0.000000 0.000000 0.000000 1.000000
0.984133 -0.175966 -0.022780 0.000000 0.175103 0.983908 -0.035544 24.385900 0.028668 0.030991 0.999108 0.000000 0.000000 0.000000 0.000000 1.000000
0.983786 -0.177901 -0.022708 0.000000 0.177029 0.983549 -0.035935 24.385900 0.028728 0.031332 0.999096 0.000000 0.000000 0.000000 0.000000 1.000000
0.983909 -0.177215 -0.022737 0.000000 0.176346 0.983677 -0.035797 24.385900 0.028710 0.031211 0.999100 -0.000000 0.000000 0.000000 0.000000 1.000000
0.985204 -0.169836 -0.023013 0.000000 0.169002 0.985018 -0.034306 24.385900 0.028495 0.029909 0.999146 -0.000000 0.000000 0.000000 0.000000 1.000000
0.987026 -0.158850 -0.023381 0.000000 0.158071 0.986906 -0.032087 24.385900 0.028172 0.027975 0.999212 0.000000 0.000000 0.000000 0.000000 1.000000
0.987909 -0.153234 -0.023549 0.000000 0.152482 0.987821 -0.030953 24.385900 0.028005 0.026988 0.999243 0.000000 0.000000 0.000000 0.000000 1.000000
0.987895 -0.153325 -0.023547 -0.000000 0.152573 0.987807 -0.030971 24.385900 0.028008 0.027004 0.999243 0.000000 0.000000 0.000000 0.000000 1.000000
0.987875 -0.153457 -0.023543 -0.000000 0.152705 0.987786 -0.030998 24.385900 0.028012 0.027027 0.999242 0.000000 0.000000 0.000000 0.000000 1.000000
0.987848 -0.153629 -0.023538 0.000000 0.152876 0.987758 -0.031032 24.385900 0.028018 0.027057 0.999241 0.000000 0.000000 0.000000 0.000000 1.000000
0.987816 -0.153839 -0.023532 0.000000 0.153084 0.987724 -0.031075 24.385900 0.028024 0.027094 0.999240 0.000000 0.000000 0.000000 0.000000 1.000000
0.987777 -0.154085 -0.023525 -0.000000 0.153329 0.987685 -0.031125 24.385900 0.028032 0.027137 0.999239 0.000000 0.000000 0.000000 0.000000 1.000000
0.987734 -0.154367 -0.023517 0.000000 0.153610 0.987639 -0.031181 24.385900 0.028040 0.027187 0.999237 0.000000 0.000000 0.000000 0.000000 1.000000
0.987684 -0.154683 -0.023508 0.000000 0.153924 0.987589 -0.031245 24.385900 0.028050 0.027242 0.999235 0.000000 0.000000 0.000000 0.000000 1.000000
0.987630 -0.155031 -0.023498 0.000000 0.154270 0.987532 -0.031316 24.385900 0.028060 0.027303 0.999233 0.000000 0.000000 0.000000 0.000000 1.000000
0.987571 -0.155410 -0.023487 -0.000000 0.154648 0.987471 -0.031392 24.385900 0.028072 0.027370 0.999231 -0.000000 0.000000 0.000000 0.000000 1.000000
0.987507 -0.155820 -0.023475 0.000000 0.155055 0.987404 -0.031475 24.385900 0.028084 0.027442 0.999229 0.000000 0.000000 0.000000 0.000000 1.000000
0.987438 -0.156258 -0.023463 0.000000 0.155491 0.987333 -0.031563 24.385900 0.028097 0.027519 0.999226 0.000000 0.000000 0.000000 0.000000 1.000000
0.987364 -0.156722 -0.023449 -0.000000 0.155954 0.987257 -0.031657 24.385900 0.028111 0.027600 0.999224 0.000000 0.000000 0.000000 0.000000 1.000000
0.987287 -0.157213 -0.023434 -0.000000 0.156442 0.987177 -0.031756 24.385900 0.028126 0.027687 0.999221 0.000000 0.000000 0.000000 0.000000 1.000000
0.987205 -0.157728 -0.023419 0.000000 0.156954 0.987092 -0.031860 24.385900 0.028142 0.027777 0.999218 0.000000 0.000000 0.000000 0.000000 1.000000
0.987119 -0.158266 -0.023402 -0.000000 0.157489 0.987003 -0.031969 24.385900 0.028158 0.027872 0.999215 0.000000 0.000000 0.000000 0.000000 1.000000
0.987030 -0.158826 -0.023385 -0.000000 0.158046 0.986910 -0.032082 24.385900 0.028175 0.027970 0.999212 0.000000 0.000000 0.000000 0.000000 1.000000
0.986937 -0.159405 -0.023367 0.000000 0.158623 0.986814 -0.032199 24.385900 0.028192 0.028072 0.999208 -0.000000 0.000000 0.000000 0.000000 1.000000
0.986840 -0.160004 -0.023349 0.000000 0.159219 0.986714 -0.032320 24.385900 0.028210 0.028177 0.999205 0.000000 0.000000 0.000000 0.000000 1.000000
0.986741 -0.160620 -0.023330 -0.000000 0.159832 0.986611 -0.032445 24.385900 0.028228 0.028286 0.999201 -0.000000 0.000000 0.000000 0.000000 1.000000
0.986638 -0.161252 -0.023310 0.000000 0.160461 0.986505 -0.032572 24.385900 0.028247 0.028397 0.999198 -0.000000 0.000000 0.000000 0.000000 1.000000
0.986532 -0.161899 -0.023289 0.000000 0.161105 0.986395 -0.032703 24.385900 0.028267 0.028511 0.999194 0.000000 0.000000 0.000000 0.000000 1.000000
0.986424 -0.162560 -0.023268 0.000000 0.161762 0.986283 -0.032837 24.385900 0.028286 0.028627 0.999190 -0.000000 0.000000 0.000000 0.000000 1.000000
0.986314 -0.163232 -0.023246 -0.000000 0.162431 0.986169 -0.032972 24.385900 0.028306 0.028745 0.999186 0.000000 0.000000 0.000000 0.000000 1.000000
0.986201 -0.163915 -0.023223 -0.000000 0.163111 0.986052 -0.033110 24.385900 0.028327 0.028865 0.999182 0.000000 0.000000 0.000000 0.000000 1.000000
0.986086 -0.164607 -0.023201 0.000000 0.163800 0.985933 -0.033250 24.385900 0.028347 0.028987 0.999178 -0.000000 0.000000 0.000000 0.000000 1.000000
0.985970 -0.165308 -0.023177 0.000000 0.164496 0.985812 -0.033392 24.385900 0.028368 0.029111 0.999174 0.000000 0.000000 0.000000 0.000000 1.000000
0.985851 -0.166014 -0.023153 -0.000000 0.165200 0.985690 -0.033534 24.385900 0.028389 0.029235 0.999169 0.000000 0.000000 0.000000 0.000000 1.000000
0.985732 -0.166726 -0.023129 -0.000000 0.165908 0.985566 -0.033678 24.385900 0.028411 0.029360 0.999165 -0.000000 0.000000 0.000000 0.000000 1.000000
0.985611 -0.167442 -0.023105 0.000000 0.166620 0.985441 -0.033823 24.385900 0.028432 0.029486 0.999161 0.000000 0.000000 0.000000 0.000000 1.000000
0.985489 -0.168160 -0.023080 0.000000 0.167335 0.985315 -0.033968 24.385900 0.028453 0.029613 0.999156 0.000000 0.000000 0.000000 0.000000 1.000000
0.985367 -0.168879 -0.023055 0.000000 0.168051 0.985188 -0.034113 24.385900 0.028474 0.029740 0.999152 0.000000 0.000000 0.000000 0.000000 1.000000
0.985244 -0.169598 -0.023030 -0.000000 0.168766 0.985061 -0.034258 24.385900 0.028496 0.029866 0.999148 0.000000 0.000000 0.000000 0.000000 1.000000
0.985121 -0.170316 -0.023004 -0.000000 0.169480 0.984933 -0.034403 24.385900 0.028517 0.029993 0.999143 0.000000 0.000000 0.000000 0.000000 1.000000
0.984998 -0.171030 -0.022979 0.000000 0.170190 0.984805 -0.034548 24.385900 0.028538 0.030119 0.999139 0.000000 0.000000 0.000000 0.000000 1.000000
0.984875 -0.171740 -0.022953 0.000000 0.170897 0.984678 -0.034691 24.385900 0.028559 0.030244 0.999134 0.000000 0.000000 0.000000 0.000000 1.000000
0.984752 -0.172444 -0.022927 0.000000 0.171598 0.984551 -0.034833 24.385900 0.028580 0.030368 0.999130 0.000000 0.000000 0.000000 0.000000 1.000000
0.984631 -0.173141 -0.022902 -0.000000 0.172291 0.984425 -0.034974 24.385900 0.028600 0.030491 0.999126 0.000000 0.000000 0.000000 0.000000 1.000000
0.984510 -0.173829 -0.022876 -0.000000 0.172976 0.984300 -0.035113 24.385900 0.028621 0.030612 0.999121 0.000000 0.000000 0.000000 0.000000 1.000000
0.984391 -0.174508 -0.022851 -0.000000 0.173652 0.984176 -0.035250 24.385900 0.028641 0.030732 0.999117 -0.000000 0.000000 0.000000 0.000000 1.000000
0.984273 -0.175176 -0.022826 -0.000000 0.174316 0.984054 -0.035385 24.385900 0.028660 0.030850 0.999113 -0.000000 0.000000 0.000000 0.000000 1.000000
0.984156 -0.175831 -0.022801 0.000000 0.174968 0.983933 -0.035517 24.385900 0.028680 0.030965 0.999109 -0.000000 0.000000 0.000000 0.000000 1.000000
0.984042 -0.176472 -0.022776 -0.000000 0.175606 0.983815 -0.035647 24.385900 0.028698 0.031078 0.999105 0.000000 0.000000 0.000000 0.000000 1.000000
0.983930 -0.177098 -0.022752 0.000000 0.176229 0.983699 -0.035773 24.385900 0.028717 0.031189 0.999101 -0.000000 0.000000 0.000000 0.000000 1.000000
0.983821 -0.177707 -0.022729 -0.000000 0.176835 0.983586 -0.035896 24.385900 0.028735 0.031296 0.999097 -0.000000 0.000000 0.000000 0.000000 1.000000
0.983714 -0.178298 -0.022706 0.000000 0.177424 0.983475 -0.036016 24.385900 0.028752 0.031401 0.999093 -0.000000 0.000000 0.000000 0.000000 1.000000
0.983611 -0.178870 -0.022683 0.000000 0.177993 0.983368 -0.036131 24.385900 0.028769 0.031502 0.999090 0.000000 0.000000 0.000000 0.000000 1.000000
0.983511 -0.179422 -0.022661 0.000000 0.178542 0.983265 -0.036243 24.385900 0.028785 0.031599 0.999086 0.000000 0.000000 0.000000 0.000000 1.000000
0.983415 -0.179951 -0.022640 -0.000000 0.179068 0.983165 -0.036350 24.385900 0.028800 0.031693 0.999083 -0.000000 0.000000 0.000000 0.000000 1.000000
0.983323 -0.180457 -0.022620 -0.000000 0.179572 0.983069 -0.036452 24.385900 0.028815 0.031782 0.999079 0.000000 0.000000 0.000000 0.000000 1.000000
0.983235 -0.180938 -0.022600 -0.000000 0.180051 0.982978 -0.036549 24.385900 0.028829 0.031867 0.999076 0.000000 0.000000 0.000000 0.000000 1.000000
0.983914 -0.177188 -0.022739 -0.000000 0.176319 0.983682 -0.035791 24.385900 0.028709 0.031206 0.999101 0.000000 0.000000 0.000000 0.000000 1.000000
0.984215 -0.175502 -0.022800 0.000000 0.174641 0.983994 -0.035451 24.385900 0.028656 0.030909 0.999111 0.000000 0.000000 0.000000 0.000000 1.000000
0.984378 -0.174582 -0.022833 0.000000 0.173726 0.984162 -0.035265 24.385900 0.028628 0.030747 0.999117 -0.000000 0.000000 0.000000 0.000000 1.000000
0.984229 -0.175426 -0.022802 0.000000 0.174565 0.984008 -0.035435 24.385900 0.028654 0.030896 0.999112 0.000000 0.000000 0.000000 0.000000 1.000000
0.983952 -0.176978 -0.022746 -0.000000 0.176110 0.983721 -0.035749 24.385900 0.028703 0.031169 0.999102 0.000000 0.000000 0.000000 0.000000 1.000000
0.983689 -0.178439 -0.022693 -0.000000 0.177563 0.983449 -0.036044 24.385900 0.028749 0.031427 0.999093 0.000000 0.000000 0.000000 0.000000 1.000000
0.983542 -0.179251 -0.022663 0.000000 0.178372 0.983297 -0.036208 24.385900 0.028775 0.031570 0.999087 0.000000 0.000000 0.000000 0.000000 1.000000
0.983435 -0.179839 -0.022641 0.000000 0.178957 0.983186 -0.036327 24.385900 0.028793 0.031673 0.999083 0.000000 0.000000 0.000000 0.000000 1.000000
0.983324 -0.180450 -0.022618 -0.000000 0.179565 0.983071 -0.036450 24.385900 0.028813 0.031781 0.999079 0.000000 0.000000 0.000000 0.000000 1.000000
0.983215 -0.181049 -0.022596 0.000000 0.180161 0.982957 -0.036571 24.385900 0.028832 0.031886 0.999076 -0.000000 0.000000 0.000000 0.000000 1.000000
0.983091 -0.181720 -0.022572 0.000000 0.180829 0.982829 -0.036707 24.385900 0.028854 0.032005 0.999071 0.000000 0.000000 0.000000 0.000000 1.000000
0.983099 -0.181678 -0.022573 -0.000000 0.180787 0.982837 -0.036698 24.385900 0.028853 0.031997 0.999071 0.000000 0.000000 0.000000 0.000000 1.000000
0.983285 -0.180666 -0.022611 -0.000000 0.179780 0.983030 -0.036494 24.385900 0.028820 0.031819 0.999078 0.000000 0.000000 0.000000 0.000000 1.000000
0.983501 -0.179477 -0.022655 0.000000 0.178597 0.983254 -0.036254 24.385900 0.028782 0.031610 0.999086 0.000000 0.000000 0.000000 0.000000 1.000000
0.983701 -0.178373 -0.022695 0.000000 0.177499 0.983461 -0.036031 24.385900 0.028747 0.031415 0.999093 0.000000 0.000000 0.000000 0.000000 1.000000
0.983807 -0.177786 -0.022717 -0.000000 0.176914 0.983571 -0.035912 24.385900 0.028728 0.031312 0.999097 0.000000 0.000000 0.000000 0.000000 1.000000
0.983831 -0.177655 -0.022722 -0.000000 0.176784 0.983595 -0.035886 24.385900 0.028724 0.031289 0.999098 0.000000 0.000000 0.000000 0.000000 1.000000
0.983816 -0.177733 -0.022718 -0.000000 0.176862 0.983581 -0.035901 24.385900 0.028726 0.031302 0.999097 0.000000 0.000000 0.000000 0.000000 1.000000
0.983814 -0.177749 -0.022718 0.000000 0.176877 0.983578 -0.035904 24.385900 0.028727 0.031305 0.999097 -0.000000 0.000000 0.000000 0.000000 1.000000
0.983814 -0.177745 -0.022718 0.000000 0.176873 0.983579 -0.035903 24.385900 0.028727 0.031304 0.999097 0.000000 0.000000 0.000000 0.000000 1.000000
0.983837 -0.177622 -0.022723 0.000000 0.176750 0.983602 -0.035878 24.385900 0.028723 0.031282 0.999098 0.000000 0.000000 0.000000 0.000000 1.000000
0.983885 -0.177354 -0.022732 0.000000 0.176484 0.983651 -0.035824 24.385900 0.028714 0.031235 0.999100 0.000000 0.000000 0.000000 0.000000 1.000000
0.983945 -0.177014 -0.022745 0.000000 0.176146 0.983714 -0.035756 24.385900 0.028704 0.031175 0.999102 0.000000 0.000000 0.000000 0.000000 1.000000
0.984012 -0.176644 -0.022758 0.000000 0.175778 0.983783 -0.035681 24.385900 0.028692 0.031110 0.999104 0.000000 0.000000 0.000000 0.000000 1.000000
0.984075 -0.176287 -0.022771 0.000000 0.175423 0.983849 -0.035609 24.385900 0.028681 0.031048 0.999106 0.000000 0.000000 0.000000 0.000000 1.000000
0.984129 -0.175985 -0.022782 0.000000 0.175122 0.983905 -0.035548 24.385900 0.028671 0.030994 0.999108 -0.000000 0.000000 0.000000 0.000000 1.000000
0.984166 -0.175780 -0.022789 -0.000000 0.174918 0.983943 -0.035507 24.385900 0.028665 0.030958 0.999110 -0.000000 0.000000 0.000000 0.000000 1.000000
0.984014 -0.176628 -0.022759 0.000000 0.175762 0.983786 -0.035678 24.385900 0.028692 0.031108 0.999104 -0.000000 0.000000 0.000000 0.000000 1.000000
0.983995 -0.176739 -0.022755 -0.000000 0.175872 0.983765 -0.035701 24.385900 0.028695 0.031127 0.999103 0.000000 0.000000 0.000000 0.000000 1.000000
0.984000 -0.176710 -0.022756 0.000000 0.175844 0.983771 -0.035695 24.385900 0.028694 0.031122 0.999104 0.000000 0.000000 0.000000 0.000000 1.000000
0.984009 -0.176661 -0.022757 -0.000000 0.175794 0.983780 -0.035685 24.385900 0.028692 0.031113 0.999104 0.000000 0.000000 0.000000 0.000000 1.000000
0.984029 -0.176544 -0.022762 0.000000 0.175679 0.983801 -0.035661 24.385900 0.028689 0.031093 0.999105 0.000000 0.000000 0.000000 0.000000 1.000000</float_array>
        <technique_common>
          <accessor source="#mixamorig_LeftForeArm-Matrix-animation-output-transform-array" count="184" stride="16">
            <param type="float4x4"/>
          </accessor>
        </technique_common>
      </source>
      <source id="mixamorig_LeftForeArm-Interpolations">
        <Name_array id="mixamorig_LeftForeArm-Interpolations-array" count="184">
 LINEAR LINEAR LINEAR LINEAR LINEAR LINEAR LINEAR LINEAR LINEAR LINEAR LINEAR
LINEAR LINEAR LINEAR LINEAR LINEAR LINEAR LINEAR LINEAR LINEAR LINEAR LINEAR LINEAR
LINEAR LINEAR LINEAR LINEAR LINEAR LINEAR LINEAR LINEAR LINEAR LINEAR LINEAR LINEAR
LINEAR LINEAR LINEAR LINEAR LINEAR LINEAR LINEAR LINEAR LINEAR LINEAR LINEAR LINEAR
LINEAR LINEAR LINEAR LINEAR LINEAR LINEAR LINEAR LINEAR LINEAR LINEAR LINEAR LINEAR
LINEAR LINEAR LINEAR LINEAR LINEAR LINEAR LINEAR LINEAR LINEAR LINEAR LINEAR LINEAR
LINEAR LINEAR LINEAR LINEAR LINEAR LINEAR LINEAR LINEAR LINEAR LINEAR LINEAR LINEAR
LINEAR LINEAR LINEAR LINEAR LINEAR LINEAR LINEAR LINEAR LINEAR LINEAR LINEAR LINEAR
LINEAR LINEAR LINEAR LINEAR LINEAR LINEAR LINEAR LINEAR LINEAR LINEAR LINEAR LINEAR
LINEAR LINEAR LINEAR LINEAR LINEAR LINEAR LINEAR LINEAR LINEAR LINEAR LINEAR LINEAR
LINEAR LINEAR LINEAR LINEAR LINEAR LINEAR LINEAR LINEAR LINEAR LINEAR LINEAR LINEAR
LINEAR LINEAR LINEAR LINEAR LINEAR LINEAR LINEAR LINEAR LINEAR LINEAR LINEAR LINEAR
LINEAR LINEAR LINEAR LINEAR LINEAR LINEAR LINEAR LINEAR LINEAR LINEAR LINEAR LINEAR
LINEAR LINEAR LINEAR LINEAR LINEAR LINEAR LINEAR LINEAR LINEAR LINEAR LINEAR LINEAR
LINEAR LINEAR LINEAR LINEAR LINEAR LINEAR LINEAR LINEAR LINEAR LINEAR LINEAR LINEAR
LINEAR LINEAR LINEAR LINEAR LINEAR</Name_array>
        <technique_common>
          <accessor source="#mixamorig_LeftForeArm-Interpolations-array" count="184">
            <param type="name"/>
          </accessor>
        </technique_common>
      </source>
      <sampler id="mixamorig_LeftForeArm-Matrix-animation-transform">
        <input semantic="INPUT" source="#mixamorig_LeftForeArm-Matrix-animation-input"/>
        <input semantic="OUTPUT" source="#mixamorig_LeftForeArm-Matrix-animation-output-transform"/>
        <input semantic="INTERPOLATION" source="#mixamorig_LeftForeArm-Interpolations"/>
      </sampler>
      <channel source="#mixamorig_LeftForeArm-Matrix-animation-transform" target="mixamorig_LeftForeArm/matrix"/>
    </animation>
    <animation id="mixamorig_RightShoulder-anim" name="mixamorig_RightShoulder">
      <source id="mixamorig_RightShoulder-Matrix-animation-input">
        <float_array id="mixamorig_RightShoulder-Matrix-animation-input-array" count="184">

0.000000 0.033333 0.066667 0.100000 0.133333 0.166667 0.200000 0.233333 0.266667 0.300000 0.333333 0.366667 0.400000 0.433333 0.466667 0.500000
0.533333 0.566667 0.600000 0.633333 0.666667 0.700000 0.733333 0.766667 0.800000 0.833333 0.866667 0.900000 0.933333 0.966667 1.000000 1.033333
1.066667 1.100000 1.133333 1.166667 1.200000 1.233333 1.266667 1.300000 1.333333 1.366667 1.400000 1.433333 1.466667 1.500000 1.533333 1.566667
1.600000 1.633333 1.666667 1.700000 1.733333 1.766667 1.800000 1.833333 1.866667 1.900000 1.933333 1.966667 2.000000 2.033333 2.066667 2.100000
2.133333 2.166667 2.200000 2.233333 2.266667 2.300000 2.333333 2.366667 2.400000 2.433333 2.466667 2.500000 2.533333 2.566667 2.600000 2.633333
2.666667 2.700000 2.733333 2.766667 2.800000 2.833333 2.866667 2.900000 2.933333 2.966667 3.000000 3.033333 3.066667 3.100000 3.133333 3.166667
3.200000 3.233333 3.266667 3.300000 3.333333 3.366667 3.400000 3.433333 3.466667 3.500000 3.533333 3.566667 3.600000 3.633333 3.666667 3.700000
3.733333 3.766667 3.800000 3.833333 3.866667 3.900000 3.933333 3.966667 4.000000 4.033333 4.066667 4.100000 4.133333 4.166667 4.200000 4.233333
4.266667 4.300000 4.333333 4.366667 4.400000 4.433333 4.466667 4.500000 4.533333 4.566667 4.600000 4.633333 4.666667 4.700000 4.733333 4.766667
4.800000 4.833333 4.866667 4.900000 4.933333 4.966667 5.000000 5.033333 5.066667 5.100000 5.133333 5.166667 5.200000 5.233333 5.266667 5.300000
5.333333 5.366667 5.400000 5.433333 5.466667 5.500000 5.533333 5.566667 5.600000 5.633333 5.666667 5.700000 5.733333 5.766667 5.800000 5.833333
5.866667 5.900000 5.933333 5.966667 6.000000 6.033333 6.066667 6.100000</float_array>
        <technique_common>
          <accessor source="#mixamorig_RightShoulder-Matrix-animation-input-array" count="184">
            <param name="TIME" type="float"/>
          </accessor>
        </technique_common>
      </source>
      <source id="mixamorig_RightShoulder-Matrix-animation-output-transform">
        <float_array id="mixamorig_RightShoulder-Matrix-animation-output-transform-array" count="2944">

-0.105716 -0.980055 0.168272 -5.768700 0.011899 -0.170455 -0.985294 14.115900 0.994325 -0.102159 0.029681 -0.073100 0.000000 0.000000 0.000000 1.000000
-0.104901 -0.980238 0.167715 -5.768700 0.011703 -0.169851 -0.985400 14.115900 0.994414 -0.101407 0.029289 -0.073100 0.000000 0.000000 0.000000 1.000000
-0.104087 -0.980419 0.167163 -5.768700 0.011509 -0.169252 -0.985506 14.115900 0.994502 -0.100655 0.028900 -0.073100 0.000000 0.000000 0.000000 1.000000
-0.103220 -0.980615 0.166554 -5.768700 0.011308 -0.168595 -0.985621 14.115900 0.994594 -0.099852 0.028491 -0.073100 0.000000 0.000000 0.000000 1.000000
-0.102316 -0.980820 0.165903 -5.768700 0.011101 -0.167894 -0.985743 14.115900 0.994690 -0.099016 0.028066 -0.073100 0.000000 0.000000 0.000000 1.000000
-0.101485 -0.981001 0.165343 -5.768700 0.010908 -0.167288 -0.985848 14.115900 0.994777 -0.098245 0.027678 -0.073100 0.000000 0.000000 0.000000 1.000000
-0.100832 -0.981124 0.165008 -5.768700 0.010746 -0.166918 -0.985912 14.115900 0.994845 -0.097638 0.027374 -0.073100 0.000000 0.000000 0.000000 1.000000
-0.100372 -0.981185 0.164928 -5.768700 0.010619 -0.166812 -0.985932 14.115900 0.994893 -0.097208 0.027162 -0.073100 0.000000 0.000000 0.000000 1.000000
-0.100025 -0.981208 0.165002 -5.768700 0.010510 -0.166867 -0.985923 14.115900 0.994929 -0.096883 0.027003 -0.073100 0.000000 0.000000 0.000000 1.000000
-0.099759 -0.981206 0.165174 -5.768700 0.010417 -0.167022 -0.985898 14.115900 0.994957 -0.096632 0.026883 -0.073100 0.000000 0.000000 0.000000 1.000000
-0.099541 -0.981193 0.165382 -5.768700 0.010334 -0.167218 -0.985866 14.115900 0.994980 -0.096425 0.026785 -0.073100 0.000000 0.000000 0.000000 1.000000
-0.099338 -0.981182 0.165570 -5.768700 0.010258 -0.167394 -0.985837 14.115900 0.995001 -0.096233 0.026694 -0.073100 0.000000 0.000000 0.000000 1.000000
-0.099592 -0.981092 0.165954 -5.768700 0.010300 -0.167790 -0.985769 14.115900 0.994975 -0.096465 0.026816 -0.073100 0.000000 0.000000 0.000000 1.000000
-0.099642 -0.981074 0.166026 -5.768700 0.010315 -0.167866 -0.985756 14.115900 0.994970 -0.096510 0.026846 -0.073100 0.000000 0.000000 0.000000 1.000000
-0.099641 -0.981070 0.166054 -5.768700 0.010319 -0.167895 -0.985751 14.115900 0.994970 -0.096508 0.026853 -0.073100 0.000000 0.000000 0.000000 1.000000
-0.099439 -0.981049 0.166298 -5.768700 0.010230 -0.168125 -0.985713 14.115900 0.994991 -0.096317 0.026755 -0.073100 0.000000 0.000000 0.000000 1.000000
-0.099052 -0.981006 0.166782 -5.768700 0.010051 -0.168584 -0.985636 14.115900 0.995032 -0.095953 0.026559 -0.073100 0.000000 0.000000 0.000000 1.000000
-0.098607 -0.980955 0.167343 -5.768700 0.009845 -0.169116 -0.985547 14.115900 0.995078 -0.095534 0.026333 -0.073100 0.000000 0.000000 0.000000 1.000000
-0.098119 -0.980900 0.167952 -5.768700 0.009618 -0.169693 -0.985450 14.115900 0.995128 -0.095076 0.026084 -0.073100 0.000000 0.000000 0.000000 1.000000
-0.097605 -0.980843 0.168582 -5.768700 0.009380 -0.170289 -0.985349 14.115900 0.995181 -0.094594 0.025821 -0.073100 0.000000 0.000000 0.000000 1.000000
-0.097081 -0.980788 0.169205 -5.768700 0.009139 -0.170879 -0.985250 14.115900 0.995235 -0.094102 0.025552 -0.073100 0.000000 0.000000 0.000000 1.000000
-0.096561 -0.980737 0.169794 -5.768700 0.008903 -0.171436 -0.985155 14.115900 0.995287 -0.093616 0.025286 -0.073100 0.000000 0.000000 0.000000 1.000000
-0.096063 -0.980695 0.170323 -5.768700 0.008681 -0.171933 -0.985070 14.115900 0.995337 -0.093150 0.025030 -0.073100 0.000000 0.000000 0.000000 1.000000
-0.095580 -0.980761 0.170212 -5.768700 0.008531 -0.171796 -0.985096 14.115900 0.995385 -0.092704 0.024787 -0.073100 0.000000 0.000000 0.000000 1.000000
-0.095003 -0.980837 0.170096 -5.768700 0.008354 -0.171649 -0.985123 14.115900 0.995442 -0.092169 0.024501 -0.073100 0.000000 0.000000 0.000000 1.000000
-0.094357 -0.980927 0.169939 -5.768700 0.008163 -0.171457 -0.985158 14.115900 0.995505 -0.091569 0.024185 -0.073100 0.000000 0.000000 0.000000 1.000000
-0.093711 -0.981120 0.169180 -5.768700 0.008039 -0.170668 -0.985296 14.115900 0.995567 -0.090973 0.023881 -0.073100 0.000000 0.000000 0.000000 1.000000
-0.093144 -0.981378 0.167994 -5.768700 0.007987 -0.169459 -0.985505 14.115900 0.995621 -0.090452 0.023622 -0.073100 0.000000 0.000000 0.000000 1.000000
-0.092976 -0.981854 0.165280 -5.768700 0.008223 -0.166751 -0.985965 14.115900 0.995634 -0.090312 0.023577 -0.073100 0.000000 0.000000 0.000000 1.000000
-0.093408 -0.982555 0.160810 -5.768700 0.008831 -0.162327 -0.986697 14.115900 0.995589 -0.090745 0.023840 -0.073100 0.000000 0.000000 0.000000 1.000000
-0.094318 -0.983497 0.154396 -5.768700 0.009800 -0.155997 -0.987709 14.115900 0.995494 -0.091645 0.024351 -0.073100 0.000000 0.000000 0.000000 1.000000
-0.095033 -0.984678 0.146215 -5.768700 0.010912 -0.147902 -0.988942 14.115900 0.995414 -0.092387 0.024800 -0.073100 0.000000 0.000000 0.000000 1.000000
-0.095249 -0.986152 0.135765 -5.768700 0.012122 -0.137524 -0.990424 14.115900 0.995380 -0.092691 0.025053 -0.073100 0.000000 0.000000 0.000000 1.000000
-0.095406 -0.987918 0.122127 -5.768700 0.013637 -0.123972 -0.992192 14.115900 0.995345 -0.092995 0.025300 -0.073100 0.000000 0.000000 0.000000 1.000000
-0.090800 -0.991348 0.094790 -5.768700 0.014752 -0.096512 -0.995223 14.115900 0.995760 -0.088968 0.023387 -0.073100 0.000000 0.000000 0.000000 1.000000
-0.085663 -0.994150 0.065788 -5.768700 0.015841 -0.067382 -0.997602 14.115900 0.996198 -0.084415 0.021520 -0.073100 0.000000 0.000000 0.000000 1.000000
-0.079880 -0.996191 0.034957 -5.768700 0.016828 -0.036412 -0.999195 14.115900 0.996662 -0.079228 0.019673 -0.073100 0.000000 0.000000 0.000000 1.000000
-0.073337 -0.997305 0.002134 -5.768700 0.017638 -0.003437 -0.999839 14.115900 0.997151 -0.073288 0.017842 -0.073100 0.000000 0.000000 0.000000 1.000000
-0.060612 -0.997066 -0.046753 -5.768700 0.017109 0.045794 -0.998804 14.115900 0.998015 -0.061339 0.014283 -0.073100 0.000000 0.000000 0.000000 1.000000
-0.056858 -0.993646 -0.097136 -5.768700 0.019806 0.096151 -0.995170 14.115900 0.998186 -0.058508 0.014213 -0.073100 0.000000 0.000000 0.000000 1.000000
-0.056711 -0.987668 -0.145930 -5.768700 0.023902 0.144780 -0.989175 14.115900 0.998104 -0.059585 0.015397 -0.073100 0.000000 0.000000 0.000000 1.000000
-0.065609 -0.980305 -0.186272 -5.768700 0.031765 0.184527 -0.982314 14.115900 0.997340 -0.070365 0.019032 -0.073100 0.000000 0.000000 0.000000 1.000000
-0.072956 -0.974346 -0.212903 -5.768700 0.038019 0.210600 -0.976833 14.115900 0.996610 -0.079360 0.021679 -0.073100 0.000000 0.000000 0.000000 1.000000
-0.076123 -0.972041 -0.222128 -5.768700 0.040562 0.219572 -0.974753 14.115900 0.996273 -0.083211 0.022713 -0.073100 0.000000 0.000000 0.000000 1.000000
-0.078151 -0.971939 -0.221870 -5.768700 0.041559 0.219181 -0.974799 14.115900 0.996075 -0.085402 0.023263 -0.073100 0.000000 0.000000 0.000000 1.000000
-0.079455 -0.974484 -0.209924 -5.768700 0.040913 0.207224 -0.977438 14.115900 0.995999 -0.086251 0.023404 -0.073100 0.000000 0.000000 0.000000 1.000000
-0.080569 -0.979570 -0.184257 -5.768700 0.038715 0.181643 -0.982602 14.115900 0.995997 -0.086301 0.023289 -0.073100 0.000000 0.000000 0.000000 1.000000
-0.085101 -0.986438 -0.140353 -5.768700 0.035969 0.137730 -0.989816 14.115900 0.995723 -0.089283 0.023761 -0.073100 0.000000 0.000000 0.000000 1.000000
-0.084251 -0.992995 -0.082841 -5.768700 0.029838 0.080585 -0.996301 14.115900 0.995998 -0.086411 0.022839 -0.073100 0.000000 0.000000 0.000000 1.000000
-0.074600 -0.997156 -0.010730 -5.768700 0.017609 0.009441 -0.999800 14.115900 0.997058 -0.074774 0.016855 -0.073100 0.000000 0.000000 0.000000 1.000000
-0.043475 -0.997146 0.061731 -5.768700 -0.000091 -0.061785 -0.998089 14.115900 0.999054 -0.043398 0.002595 -0.073100 0.000000 0.000000 0.000000 1.000000
0.021939 -0.992569 0.119687 -5.768700 -0.023999 -0.120204 -0.992459 14.115900 0.999471 0.018901 -0.026458 -0.073100 0.000000 0.000000 0.000000 1.000000
0.101159 -0.980808 0.166683 -5.768700 -0.050475 -0.172386 -0.983735 14.115900 0.993589 0.091100 -0.066944 -0.073100 0.000000 0.000000 0.000000 1.000000
0.175306 -0.963592 0.201887 -5.768700 -0.073583 -0.217313 -0.973325 14.115900 0.981760 0.155774 -0.109000 -0.073100 0.000000 0.000000 0.000000 1.000000
0.235356 -0.945884 0.223409 -5.768700 -0.087625 -0.249581 -0.964381 14.115900 0.967951 0.207397 -0.141624 -0.073100 0.000000 0.000000 0.000000 1.000000
0.286535 -0.928382 0.236652 -5.768700 -0.096918 -0.273830 -0.956883 14.115900 0.953155 0.251245 -0.168439 -0.073100 0.000000 0.000000 0.000000 1.000000
0.320635 -0.913948 0.248783 -5.768700 -0.102872 -0.294697 -0.950037 14.115900 0.941600 0.279022 -0.188510 -0.073100 0.000000 0.000000 0.000000 1.000000
0.317867 -0.912927 0.255977 -5.768700 -0.101574 -0.301214 -0.948131 14.115900 0.942679 0.275379 -0.188476 -0.073100 0.000000 0.000000 0.000000 1.000000
0.311639 -0.913170 0.262681 -5.768700 -0.099588 -0.306315 -0.946707 14.115900 0.944968 0.268871 -0.186400 -0.073100 0.000000 0.000000 0.000000 1.000000
0.302946 -0.914229 0.269090 -5.768700 -0.097127 -0.310507 -0.945596 14.115900 0.948045 0.260329 -0.182863 -0.073100 0.000000 0.000000 0.000000 1.000000
0.292795 -0.915657 0.275398 -5.768700 -0.094405 -0.314297 -0.944619 14.115900 0.951503 0.250581 -0.178467 -0.073100 0.000000 0.000000 0.000000 1.000000
0.282207 -0.917022 0.281834 -5.768700 -0.091631 -0.318197 -0.943586 14.115900 0.954968 0.240462 -0.173825 -0.073100 0.000000 0.000000 0.000000 1.000000
0.258121 -0.921974 0.288684 -5.768700 -0.086436 -0.319650 -0.943585 14.115900 0.962238 0.218606 -0.162200 -0.073100 0.000000 0.000000 0.000000 1.000000
0.227347 -0.930040 0.288685 -5.768700 -0.079902 -0.313264 -0.946299 14.115900 0.970530 0.192072 -0.145532 -0.073100 0.000000 0.000000 0.000000 1.000000
0.189518 -0.938663 0.288088 -5.768700 -0.071465 -0.305813 -0.949406 14.115900 0.979273 0.159341 -0.125038 -0.073100 0.000000 0.000000 0.000000 1.000000
0.144932 -0.946716 0.287616 -5.768700 -0.061529 -0.298746 -0.952347 14.115900 0.987527 0.120329 -0.101548 -0.073100 0.000000 0.000000 0.000000 1.000000
0.101366 -0.953538 0.283708 -5.768700 -0.051683 -0.289840 -0.955679 14.115900 0.993506 0.082210 -0.078661 -0.073100 0.000000 0.000000 0.000000 1.000000
0.063332 -0.959572 0.274245 -5.768700 -0.042494 -0.277140 -0.959889 14.115900 0.997087 0.049138 -0.058327 -0.073100 0.000000 0.000000 0.000000 1.000000
0.031395 -0.964966 0.260490 -5.768700 -0.034211 -0.261503 -0.964596 14.115900 0.998921 0.021372 -0.041222 -0.073100 0.000000 0.000000 0.000000 1.000000
0.008740 -0.970241 0.241984 -5.768700 -0.027488 -0.242135 -0.969853 14.115900 0.999584 0.001825 -0.028786 -0.073100 0.000000 0.000000 0.000000 1.000000
-0.008259 -0.974932 0.222348 -5.768700 -0.021748 -0.222128 -0.974775 14.115900 0.999729 -0.012886 -0.019368 -0.073100 0.000000 0.000000 0.000000 1.000000
-0.022193 -0.978719 0.204003 -5.768700 -0.016561 -0.203665 -0.978901 14.115900 0.999617 -0.025104 -0.011689 -0.073100 0.000000 0.000000 0.000000 1.000000
-0.033190 -0.981443 0.188860 -5.768700 -0.012183 -0.188552 -0.981988 14.115900 0.999375 -0.034893 -0.005699 -0.073100 0.000000 0.000000 0.000000 1.000000
-0.042272 -0.982700 0.180316 -5.768700 -0.008768 -0.180105 -0.983608 14.115900 0.999068 -0.043160 -0.001003 -0.073100 0.000000 0.000000 0.000000 1.000000
-0.049366 -0.983143 0.176048 -5.768700 -0.006198 -0.175958 -0.984378 14.115900 0.998762 -0.049686 0.002592 -0.073100 0.000000 0.000000 0.000000 1.000000
-0.054458 -0.983009 0.175294 -5.768700 -0.004546 -0.175309 -0.984503 14.115900 0.998506 -0.054411 0.005079 -0.073100 0.000000 0.000000 0.000000 1.000000
-0.058404 -0.982558 0.176544 -5.768700 -0.003404 -0.176649 -0.984268 14.115900 0.998287 -0.058086 0.006972 -0.073100 0.000000 0.000000 0.000000 1.000000
-0.061401 -0.981973 0.178772 -5.768700 -0.002680 -0.178948 -0.983855 14.115900 0.998110 -0.060888 0.008356 -0.073100 0.000000 0.000000 0.000000 1.000000
-0.063742 -0.981395 0.181110 -5.768700 -0.002196 -0.181340 -0.983418 14.115900 0.997964 -0.063083 0.009404 -0.073100 0.000000 0.000000 0.000000 1.000000
-0.065781 -0.980790 0.183640 -5.768700 -0.001845 -0.183919 -0.982940 14.115900 0.997832 -0.064997 0.010288 -0.073100 0.000000 0.000000 0.000000 1.000000
-0.068023 -0.980045 0.186775 -5.768700 -0.001513 -0.187107 -0.982338 14.115900 0.997683 -0.067104 0.011244 -0.073100 0.000000 0.000000 0.000000 1.000000
-0.070686 -0.979145 0.190467 -5.768700 -0.001136 -0.190866 -0.981616 14.115900 0.997498 -0.069603 0.012379 -0.073100 0.000000 0.000000 0.000000 1.000000
-0.073335 -0.978197 0.194301 -5.768700 -0.000868 -0.194763 -0.980850 14.115900 0.997307 -0.072099 0.013434 -0.073100 0.000000 0.000000 0.000000 1.000000
-0.075988 -0.977215 0.198184 -5.768700 -0.000611 -0.198713 -0.980058 14.115900 0.997109 -0.074594 0.014502 -0.073100 0.000000 0.000000 0.000000 1.000000
-0.078636 -0.976215 0.202040 -5.768700 -0.000361 -0.202639 -0.979253 14.115900 0.996903 -0.077077 0.015583 -0.073100 0.000000 0.000000 0.000000 1.000000
-0.081271 -0.975215 0.205791 -5.768700 -0.000110 -0.206465 -0.978454 14.115900 0.996692 -0.079542 0.016673 -0.073100 0.000000 0.000000 0.000000 1.000000
-0.083885 -0.974233 0.209362 -5.768700 0.000148 -0.210115 -0.977677 14.115900 0.996475 -0.081981 0.017770 -0.073100 0.000000 0.000000 0.000000 1.000000
-0.086301 -0.973601 0.211313 -5.768700 0.000443 -0.212142 -0.977239 14.115900 0.996269 -0.084243 0.018740 -0.073100 0.000000 0.000000 0.000000 1.000000
-0.088172 -0.973301 0.211923 -5.768700 0.000722 -0.212814 -0.977093 14.115900 0.996105 -0.086000 0.019467 -0.073100 0.000000 0.000000 0.000000 1.000000
-0.089218 -0.973293 0.211520 -5.768700 0.000924 -0.212448 -0.977172 14.115900 0.996012 -0.086986 0.019854 -0.073100 0.000000 0.000000 0.000000 1.000000
-0.090131 -0.973348 0.210881 -5.768700 0.001142 -0.211843 -0.977303 14.115900 0.995929 -0.087844 0.020206 -0.073100 0.000000 0.000000 0.000000 1.000000
-0.091080 -0.973391 0.210272 -5.768700 0.001413 -0.211276 -0.977425 14.115900 0.995843 -0.088727 0.020618 -0.073100 0.000000 0.000000 0.000000 1.000000
-0.092214 -0.973462 0.209447 -5.768700 0.001788 -0.210505 -0.977591 14.115900 0.995738 -0.089774 0.021152 -0.073100 0.000000 0.000000 0.000000 1.000000
-0.093893 -0.973536 0.208356 -5.768700 0.002356 -0.209498 -0.977806 14.115900 0.995580 -0.091318 0.021964 -0.073100 0.000000 0.000000 0.000000 1.000000
-0.095647 -0.973727 0.206658 -5.768700 0.003043 -0.207895 -0.978146 14.115900 0.995411 -0.092927 0.022848 -0.073100 0.000000 0.000000 0.000000 1.000000
-0.097264 -0.974104 0.204110 -5.768700 0.003817 -0.205446 -0.978661 14.115900 0.995251 -0.094410 0.023701 -0.073100 0.000000 0.000000 0.000000 1.000000
-0.098909 -0.974538 0.201228 -5.768700 0.004648 -0.202669 -0.979236 14.115900 0.995086 -0.095920 0.024575 -0.073100 0.000000 0.000000 0.000000 1.000000
-0.100360 -0.974980 0.198347 -5.768700 0.005428 -0.199888 -0.979804 14.115900 0.994936 -0.097256 0.025353 -0.073100 0.000000 0.000000 0.000000 1.000000
-0.101396 -0.975386 0.195807 -5.768700 0.006052 -0.197422 -0.980300 14.115900 0.994828 -0.098213 0.025921 -0.073100 0.000000 0.000000 0.000000 1.000000
-0.101611 -0.975786 0.193692 -5.768700 0.006401 -0.195337 -0.980715 14.115900 0.994804 -0.098411 0.026094 -0.073100 0.000000 0.000000 0.000000 1.000000
-0.101220 -0.976164 0.191988 -5.768700 0.006534 -0.193627 -0.981053 14.115900 0.994843 -0.098048 0.025977 -0.073100 0.000000 0.000000 0.000000 1.000000
-0.100938 -0.976410 0.190880 -5.768700 0.006616 -0.192514 -0.981272 14.115900 0.994871 -0.097784 0.025892 -0.073100 0.000000 0.000000 0.000000 1.000000
-0.100949 -0.976555 0.190133 -5.768700 0.006728 -0.191775 -0.981416 14.115900 0.994869 -0.097793 0.025930 -0.073100 0.000000 0.000000 0.000000 1.000000
-0.100959 -0.976698 0.189390 -5.768700 0.006840 -0.191040 -0.981558 14.115900 0.994867 -0.097802 0.025968 -0.073100 0.000000 0.000000 0.000000 1.000000
-0.100969 -0.976840 0.188650 -5.768700 0.006951 -0.190307 -0.981700 14.115900 0.994865 -0.097810 0.026005 -0.073100 0.000000 0.000000 0.000000 1.000000
-0.100980 -0.976981 0.187913 -5.768700 0.007061 -0.189578 -0.981840 14.115900 0.994863 -0.097819 0.026042 -0.073100 0.000000 0.000000 0.000000 1.000000
-0.100990 -0.977121 0.187179 -5.768700 0.007171 -0.188851 -0.981980 14.115900 0.994862 -0.097828 0.026079 -0.073100 0.000000 0.000000 0.000000 1.000000
-0.101000 -0.977259 0.186448 -5.768700 0.007281 -0.188127 -0.982118 14.115900 0.994860 -0.097836 0.026116 -0.073100 0.000000 0.000000 0.000000 1.000000
-0.101010 -0.977397 0.185720 -5.768700 0.007390 -0.187406 -0.982255 14.115900 0.994858 -0.097845 0.026153 -0.073100 0.000000 0.000000 0.000000 1.000000
-0.101020 -0.977534 0.184994 -5.768700 0.007499 -0.186689 -0.982391 14.115900 0.994856 -0.097854 0.026189 -0.073100 0.000000 0.000000 0.000000 1.000000
-0.101030 -0.977669 0.184272 -5.768700 0.007607 -0.185973 -0.982525 14.115900 0.994854 -0.097863 0.026226 -0.073100 0.000000 0.000000 0.000000 1.000000
-0.101040 -0.977803 0.183552 -5.768700 0.007715 -0.185260 -0.982659 14.115900 0.994852 -0.097872 0.026262 -0.073100 0.000000 0.000000 0.000000 1.000000
-0.101051 -0.977937 0.182834 -5.768700 0.007822 -0.184550 -0.982792 14.115900 0.994851 -0.097882 0.026299 -0.073100 0.000000 0.000000 0.000000 1.000000
-0.101061 -0.978069 0.182119 -5.768700 0.007930 -0.183842 -0.982924 14.115900 0.994849 -0.097891 0.026335 -0.073100 0.000000 0.000000 0.000000 1.000000
-0.101072 -0.978200 0.181406 -5.768700 0.008037 -0.183137 -0.983055 14.115900 0.994847 -0.097901 0.026371 -0.073100 0.000000 0.000000 0.000000 1.000000
-0.101083 -0.978331 0.180696 -5.768700 0.008143 -0.182434 -0.983184 14.115900 0.994845 -0.097912 0.026408 -0.073100 0.000000 0.000000 0.000000 1.000000
-0.101094 -0.978460 0.179989 -5.768700 0.008250 -0.181734 -0.983313 14.115900 0.994843 -0.097922 0.026444 -0.073100 0.000000 0.000000 0.000000 1.000000
-0.101106 -0.978588 0.179282 -5.768700 0.008356 -0.181035 -0.983441 14.115900 0.994841 -0.097933 0.026481 -0.073100 0.000000 0.000000 0.000000 1.000000
-0.101118 -0.978716 0.178579 -5.768700 0.008462 -0.180339 -0.983568 14.115900 0.994838 -0.097945 0.026517 -0.073100 0.000000 0.000000 0.000000 1.000000
-0.101130 -0.978842 0.177877 -5.768700 0.008568 -0.179644 -0.983694 14.115900 0.994836 -0.097957 0.026554 -0.073100 0.000000 0.000000 0.000000 1.000000
-0.101143 -0.978968 0.177178 -5.768700 0.008674 -0.178952 -0.983820 14.115900 0.994834 -0.097970 0.026591 -0.073100 0.000000 0.000000 0.000000 1.000000
-0.101156 -0.979093 0.176480 -5.768700 0.008779 -0.178261 -0.983944 14.115900 0.994832 -0.097983 0.026628 -0.073100 0.000000 0.000000 0.000000 1.000000
-0.101170 -0.979216 0.175784 -5.768700 0.008885 -0.177573 -0.984068 14.115900 0.994829 -0.097996 0.026665 -0.073100 0.000000 0.000000 0.000000 1.000000
-0.101184 -0.979339 0.175090 -5.768700 0.008990 -0.176886 -0.984190 14.115900 0.994827 -0.098011 0.026702 -0.073100 0.000000 0.000000 0.000000 1.000000
-0.101199 -0.979461 0.174397 -5.768700 0.009095 -0.176200 -0.984312 14.115900 0.994825 -0.098025 0.026740 -0.073100 0.000000 0.000000 0.000000 1.000000
-0.101215 -0.979582 0.173706 -5.768700 0.009201 -0.175517 -0.984433 14.115900 0.994822 -0.098041 0.026778 -0.073100 0.000000 0.000000 0.000000 1.000000
-0.101231 -0.979703 0.173016 -5.768700 0.009306 -0.174835 -0.984554 14.115900 0.994819 -0.098057 0.026816 -0.073100 0.000000 0.000000 0.000000 1.000000
-0.101248 -0.979822 0.172328 -5.768700 0.009411 -0.174154 -0.984673 14.115900 0.994817 -0.098075 0.026854 -0.073100 0.000000 0.000000 0.000000 1.000000
-0.101266 -0.979941 0.171641 -5.768700 0.009517 -0.173475 -0.984792 14.115900 0.994814 -0.098092 0.026893 -0.073100 0.000000 0.000000 0.000000 1.000000
-0.101284 -0.980059 0.170956 -5.768700 0.009622 -0.172797 -0.984910 14.115900 0.994811 -0.098111 0.026932 -0.073100 0.000000 0.000000 0.000000 1.000000
-0.101304 -0.980176 0.170272 -5.768700 0.009728 -0.172120 -0.985028 14.115900 0.994808 -0.098131 0.026971 -0.073100 0.000000 0.000000 0.000000 1.000000
-0.101324 -0.980292 0.169589 -5.768700 0.009833 -0.171444 -0.985145 14.115900 0.994805 -0.098151 0.027011 -0.073100 0.000000 0.000000 0.000000 1.000000
-0.101345 -0.980408 0.168907 -5.768700 0.009939 -0.170770 -0.985261 14.115900 0.994802 -0.098173 0.027051 -0.073100 0.000000 0.000000 0.000000 1.000000
-0.101367 -0.980523 0.168226 -5.768700 0.010045 -0.170097 -0.985376 14.115900 0.994798 -0.098195 0.027092 -0.073100 0.000000 0.000000 0.000000 1.000000
-0.101391 -0.980637 0.167546 -5.768700 0.010151 -0.169425 -0.985491 14.115900 0.994795 -0.098219 0.027133 -0.073100 0.000000 0.000000 0.000000 1.000000
-0.101415 -0.980750 0.166866 -5.768700 0.010257 -0.168753 -0.985605 14.115900 0.994791 -0.098243 0.027174 -0.073100 0.000000 0.000000 0.000000 1.000000
-0.101440 -0.980863 0.166187 -5.768700 0.010364 -0.168082 -0.985719 14.115900 0.994788 -0.098269 0.027216 -0.073100 0.000000 0.000000 0.000000 1.000000
-0.101466 -0.980975 0.165509 -5.768700 0.010471 -0.167412 -0.985831 14.115900 0.994784 -0.098295 0.027258 -0.073100 0.000000 0.000000 0.000000 1.000000
-0.101494 -0.981086 0.164832 -5.768700 0.010578 -0.166743 -0.985944 14.115900 0.994780 -0.098323 0.027301 -0.073100 0.000000 0.000000 0.000000 1.000000
-0.101522 -0.981196 0.164156 -5.768700 0.010685 -0.166074 -0.986055 14.115900 0.994776 -0.098353 0.027344 -0.073100 0.000000 0.000000 0.000000 1.000000
-0.101552 -0.981306 0.163479 -5.768700 0.010793 -0.165406 -0.986167 14.115900 0.994772 -0.098383 0.027388 -0.073100 0.000000 0.000000 0.000000 1.000000
-0.101583 -0.981415 0.162803 -5.768700 0.010901 -0.164738 -0.986277 14.115900 0.994767 -0.098415 0.027433 -0.073100 0.000000 0.000000 0.000000 1.000000
-0.101616 -0.981524 0.162128 -5.768700 0.011009 -0.164071 -0.986387 14.115900 0.994763 -0.098447 0.027478 -0.073100 0.000000 0.000000 0.000000 1.000000
-0.101649 -0.981632 0.161451 -5.768700 0.011118 -0.163403 -0.986497 14.115900 0.994758 -0.098482 0.027524 -0.073100 0.000000 0.000000 0.000000 1.000000
-0.101685 -0.981739 0.160776 -5.768700 0.011227 -0.162736 -0.986606 14.115900 0.994753 -0.098518 0.027570 -0.073100 0.000000 0.000000 0.000000 1.000000
-0.101721 -0.981845 0.160101 -5.768700 0.011337 -0.162070 -0.986714 14.115900 0.994748 -0.098555 0.027617 -0.073100 0.000000 0.000000 0.000000 1.000000
-0.101759 -0.981951 0.159426 -5.768700 0.011447 -0.161403 -0.986822 14.115900 0.994743 -0.098593 0.027665 -0.073100 0.000000 0.000000 0.000000 1.000000
-0.101799 -0.982057 0.158750 -5.768700 0.011558 -0.160736 -0.986930 14.115900 0.994738 -0.098633 0.027713 -0.073100 0.000000 0.000000 0.000000 1.000000
-0.101840 -0.982161 0.158075 -5.768700 0.011669 -0.160069 -0.987037 14.115900 0.994732 -0.098675 0.027762 -0.073100 0.000000 0.000000 0.000000 1.000000
-0.101882 -0.982266 0.157399 -5.768700 0.011781 -0.159403 -0.987143 14.115900 0.994727 -0.098718 0.027812 -0.073100 0.000000 0.000000 0.000000 1.000000
-0.101927 -0.982369 0.156723 -5.768700 0.011893 -0.158735 -0.987250 14.115900 0.994721 -0.098763 0.027862 -0.073100 0.000000 0.000000 0.000000 1.000000
-0.101973 -0.982472 0.156046 -5.768700 0.012006 -0.158068 -0.987355 14.115900 0.994715 -0.098810 0.027914 -0.073100 0.000000 0.000000 0.000000 1.000000
-0.103323 -0.982264 0.156464 -5.768700 0.012385 -0.158564 -0.987271 14.115900 0.994571 -0.100070 0.028549 -0.073100 0.000000 0.000000 0.000000 1.000000
-0.104641 -0.981937 0.157638 -5.768700 0.012666 -0.159811 -0.987066 14.115900 0.994429 -0.101291 0.029160 -0.073100 0.000000 0.000000 0.000000 1.000000
-0.105948 -0.981568 0.159056 -5.768700 0.012914 -0.161301 -0.986821 14.115900 0.994288 -0.102498 0.029765 -0.073100 0.000000 0.000000 0.000000 1.000000
-0.107238 -0.981121 0.160942 -5.768700 0.013095 -0.163255 -0.986497 14.115900 0.994147 -0.103683 0.030355 -0.073100 0.000000 0.000000 0.000000 1.000000
-0.107558 -0.980763 0.162894 -5.768700 0.012981 -0.165216 -0.986172 14.115900 0.994114 -0.103956 0.030501 -0.073100 0.000000 0.000000 0.000000 1.000000
-0.107596 -0.980489 0.164514 -5.768700 0.012819 -0.166829 -0.985903 14.115900 0.994112 -0.103970 0.030519 -0.073100 0.000000 0.000000 0.000000 1.000000
-0.107340 -0.980372 0.165372 -5.768700 0.012658 -0.167667 -0.985762 14.115900 0.994142 -0.103718 0.030407 -0.073100 0.000000 0.000000 0.000000 1.000000
-0.107182 -0.980357 0.165567 -5.768700 0.012596 -0.167852 -0.985732 14.115900 0.994160 -0.103567 0.030339 -0.073100 0.000000 0.000000 0.000000 1.000000
-0.107678 -0.980414 0.164908 -5.768700 0.012812 -0.167227 -0.985835 14.115900 0.994103 -0.104040 0.030568 -0.073100 0.000000 0.000000 0.000000 1.000000
-0.108331 -0.980522 0.163831 -5.768700 0.013119 -0.166197 -0.986005 14.115900 0.994028 -0.104666 0.030868 -0.073100 0.000000 0.000000 0.000000 1.000000
-0.108675 -0.980698 0.162547 -5.768700 0.013367 -0.164942 -0.986213 14.115900 0.993987 -0.105004 0.031034 -0.073100 0.000000 0.000000 0.000000 1.000000
-0.108869 -0.980888 0.161267 -5.768700 0.013575 -0.163683 -0.986420 14.115900 0.993963 -0.105201 0.031135 -0.073100 0.000000 0.000000 0.000000 1.000000
-0.108740 -0.981036 0.160448 -5.768700 0.013635 -0.162862 -0.986555 14.115900 0.993977 -0.105090 0.031086 -0.073100 0.000000 0.000000 0.000000 1.000000
-0.108549 -0.981176 0.159720 -5.768700 0.013667 -0.162127 -0.986675 14.115900 0.993997 -0.104920 0.031008 -0.073100 0.000000 0.000000 0.000000 1.000000
-0.108334 -0.981308 0.159057 -5.768700 0.013683 -0.161455 -0.986785 14.115900 0.994020 -0.104726 0.030919 -0.073100 0.000000 0.000000 0.000000 1.000000
-0.108007 -0.981399 0.158717 -5.768700 0.013628 -0.161097 -0.986844 14.115900 0.994057 -0.104423 0.030774 -0.073100 0.000000 0.000000 0.000000 1.000000
-0.107989 -0.981471 0.158283 -5.768700 0.013669 -0.160664 -0.986914 14.115900 0.994058 -0.104412 0.030766 -0.073100 0.000000 0.000000 0.000000 1.000000
-0.108308 -0.981486 0.157971 -5.768700 0.013789 -0.160374 -0.986960 14.115900 0.994022 -0.104717 0.030904 -0.073100 0.000000 0.000000 0.000000 1.000000
-0.108566 -0.981395 0.158360 -5.768700 0.013813 -0.160775 -0.986894 14.115900 0.993993 -0.104956 0.031011 -0.073100 0.000000 0.000000 0.000000 1.000000
-0.108796 -0.981281 0.158908 -5.768700 0.013812 -0.161334 -0.986803 14.115900 0.993968 -0.105166 0.031106 -0.073100 0.000000 0.000000 0.000000 1.000000
-0.108765 -0.981120 0.159920 -5.768700 0.013686 -0.162337 -0.986640 14.115900 0.993973 -0.105123 0.031084 -0.073100 0.000000 0.000000 0.000000 1.000000
-0.108448 -0.980913 0.161395 -5.768700 0.013429 -0.163783 -0.986405 14.115900 0.994011 -0.104806 0.030935 -0.073100 0.000000 0.000000 0.000000 1.000000
-0.108014 -0.980684 0.163069 -5.768700 0.013118 -0.165420 -0.986136 14.115900 0.994063 -0.104377 0.030732 -0.073100 0.000000 0.000000 0.000000 1.000000
-0.107514 -0.980440 0.164860 -5.768700 0.012776 -0.167169 -0.985845 14.115900 0.994121 -0.103886 0.030499 -0.073100 0.000000 0.000000 0.000000 1.000000
-0.107001 -0.980188 0.166680 -5.768700 0.012426 -0.168948 -0.985547 14.115900 0.994181 -0.103383 0.030258 -0.073100 0.000000 0.000000 0.000000 1.000000
-0.106526 -0.979938 0.168446 -5.768700 0.012093 -0.170674 -0.985253 14.115900 0.994236 -0.102918 0.030032 -0.073100 0.000000 0.000000 0.000000 1.000000
-0.106142 -0.979698 0.170074 -5.768700 0.011801 -0.172270 -0.984979 14.115900 0.994281 -0.102541 0.029846 -0.073100 0.000000 0.000000 0.000000 1.000000
-0.106517 -0.979558 0.170647 -5.768700 0.011835 -0.172860 -0.984875 14.115900 0.994240 -0.102886 0.030006 -0.073100 0.000000 0.000000 0.000000 1.000000
-0.106871 -0.979554 0.170446 -5.768700 0.011953 -0.172681 -0.984905 14.115900 0.994201 -0.103220 0.030164 -0.073100 0.000000 0.000000 0.000000 1.000000
-0.107213 -0.979578 0.170097 -5.768700 0.012086 -0.172355 -0.984961 14.115900 0.994163 -0.103545 0.030318 -0.073100 0.000000 0.000000 0.000000 1.000000
-0.107446 -0.979621 0.169700 -5.768700 0.012195 -0.171974 -0.985026 14.115900 0.994136 -0.103768 0.030424 -0.073100 0.000000 0.000000 0.000000 1.000000
-0.107097 -0.979763 0.169098 -5.768700 0.012173 -0.171355 -0.985134 14.115900 0.994174 -0.103446 0.030278 -0.073100 0.000000 0.000000 0.000000 1.000000</float_array>
        <technique_common>
          <accessor source="#mixamorig_RightShoulder-Matrix-animation-output-transform-array" count="184" stride="16">
            <param type="float4x4"/>
          </accessor>
        </technique_common>
      </source>
      <source id="mixamorig_RightShoulder-Interpolations">
        <Name_array id="mixamorig_RightShoulder-Interpolations-array" count="184">
 LINEAR LINEAR LINEAR LINEAR LINEAR LINEAR LINEAR LINEAR LINEAR LINEAR LINEAR
LINEAR LINEAR LINEAR LINEAR LINEAR LINEAR LINEAR LINEAR LINEAR LINEAR LINEAR LINEAR
LINEAR LINEAR LINEAR LINEAR LINEAR LINEAR LINEAR LINEAR LINEAR LINEAR LINEAR LINEAR
LINEAR LINEAR LINEAR LINEAR LINEAR LINEAR LINEAR LINEAR LINEAR LINEAR LINEAR LINEAR
LINEAR LINEAR LINEAR LINEAR LINEAR LINEAR LINEAR LINEAR LINEAR LINEAR LINEAR LINEAR
LINEAR LINEAR LINEAR LINEAR LINEAR LINEAR LINEAR LINEAR LINEAR LINEAR LINEAR LINEAR
LINEAR LINEAR LINEAR LINEAR LINEAR LINEAR LINEAR LINEAR LINEAR LINEAR LINEAR LINEAR
LINEAR LINEAR LINEAR LINEAR LINEAR LINEAR LINEAR LINEAR LINEAR LINEAR LINEAR LINEAR
LINEAR LINEAR LINEAR LINEAR LINEAR LINEAR LINEAR LINEAR LINEAR LINEAR LINEAR LINEAR
LINEAR LINEAR LINEAR LINEAR LINEAR LINEAR LINEAR LINEAR LINEAR LINEAR LINEAR LINEAR
LINEAR LINEAR LINEAR LINEAR LINEAR LINEAR LINEAR LINEAR LINEAR LINEAR LINEAR LINEAR
LINEAR LINEAR LINEAR LINEAR LINEAR LINEAR LINEAR LINEAR LINEAR LINEAR LINEAR LINEAR
LINEAR LINEAR LINEAR LINEAR LINEAR LINEAR LINEAR LINEAR LINEAR LINEAR LINEAR LINEAR
LINEAR LINEAR LINEAR LINEAR LINEAR LINEAR LINEAR LINEAR LINEAR LINEAR LINEAR LINEAR
LINEAR LINEAR LINEAR LINEAR LINEAR LINEAR LINEAR LINEAR LINEAR LINEAR LINEAR LINEAR
LINEAR LINEAR LINEAR LINEAR LINEAR</Name_array>
        <technique_common>
          <accessor source="#mixamorig_RightShoulder-Interpolations-array" count="184">
            <param type="name"/>
          </accessor>
        </technique_common>
      </source>
      <sampler id="mixamorig_RightShoulder-Matrix-animation-transform">
        <input semantic="INPUT" source="#mixamorig_RightShoulder-Matrix-animation-input"/>
        <input semantic="OUTPUT" source="#mixamorig_RightShoulder-Matrix-animation-output-transform"/>
        <input semantic="INTERPOLATION" source="#mixamorig_RightShoulder-Interpolations"/>
      </sampler>
      <channel source="#mixamorig_RightShoulder-Matrix-animation-transform" target="mixamorig_RightShoulder/matrix"/>
    </animation>
    <animation id="mixamorig_RightArm-anim" name="mixamorig_RightArm">
      <source id="mixamorig_RightArm-Matrix-animation-input">
        <float_array id="mixamorig_RightArm-Matrix-animation-input-array" count="184">

0.000000 0.033333 0.066667 0.100000 0.133333 0.166667 0.200000 0.233333 0.266667 0.300000 0.333333 0.366667 0.400000 0.433333 0.466667 0.500000
0.533333 0.566667 0.600000 0.633333 0.666667 0.700000 0.733333 0.766667 0.800000 0.833333 0.866667 0.900000 0.933333 0.966667 1.000000 1.033333
1.066667 1.100000 1.133333 1.166667 1.200000 1.233333 1.266667 1.300000 1.333333 1.366667 1.400000 1.433333 1.466667 1.500000 1.533333 1.566667
1.600000 1.633333 1.666667 1.700000 1.733333 1.766667 1.800000 1.833333 1.866667 1.900000 1.933333 1.966667 2.000000 2.033333 2.066667 2.100000
2.133333 2.166667 2.200000 2.233333 2.266667 2.300000 2.333333 2.366667 2.400000 2.433333 2.466667 2.500000 2.533333 2.566667 2.600000 2.633333
2.666667 2.700000 2.733333 2.766667 2.800000 2.833333 2.866667 2.900000 2.933333 2.966667 3.000000 3.033333 3.066667 3.100000 3.133333 3.166667
3.200000 3.233333 3.266667 3.300000 3.333333 3.366667 3.400000 3.433333 3.466667 3.500000 3.533333 3.566667 3.600000 3.633333 3.666667 3.700000
3.733333 3.766667 3.800000 3.833333 3.866667 3.900000 3.933333 3.966667 4.000000 4.033333 4.066667 4.100000 4.133333 4.166667 4.200000 4.233333
4.266667 4.300000 4.333333 4.366667 4.400000 4.433333 4.466667 4.500000 4.533333 4.566667 4.600000 4.633333 4.666667 4.700000 4.733333 4.766667
4.800000 4.833333 4.866667 4.900000 4.933333 4.966667 5.000000 5.033333 5.066667 5.100000 5.133333 5.166667 5.200000 5.233333 5.266667 5.300000
5.333333 5.366667 5.400000 5.433333 5.466667 5.500000 5.533333 5.566667 5.600000 5.633333 5.666667 5.700000 5.733333 5.766667 5.800000 5.833333
5.866667 5.900000 5.933333 5.966667 6.000000 6.033333 6.066667 6.100000</float_array>
        <technique_common>
          <accessor source="#mixamorig_RightArm-Matrix-animation-input-array" count="184">
            <param name="TIME" type="float"/>
          </accessor>
        </technique_common>
      </source>
      <source id="mixamorig_RightArm-Matrix-animation-output-transform">
        <float_array id="mixamorig_RightArm-Matrix-animation-output-transform-array" count="2944">

0.992432 0.053342 -0.110609 0.000000 -0.122407 0.357824 -0.925731 12.133700 -0.009802 0.932264 0.361645 0.000000 0.000000 0.000000 0.000000 1.000000
0.992250 0.054694 -0.111571 0.000000 -0.123790 0.357439 -0.925696 12.133700 -0.010750 0.932333 0.361440 0.000000 0.000000 0.000000 0.000000 1.000000
0.992034 0.056102 -0.112789 0.000000 -0.125435 0.357401 -0.925489 12.133700 -0.011610 0.932265 0.361591 -0.000000 0.000000 0.000000 0.000000 1.000000
0.991711 0.057705 -0.114799 -0.000000 -0.127899 0.358064 -0.924896 12.133700 -0.012265 0.931912 0.362476 0.000000 0.000000 0.000000 0.000000 1.000000
0.991334 0.059403 -0.117164 -0.000000 -0.130733 0.358962 -0.924151 12.133700 -0.012840 0.931460 0.363617 0.000000 0.000000 0.000000 0.000000 1.000000
0.990996 0.061007 -0.119186 0.000000 -0.133216 0.359903 -0.923430 12.133700 -0.013440 0.930993 0.364789 -0.000000 0.000000 0.000000 0.000000 1.000000
0.990795 0.062322 -0.120173 0.000000 -0.134628 0.360695 -0.922916 12.133700 -0.014172 0.930599 0.365765 -0.000000 0.000000 0.000000 0.000000 1.000000
0.990760 0.063326 -0.119935 0.000000 -0.134785 0.361314 -0.922651 12.133700 -0.015094 0.930291 0.366511 0.000000 0.000000 0.000000 0.000000 1.000000
0.990823 0.064155 -0.118966 0.000000 -0.134196 0.361872 -0.922518 12.133700 -0.016134 0.930018 0.367160 0.000000 0.000000 0.000000 0.000000 1.000000
0.990942 0.064850 -0.117593 -0.000000 -0.133183 0.362383 -0.922465 12.133700 -0.017208 0.929771 0.367737 0.000000 0.000000 0.000000 0.000000 1.000000
0.991073 0.065453 -0.116144 -0.000000 -0.132065 0.362860 -0.922438 12.133700 -0.018233 0.929542 0.368265 0.000000 0.000000 0.000000 0.000000 1.000000
0.991176 0.066007 -0.114946 -0.000000 -0.131163 0.363315 -0.922387 12.133700 -0.019122 0.929325 0.368767 0.000000 0.000000 0.000000 0.000000 1.000000
0.991266 0.065599 -0.114409 -0.000000 -0.130514 0.363375 -0.922456 12.133700 -0.018939 0.929331 0.368762 0.000000 0.000000 0.000000 0.000000 1.000000
0.991287 0.065231 -0.114431 0.000000 -0.130389 0.362862 -0.922676 12.133700 -0.018664 0.929557 0.368206 0.000000 0.000000 0.000000 0.000000 1.000000
0.991294 0.064907 -0.114557 -0.000000 -0.130374 0.362258 -0.922915 12.133700 -0.018404 0.929815 0.367566 0.000000 0.000000 0.000000 0.000000 1.000000
0.991266 0.065163 -0.114656 0.000000 -0.130554 0.361915 -0.923024 12.133700 -0.018651 0.929931 0.367262 0.000000 0.000000 0.000000 0.000000 1.000000
0.991210 0.065993 -0.114664 0.000000 -0.130866 0.361869 -0.922998 12.133700 -0.019418 0.929890 0.367324 -0.000000 0.000000 0.000000 0.000000 1.000000
0.991147 0.066996 -0.114623 0.000000 -0.131197 0.361903 -0.922937 12.133700 -0.020351 0.929805 0.367489 0.000000 0.000000 0.000000 0.000000 1.000000
0.991077 0.068123 -0.114565 -0.000000 -0.131560 0.361992 -0.922851 12.133700 -0.021396 0.929689 0.367724 0.000000 0.000000 0.000000 0.000000 1.000000
0.990999 0.069323 -0.114524 0.000000 -0.131967 0.362111 -0.922746 12.133700 -0.022497 0.929553 0.368000 -0.000000 0.000000 0.000000 0.000000 1.000000
0.990911 0.070545 -0.114534 0.000000 -0.132430 0.362236 -0.922631 12.133700 -0.023599 0.929413 0.368286 0.000000 0.000000 0.000000 0.000000 1.000000
0.990815 0.071739 -0.114628 -0.000000 -0.132961 0.362342 -0.922513 12.133700 -0.024646 0.929280 0.368552 0.000000 0.000000 0.000000 0.000000 1.000000
0.990709 0.072853 -0.114840 0.000000 -0.133572 0.362404 -0.922400 12.133700 -0.025581 0.929169 0.368768 -0.000000 0.000000 0.000000 0.000000 1.000000
0.990408 0.073627 -0.116920 0.000000 -0.135788 0.362197 -0.922158 12.133700 -0.025548 0.929189 0.368721 -0.000000 0.000000 0.000000 0.000000 1.000000
0.989886 0.074425 -0.120777 0.000000 -0.139677 0.362313 -0.921531 12.133700 -0.024826 0.929080 0.369044 -0.000000 0.000000 0.000000 0.000000 1.000000
0.988940 0.076034 -0.127344 -0.000000 -0.146396 0.362722 -0.920326 12.133700 -0.023786 0.928790 0.369842 0.000000 0.000000 0.000000 0.000000 1.000000
0.987222 0.080117 -0.137750 -0.000000 -0.157613 0.363479 -0.918173 12.133700 -0.023492 0.928151 0.371462 0.000000 0.000000 0.000000 0.000000 1.000000
0.985145 0.084716 -0.149377 -0.000000 -0.170174 0.364863 -0.915377 12.133700 -0.023045 0.927199 0.373859 0.000000 0.000000 0.000000 0.000000 1.000000
0.982499 0.089452 -0.163381 -0.000000 -0.185058 0.369015 -0.910814 12.133700 -0.021184 0.925109 0.379111 0.000000 0.000000 0.000000 0.000000 1.000000
0.979840 0.090814 -0.177951 0.000000 -0.199235 0.378224 -0.904020 12.133700 -0.014792 0.921249 0.388693 0.000000 0.000000 0.000000 0.000000 1.000000
0.977474 0.087608 -0.192013 0.000000 -0.211041 0.395010 -0.894108 12.133700 -0.002484 0.914490 0.404601 0.000000 0.000000 0.000000 0.000000 1.000000
0.975787 0.082050 -0.202750 -0.000000 -0.218358 0.418967 -0.881355 12.133700 0.012630 0.904287 0.426739 0.000000 0.000000 0.000000 0.000000 1.000000
0.974852 0.077580 -0.208911 0.000000 -0.221323 0.446644 -0.866906 12.133700 0.026054 0.891342 0.452582 0.000000 0.000000 0.000000 0.000000 1.000000
0.974150 0.078670 -0.211760 -0.000000 -0.223398 0.474639 -0.851358 12.133700 0.033533 0.876658 0.479945 0.000000 0.000000 0.000000 0.000000 1.000000
0.968229 0.083076 -0.235862 0.000000 -0.244451 0.513163 -0.822744 12.133700 0.052685 0.854261 0.517167 0.000000 0.000000 0.000000 0.000000 1.000000
0.960635 0.090510 -0.262654 0.000000 -0.267949 0.551545 -0.789938 12.133700 0.073368 0.829220 0.554086 0.000000 0.000000 0.000000 0.000000 1.000000
0.951754 0.100583 -0.289909 -0.000000 -0.291719 0.589689 -0.753105 12.133700 0.095207 0.801343 0.590580 0.000000 0.000000 0.000000 0.000000 1.000000
0.942189 0.112595 -0.315600 0.000000 -0.313702 0.627446 -0.712673 12.133700 0.117779 0.770477 0.626493 0.000000 0.000000 0.000000 0.000000 1.000000
0.932848 0.123171 -0.338560 -0.000000 -0.328854 0.674911 -0.660567 12.133700 0.147135 0.727546 0.670095 -0.000000 0.000000 0.000000 0.000000 1.000000
0.939318 0.119682 -0.321494 0.000000 -0.303591 0.726386 -0.616600 12.133700 0.159733 0.676786 0.718642 0.000000 0.000000 0.000000 0.000000 1.000000
0.951179 0.103564 -0.290747 0.000000 -0.259716 0.777532 -0.572705 12.133700 0.166754 0.620256 0.766469 0.000000 0.000000 0.000000 0.000000 1.000000
0.973288 0.046371 -0.224854 0.000000 -0.162326 0.831589 -0.531140 12.133700 0.162357 0.553452 0.816904 -0.000000 0.000000 0.000000 0.000000 1.000000
0.989437 -0.030406 -0.141739 0.000000 -0.043248 0.871312 -0.488821 12.133700 0.138362 0.489787 0.860793 0.000000 0.000000 0.000000 0.000000 1.000000
0.995714 -0.080660 -0.045260 0.000000 0.051855 0.892047 -0.448957 12.133700 0.076587 0.444686 0.892406 0.000000 0.000000 0.000000 0.000000 1.000000
0.992039 -0.117243 0.045968 0.000000 0.125707 0.900129 -0.417091 12.133700 0.007524 0.419549 0.907702 0.000000 0.000000 0.000000 0.000000 1.000000
0.985317 -0.118167 0.123237 -0.000000 0.159632 0.893640 -0.419434 12.133700 -0.060566 0.432948 0.899382 -0.000000 0.000000 0.000000 0.000000 1.000000
0.977458 -0.094416 0.188842 0.000000 0.171509 0.876706 -0.449412 12.133700 -0.123127 0.471670 0.873136 0.000000 0.000000 0.000000 0.000000 1.000000
0.970027 -0.062769 0.234750 0.000000 0.176694 0.845384 -0.504088 12.133700 -0.166813 0.530458 0.831136 0.000000 0.000000 0.000000 0.000000 1.000000
0.963337 -0.008769 0.268150 0.000000 0.166015 0.804625 -0.570103 12.133700 -0.210761 0.593719 0.776581 0.000000 0.000000 0.000000 0.000000 1.000000
0.952631 0.079008 0.293688 0.000000 0.134352 0.757007 -0.639445 12.133700 -0.272845 0.648612 0.710533 -0.000000 0.000000 0.000000 0.000000 1.000000
0.936292 0.184629 0.298781 0.000000 0.084644 0.706998 -0.702132 12.133700 -0.340871 0.682691 0.646329 0.000000 0.000000 0.000000 0.000000 1.000000
0.911661 0.294171 0.286945 -0.000000 0.020857 0.664237 -0.747231 12.133700 -0.410414 0.687207 0.599423 -0.000000 0.000000 0.000000 0.000000 1.000000
0.876762 0.402842 0.262691 0.000000 -0.048673 0.617745 -0.784871 12.133700 -0.478455 0.675359 0.561223 0.000000 0.000000 0.000000 0.000000 1.000000
0.836335 0.499304 0.226362 0.000000 -0.116215 0.564993 -0.816871 12.133700 -0.535759 0.656871 0.530549 0.000000 0.000000 0.000000 0.000000 1.000000
0.796843 0.576804 0.179826 0.000000 -0.180750 0.511584 -0.840007 12.133700 -0.576515 0.636850 0.511910 -0.000000 0.000000 0.000000 0.000000 1.000000
0.762717 0.634646 0.124449 -0.000000 -0.246746 0.463431 -0.851086 12.133700 -0.597812 0.618431 0.510063 0.000000 0.000000 0.000000 0.000000 1.000000
0.755717 0.652875 0.051440 -0.000000 -0.322455 0.439312 -0.838467 12.133700 -0.570013 0.617057 0.542518 -0.000000 0.000000 0.000000 0.000000 1.000000
0.763985 0.645015 -0.016841 0.000000 -0.374537 0.422064 -0.825581 12.133700 -0.525404 0.637039 0.564032 -0.000000 0.000000 0.000000 0.000000 1.000000
0.770247 0.631887 -0.086248 0.000000 -0.424683 0.407312 -0.808543 12.133700 -0.475778 0.659406 0.582082 0.000000 0.000000 0.000000 0.000000 1.000000
0.774170 0.614078 -0.153525 0.000000 -0.470214 0.395557 -0.788944 12.133700 -0.423745 0.682966 0.594977 0.000000 0.000000 0.000000 0.000000 1.000000
0.776110 0.592614 -0.215553 0.000000 -0.508920 0.386781 -0.769026 12.133700 -0.372364 0.706547 0.601778 0.000000 0.000000 0.000000 0.000000 1.000000
0.777010 0.568911 -0.269434 -0.000000 -0.539107 0.380434 -0.751421 12.133700 -0.324989 0.729116 0.602306 0.000000 0.000000 0.000000 0.000000 1.000000
0.801896 0.540821 -0.253919 0.000000 -0.500333 0.375587 -0.780129 12.133700 -0.326542 0.752626 0.571773 0.000000 0.000000 0.000000 0.000000 1.000000
0.829988 0.499188 -0.248861 -0.000000 -0.469660 0.384763 -0.794592 12.133700 -0.300899 0.776382 0.553797 -0.000000 0.000000 0.000000 0.000000 1.000000
0.858792 0.452129 -0.240949 0.000000 -0.436260 0.398778 -0.806631 12.133700 -0.268616 0.797844 0.539713 0.000000 0.000000 0.000000 0.000000 1.000000
0.884964 0.410335 -0.220144 0.000000 -0.393037 0.404678 -0.825686 12.133700 -0.249720 0.817227 0.519403 0.000000 0.000000 0.000000 0.000000 1.000000
0.907179 0.370651 -0.199108 0.000000 -0.351566 0.407792 -0.842678 12.133700 -0.231145 0.834460 0.500249 0.000000 0.000000 0.000000 0.000000 1.000000
0.924425 0.332585 -0.186617 -0.000000 -0.319962 0.410114 -0.854067 12.133700 -0.207516 0.849231 0.485534 0.000000 0.000000 0.000000 0.000000 1.000000
0.937598 0.297085 -0.180693 0.000000 -0.296545 0.411808 -0.861670 12.133700 -0.181579 0.861484 0.474210 0.000000 0.000000 0.000000 0.000000 1.000000
0.946348 0.265312 -0.184484 0.000000 -0.284590 0.413827 -0.864729 12.133700 -0.153078 0.870837 0.467130 0.000000 0.000000 0.000000 0.000000 1.000000
0.952767 0.236299 -0.190781 0.000000 -0.276685 0.416356 -0.866079 12.133700 -0.125220 0.877958 0.462070 0.000000 0.000000 0.000000 0.000000 1.000000
0.958454 0.209578 -0.193502 0.000000 -0.266848 0.419091 -0.867845 12.133700 -0.100787 0.883425 0.457605 -0.000000 0.000000 0.000000 0.000000 1.000000
0.963946 0.185148 -0.191122 -0.000000 -0.253707 0.422866 -0.869952 12.133700 -0.080251 0.887076 0.454594 0.000000 0.000000 0.000000 0.000000 1.000000
0.970536 0.161858 -0.178501 0.000000 -0.232101 0.428973 -0.872990 12.133700 -0.064728 0.888698 0.453901 -0.000000 0.000000 0.000000 0.000000 1.000000
0.976789 0.142125 -0.160262 0.000000 -0.207098 0.435483 -0.876051 12.133700 -0.054717 0.888906 0.454809 -0.000000 0.000000 0.000000 0.000000 1.000000
0.981931 0.129254 -0.138222 -0.000000 -0.181778 0.441132 -0.878840 12.133700 -0.052619 0.888085 0.456657 0.000000 0.000000 0.000000 0.000000 1.000000
0.986097 0.119816 -0.115139 0.000000 -0.157087 0.446187 -0.881045 12.133700 -0.054190 0.886883 0.458805 0.000000 0.000000 0.000000 0.000000 1.000000
0.988649 0.114485 -0.097292 -0.000000 -0.138823 0.448476 -0.882948 12.133700 -0.057451 0.886433 0.459278 0.000000 0.000000 0.000000 0.000000 1.000000
0.989943 0.111144 -0.087515 -0.000000 -0.128492 0.447672 -0.884918 12.133700 -0.059175 0.887263 0.457452 0.000000 0.000000 0.000000 0.000000 1.000000
0.990283 0.108760 -0.086667 0.000000 -0.126414 0.444261 -0.886934 12.133700 -0.057960 0.889271 0.453693 0.000000 0.000000 0.000000 0.000000 1.000000
0.989976 0.106487 -0.092775 0.000000 -0.130539 0.439169 -0.888870 12.133700 -0.053909 0.892071 0.448668 0.000000 0.000000 0.000000 0.000000 1.000000
0.989291 0.104133 -0.102271 0.000000 -0.137651 0.432675 -0.890980 12.133700 -0.048530 0.895516 0.442375 0.000000 0.000000 0.000000 0.000000 1.000000
0.988702 0.102268 -0.109591 0.000000 -0.142996 0.424233 -0.894191 12.133700 -0.044955 0.899760 0.434064 0.000000 0.000000 0.000000 0.000000 1.000000
0.988097 0.100433 -0.116523 0.000000 -0.148068 0.415521 -0.897451 12.133700 -0.041716 0.904022 0.425446 -0.000000 0.000000 0.000000 0.000000 1.000000
0.987464 0.098448 -0.123377 0.000000 -0.153078 0.406721 -0.900636 12.133700 -0.038486 0.908232 0.416693 0.000000 0.000000 0.000000 0.000000 1.000000
0.986783 0.096126 -0.130454 0.000000 -0.158233 0.398025 -0.903625 12.133700 -0.034937 0.912324 0.407975 -0.000000 0.000000 0.000000 0.000000 1.000000
0.986024 0.093270 -0.138047 -0.000000 -0.163741 0.389635 -0.906296 12.133700 -0.030742 0.916234 0.399462 -0.000000 0.000000 0.000000 0.000000 1.000000
0.984831 0.086551 -0.150389 0.000000 -0.172263 0.383707 -0.907246 12.133700 -0.020817 0.919390 0.392796 0.000000 0.000000 0.000000 0.000000 1.000000
0.983863 0.079324 -0.160376 0.000000 -0.178561 0.378481 -0.908223 12.133700 -0.011344 0.922204 0.386537 0.000000 0.000000 0.000000 0.000000 1.000000
0.983751 0.073825 -0.163655 0.000000 -0.179435 0.373698 -0.910029 12.133700 -0.006026 0.924608 0.380873 0.000000 0.000000 0.000000 0.000000 1.000000
0.984045 0.069112 -0.163949 -0.000000 -0.177905 0.369951 -0.911859 12.133700 -0.002367 0.926477 0.376344 0.000000 0.000000 0.000000 0.000000 1.000000
0.984953 0.065886 -0.159769 0.000000 -0.172815 0.368332 -0.913491 12.133700 -0.001338 0.927357 0.374176 -0.000000 0.000000 0.000000 0.000000 1.000000
0.985986 0.062363 -0.154733 0.000000 -0.166827 0.368550 -0.914516 12.133700 -0.000005 0.927514 0.373789 0.000000 0.000000 0.000000 0.000000 1.000000
0.986667 0.056116 -0.152774 -0.000000 -0.162664 0.371210 -0.914190 12.133700 0.005411 0.926852 0.375389 0.000000 0.000000 0.000000 0.000000 1.000000
0.987206 0.049682 -0.151510 0.000000 -0.159042 0.374562 -0.913460 12.133700 0.011367 0.925870 0.377671 0.000000 0.000000 0.000000 0.000000 1.000000
0.987694 0.044435 -0.149954 0.000000 -0.155581 0.377080 -0.913020 12.133700 0.015974 0.925114 0.379353 0.000000 0.000000 0.000000 0.000000 1.000000
0.988126 0.039355 -0.148522 -0.000000 -0.152281 0.379482 -0.912581 12.133700 0.020447 0.924362 0.380969 0.000000 0.000000 0.000000 0.000000 1.000000
0.988561 0.034761 -0.146763 0.000000 -0.148850 0.381745 -0.912203 12.133700 0.024317 0.923614 0.382552 0.000000 0.000000 0.000000 0.000000 1.000000
0.989061 0.030971 -0.144219 0.000000 -0.144994 0.383853 -0.911940 12.133700 0.027115 0.922875 0.384144 0.000000 0.000000 0.000000 0.000000 1.000000
0.989858 0.028282 -0.139219 0.000000 -0.139282 0.386162 -0.911855 12.133700 0.027972 0.921997 0.386185 0.000000 0.000000 0.000000 0.000000 1.000000
0.990746 0.026816 -0.133055 0.000000 -0.132976 0.388261 -0.911905 12.133700 0.027206 0.921159 0.388234 0.000000 0.000000 0.000000 0.000000 1.000000
0.991191 0.026679 -0.129722 0.000000 -0.129835 0.388956 -0.912062 12.133700 0.026123 0.920870 0.388994 0.000000 0.000000 0.000000 0.000000 1.000000
0.991250 0.027260 -0.129152 -0.000000 -0.129547 0.388538 -0.912281 12.133700 0.025312 0.921030 0.388669 -0.000000 0.000000 0.000000 0.000000 1.000000
0.991305 0.027853 -0.128601 0.000000 -0.129283 0.388110 -0.912500 12.133700 0.024495 0.921192 0.388336 -0.000000 0.000000 0.000000 0.000000 1.000000
0.991357 0.028460 -0.128071 -0.000000 -0.129042 0.387673 -0.912720 12.133700 0.023674 0.921358 0.387995 0.000000 0.000000 0.000000 0.000000 1.000000
0.991404 0.029079 -0.127560 0.000000 -0.128822 0.387227 -0.912940 12.133700 0.022847 0.921526 0.387644 -0.000000 0.000000 0.000000 0.000000 1.000000
0.991449 0.029709 -0.127068 -0.000000 -0.128624 0.386772 -0.913161 12.133700 0.022017 0.921697 0.387286 0.000000 0.000000 0.000000 0.000000 1.000000
0.991490 0.030351 -0.126594 0.000000 -0.128446 0.386308 -0.913382 12.133700 0.021182 0.921870 0.386919 -0.000000 0.000000 0.000000 0.000000 1.000000
0.991528 0.031004 -0.126137 -0.000000 -0.128288 0.385837 -0.913604 12.133700 0.020343 0.922046 0.386545 0.000000 0.000000 0.000000 0.000000 1.000000
0.991563 0.031666 -0.125697 -0.000000 -0.128149 0.385357 -0.913826 12.133700 0.019501 0.922224 0.386163 0.000000 0.000000 0.000000 0.000000 1.000000
0.991595 0.032339 -0.125274 -0.000000 -0.128028 0.384869 -0.914049 12.133700 0.018655 0.922405 0.385774 0.000000 0.000000 0.000000 0.000000 1.000000
0.991624 0.033020 -0.124866 -0.000000 -0.127925 0.384374 -0.914271 12.133700 0.017806 0.922587 0.385378 -0.000000 0.000000 0.000000 0.000000 1.000000
0.991650 0.033710 -0.124473 0.000000 -0.127838 0.383871 -0.914495 12.133700 0.016954 0.922771 0.384975 0.000000 0.000000 0.000000 0.000000 1.000000
0.991674 0.034408 -0.124095 0.000000 -0.127767 0.383361 -0.914718 12.133700 0.016099 0.922957 0.384565 0.000000 0.000000 0.000000 0.000000 1.000000
0.991694 0.035114 -0.123731 0.000000 -0.127711 0.382844 -0.914943 12.133700 0.015242 0.923145 0.384149 0.000000 0.000000 0.000000 0.000000 1.000000
0.991712 0.035827 -0.123381 0.000000 -0.127669 0.382321 -0.915167 12.133700 0.014383 0.923335 0.383727 -0.000000 0.000000 0.000000 0.000000 1.000000
0.991728 0.036547 -0.123043 0.000000 -0.127641 0.381791 -0.915392 12.133700 0.013522 0.923526 0.383298 -0.000000 0.000000 0.000000 0.000000 1.000000
0.991742 0.037272 -0.122717 -0.000000 -0.127626 0.381256 -0.915618 12.133700 0.012659 0.923718 0.382864 0.000000 0.000000 0.000000 0.000000 1.000000
0.991753 0.038003 -0.122403 0.000000 -0.127623 0.380714 -0.915843 12.133700 0.011795 0.923912 0.382424 0.000000 0.000000 0.000000 0.000000 1.000000
0.991762 0.038740 -0.122100 0.000000 -0.127631 0.380167 -0.916070 12.133700 0.010930 0.924106 0.381979 0.000000 0.000000 0.000000 0.000000 1.000000
0.991768 0.039480 -0.121807 0.000000 -0.127649 0.379614 -0.916296 12.133700 0.010064 0.924302 0.381529 -0.000000 0.000000 0.000000 0.000000 1.000000
0.991773 0.040225 -0.121524 0.000000 -0.127677 0.379057 -0.916523 12.133700 0.009197 0.924499 0.381074 0.000000 0.000000 0.000000 0.000000 1.000000
0.991776 0.040973 -0.121250 -0.000000 -0.127714 0.378495 -0.916750 12.133700 0.008330 0.924696 0.380615 0.000000 0.000000 0.000000 0.000000 1.000000
0.991777 0.041724 -0.120984 0.000000 -0.127759 0.377928 -0.916978 12.133700 0.007463 0.924894 0.380151 0.000000 0.000000 0.000000 0.000000 1.000000
0.991777 0.042478 -0.120727 0.000000 -0.127812 0.377357 -0.917206 12.133700 0.006596 0.925093 0.379683 -0.000000 0.000000 0.000000 0.000000 1.000000
0.991774 0.043233 -0.120476 0.000000 -0.127871 0.376782 -0.917434 12.133700 0.005730 0.925293 0.379211 0.000000 0.000000 0.000000 0.000000 1.000000
0.991771 0.043990 -0.120233 0.000000 -0.127935 0.376203 -0.917662 12.133700 0.004864 0.925492 0.378735 0.000000 0.000000 0.000000 0.000000 1.000000
0.991765 0.044748 -0.119995 0.000000 -0.128005 0.375621 -0.917891 12.133700 0.003999 0.925692 0.378256 0.000000 0.000000 0.000000 0.000000 1.000000
0.991759 0.045507 -0.119763 0.000000 -0.128079 0.375036 -0.918120 12.133700 0.003135 0.925893 0.377773 0.000000 0.000000 0.000000 0.000000 1.000000
0.991751 0.046265 -0.119536 0.000000 -0.128157 0.374447 -0.918349 12.133700 0.002272 0.926093 0.377288 -0.000000 0.000000 0.000000 0.000000 1.000000
0.991743 0.047023 -0.119313 -0.000000 -0.128237 0.373857 -0.918578 12.133700 0.001412 0.926294 0.376800 0.000000 0.000000 0.000000 0.000000 1.000000
0.991733 0.047780 -0.119093 -0.000000 -0.128319 0.373264 -0.918808 12.133700 0.000553 0.926494 0.376309 0.000000 0.000000 0.000000 0.000000 1.000000
0.991722 0.048535 -0.118877 0.000000 -0.128402 0.372669 -0.919038 12.133700 -0.000303 0.926694 0.375816 0.000000 0.000000 0.000000 0.000000 1.000000
0.991711 0.049288 -0.118662 0.000000 -0.128486 0.372072 -0.919268 12.133700 -0.001158 0.926894 0.375321 -0.000000 0.000000 0.000000 0.000000 1.000000
0.991698 0.050038 -0.118450 -0.000000 -0.128569 0.371475 -0.919498 12.133700 -0.002009 0.927094 0.374824 0.000000 0.000000 0.000000 0.000000 1.000000
0.991686 0.050785 -0.118238 0.000000 -0.128651 0.370875 -0.919728 12.133700 -0.002857 0.927293 0.374325 0.000000 0.000000 0.000000 0.000000 1.000000
0.991673 0.051529 -0.118026 -0.000000 -0.128731 0.370275 -0.919959 12.133700 -0.003703 0.927492 0.373825 -0.000000 0.000000 0.000000 0.000000 1.000000
0.991659 0.052269 -0.117815 0.000000 -0.128809 0.369675 -0.920189 12.133700 -0.004544 0.927690 0.373324 -0.000000 0.000000 0.000000 0.000000 1.000000
0.991645 0.053004 -0.117602 -0.000000 -0.128882 0.369074 -0.920420 12.133700 -0.005382 0.927887 0.372822 0.000000 0.000000 0.000000 0.000000 1.000000
0.991631 0.053734 -0.117387 0.000000 -0.128952 0.368474 -0.920651 12.133700 -0.006216 0.928084 0.372320 0.000000 0.000000 0.000000 0.000000 1.000000
0.991617 0.054459 -0.117171 -0.000000 -0.129016 0.367874 -0.920882 12.133700 -0.007046 0.928280 0.371816 0.000000 0.000000 0.000000 0.000000 1.000000
0.991604 0.055177 -0.116951 0.000000 -0.129074 0.367275 -0.921113 12.133700 -0.007871 0.928474 0.371313 0.000000 0.000000 0.000000 0.000000 1.000000
0.991590 0.055889 -0.116728 0.000000 -0.129126 0.366676 -0.921344 12.133700 -0.008692 0.928668 0.370809 0.000000 0.000000 0.000000 0.000000 1.000000
0.991577 0.056594 -0.116501 -0.000000 -0.129171 0.366079 -0.921575 12.133700 -0.009507 0.928861 0.370306 0.000000 0.000000 0.000000 0.000000 1.000000
0.991564 0.057292 -0.116269 0.000000 -0.129207 0.365484 -0.921806 12.133700 -0.010318 0.929053 0.369803 -0.000000 0.000000 0.000000 0.000000 1.000000
0.991552 0.057981 -0.116031 0.000000 -0.129234 0.364891 -0.922038 12.133700 -0.011122 0.929243 0.369301 -0.000000 0.000000 0.000000 0.000000 1.000000
0.991540 0.058663 -0.115787 0.000000 -0.129251 0.364300 -0.922269 12.133700 -0.011921 0.929432 0.368800 -0.000000 0.000000 0.000000 0.000000 1.000000
0.991530 0.059335 -0.115536 0.000000 -0.129258 0.363711 -0.922500 12.133700 -0.012714 0.929620 0.368300 0.000000 0.000000 0.000000 0.000000 1.000000
0.991520 0.059997 -0.115278 0.000000 -0.129253 0.363126 -0.922731 12.133700 -0.013501 0.929806 0.367801 0.000000 0.000000 0.000000 0.000000 1.000000
0.991511 0.060650 -0.115011 0.000000 -0.129236 0.362543 -0.922963 12.133700 -0.014281 0.929991 0.367304 0.000000 0.000000 0.000000 0.000000 1.000000
0.991503 0.061293 -0.114736 0.000000 -0.129207 0.361965 -0.923194 12.133700 -0.015055 0.930175 0.366809 -0.000000 0.000000 0.000000 0.000000 1.000000
0.991497 0.061924 -0.114450 -0.000000 -0.129163 0.361390 -0.923425 12.133700 -0.015821 0.930356 0.366316 0.000000 0.000000 0.000000 0.000000 1.000000
0.991790 0.058181 -0.113874 0.000000 -0.127240 0.360275 -0.924128 12.133700 -0.012741 0.931030 0.364720 0.000000 0.000000 0.000000 0.000000 1.000000
0.992025 0.054580 -0.113611 -0.000000 -0.125676 0.359758 -0.924543 12.133700 -0.009589 0.931448 0.363749 0.000000 0.000000 0.000000 0.000000 1.000000
0.992255 0.051203 -0.113174 -0.000000 -0.124038 0.359466 -0.924878 12.133700 -0.006674 0.931753 0.363033 0.000000 0.000000 0.000000 0.000000 1.000000
0.992558 0.048809 -0.111566 0.000000 -0.121672 0.359724 -0.925092 12.133700 -0.005020 0.931781 0.362986 0.000000 0.000000 0.000000 0.000000 1.000000
0.992867 0.048544 -0.108896 0.000000 -0.119090 0.360231 -0.925230 12.133700 -0.005686 0.931599 0.363442 0.000000 0.000000 0.000000 0.000000 1.000000
0.993087 0.048724 -0.106794 0.000000 -0.117201 0.360744 -0.925272 12.133700 -0.006558 0.931391 0.363961 0.000000 0.000000 0.000000 0.000000 1.000000
0.993073 0.049058 -0.106770 0.000000 -0.117304 0.361218 -0.925074 12.133700 -0.006815 0.931190 0.364471 -0.000000 0.000000 0.000000 0.000000 1.000000
0.992980 0.049092 -0.107615 0.000000 -0.118104 0.361461 -0.924877 12.133700 -0.006506 0.931094 0.364722 -0.000000 0.000000 0.000000 0.000000 1.000000
0.992915 0.047988 -0.108709 0.000000 -0.118719 0.361156 -0.924917 12.133700 -0.005124 0.931270 0.364294 0.000000 0.000000 0.000000 0.000000 1.000000
0.992863 0.046592 -0.109783 0.000000 -0.119209 0.360638 -0.925056 12.133700 -0.003508 0.931541 0.363619 0.000000 0.000000 0.000000 0.000000 1.000000
0.992906 0.045755 -0.109746 -0.000000 -0.118869 0.360106 -0.925308 12.133700 -0.002818 0.931789 0.362990 -0.000000 0.000000 0.000000 0.000000 1.000000
0.993000 0.045142 -0.109146 0.000000 -0.118086 0.359808 -0.925524 12.133700 -0.002508 0.931934 0.362620 0.000000 0.000000 0.000000 0.000000 1.000000
0.993080 0.045305 -0.108349 0.000000 -0.117403 0.359778 -0.925622 12.133700 -0.002954 0.931937 0.362607 -0.000000 0.000000 0.000000 0.000000 1.000000
0.993156 0.045619 -0.107521 0.000000 -0.116745 0.359795 -0.925699 12.133700 -0.003544 0.931915 0.362658 -0.000000 0.000000 0.000000 0.000000 1.000000
0.993218 0.046014 -0.106778 0.000000 -0.116196 0.359761 -0.925781 12.133700 -0.004185 0.931909 0.362668 0.000000 0.000000 0.000000 0.000000 1.000000
0.993211 0.046792 -0.106502 0.000000 -0.116219 0.359436 -0.925904 12.133700 -0.005044 0.931996 0.362434 0.000000 0.000000 0.000000 0.000000 1.000000
0.993192 0.046952 -0.106607 0.000000 -0.116370 0.358755 -0.926150 12.133700 -0.005239 0.932250 0.361776 0.000000 0.000000 0.000000 0.000000 1.000000
0.993157 0.046495 -0.107137 0.000000 -0.116695 0.357918 -0.926432 12.133700 -0.004728 0.932595 0.360894 -0.000000 0.000000 0.000000 0.000000 1.000000
0.993108 0.046324 -0.107662 -0.000000 -0.117120 0.357311 -0.926613 12.133700 -0.004456 0.932836 0.360274 -0.000000 0.000000 0.000000 0.000000 1.000000
0.993057 0.046231 -0.108173 -0.000000 -0.117561 0.356768 -0.926767 12.133700 -0.004253 0.933049 0.359725 0.000000 0.000000 0.000000 0.000000 1.000000
0.993008 0.046522 -0.108493 0.000000 -0.117963 0.356554 -0.926798 12.133700 -0.004433 0.933116 0.359549 0.000000 0.000000 0.000000 0.000000 1.000000
0.992961 0.047212 -0.108622 -0.000000 -0.118332 0.356671 -0.926706 12.133700 -0.005009 0.933036 0.359747 0.000000 0.000000 0.000000 0.000000 1.000000
0.992913 0.048067 -0.108688 0.000000 -0.118703 0.356915 -0.926564 12.133700 -0.005745 0.932900 0.360091 0.000000 0.000000 0.000000 0.000000 1.000000
0.992865 0.049018 -0.108706 -0.000000 -0.119065 0.357239 -0.926393 12.133700 -0.006576 0.932726 0.360527 -0.000000 0.000000 0.000000 0.000000 1.000000
0.992818 0.049997 -0.108689 0.000000 -0.119405 0.357601 -0.926209 12.133700 -0.007440 0.932535 0.361003 -0.000000 0.000000 0.000000 0.000000 1.000000
0.992774 0.050935 -0.108651 0.000000 -0.119712 0.357956 -0.926033 12.133700 -0.008276 0.932348 0.361467 0.000000 0.000000 0.000000 0.000000 1.000000
0.992736 0.051766 -0.108608 0.000000 -0.119975 0.358259 -0.925881 12.133700 -0.009020 0.932186 0.361867 0.000000 0.000000 0.000000 0.000000 1.000000
0.992777 0.051800 -0.108213 0.000000 -0.119620 0.358404 -0.925871 12.133700 -0.009176 0.932128 0.362012 0.000000 0.000000 0.000000 0.000000 1.000000
0.992863 0.051514 -0.107559 0.000000 -0.118908 0.358535 -0.925912 12.133700 -0.009133 0.932094 0.362101 -0.000000 0.000000 0.000000 0.000000 1.000000
0.992957 0.051174 -0.106857 -0.000000 -0.118132 0.358663 -0.925962 12.133700 -0.009060 0.932063 0.362183 -0.000000 0.000000 0.000000 0.000000 1.000000
0.993043 0.050945 -0.106163 0.000000 -0.117403 0.358814 -0.925996 12.133700 -0.009083 0.932018 0.362298 -0.000000 0.000000 0.000000 0.000000 1.000000
0.993091 0.051324 -0.105526 -0.000000 -0.116949 0.359079 -0.925951 12.133700 -0.009632 0.931895 0.362600 0.000000 0.000000 0.000000 0.000000 1.000000</float_array>
        <technique_common>
          <accessor source="#mixamorig_RightArm-Matrix-animation-output-transform-array" count="184" stride="16">
            <param type="float4x4"/>
          </accessor>
        </technique_common>
      </source>
      <source id="mixamorig_RightArm-Interpolations">
        <Name_array id="mixamorig_RightArm-Interpolations-array" count="184">
 LINEAR LINEAR LINEAR LINEAR LINEAR LINEAR LINEAR LINEAR LINEAR LINEAR LINEAR
LINEAR LINEAR LINEAR LINEAR LINEAR LINEAR LINEAR LINEAR LINEAR LINEAR LINEAR LINEAR
LINEAR LINEAR LINEAR LINEAR LINEAR LINEAR LINEAR LINEAR LINEAR LINEAR LINEAR LINEAR
LINEAR LINEAR LINEAR LINEAR LINEAR LINEAR LINEAR LINEAR LINEAR LINEAR LINEAR LINEAR
LINEAR LINEAR LINEAR LINEAR LINEAR LINEAR LINEAR LINEAR LINEAR LINEAR LINEAR LINEAR
LINEAR LINEAR LINEAR LINEAR LINEAR LINEAR LINEAR LINEAR LINEAR LINEAR LINEAR LINEAR
LINEAR LINEAR LINEAR LINEAR LINEAR LINEAR LINEAR LINEAR LINEAR LINEAR LINEAR LINEAR
LINEAR LINEAR LINEAR LINEAR LINEAR LINEAR LINEAR LINEAR LINEAR LINEAR LINEAR LINEAR
LINEAR LINEAR LINEAR LINEAR LINEAR LINEAR LINEAR LINEAR LINEAR LINEAR LINEAR LINEAR
LINEAR LINEAR LINEAR LINEAR LINEAR LINEAR LINEAR LINEAR LINEAR LINEAR LINEAR LINEAR
LINEAR LINEAR LINEAR LINEAR LINEAR LINEAR LINEAR LINEAR LINEAR LINEAR LINEAR LINEAR
LINEAR LINEAR LINEAR LINEAR LINEAR LINEAR LINEAR LINEAR LINEAR LINEAR LINEAR LINEAR
LINEAR LINEAR LINEAR LINEAR LINEAR LINEAR LINEAR LINEAR LINEAR LINEAR LINEAR LINEAR
LINEAR LINEAR LINEAR LINEAR LINEAR LINEAR LINEAR LINEAR LINEAR LINEAR LINEAR LINEAR
LINEAR LINEAR LINEAR LINEAR LINEAR LINEAR LINEAR LINEAR LINEAR LINEAR LINEAR LINEAR
LINEAR LINEAR LINEAR LINEAR LINEAR</Name_array>
        <technique_common>
          <accessor source="#mixamorig_RightArm-Interpolations-array" count="184">
            <param type="name"/>
          </accessor>
        </technique_common>
      </source>
      <sampler id="mixamorig_RightArm-Matrix-animation-transform">
        <input semantic="INPUT" source="#mixamorig_RightArm-Matrix-animation-input"/>
        <input semantic="OUTPUT" source="#mixamorig_RightArm-Matrix-animation-output-transform"/>
        <input semantic="INTERPOLATION" source="#mixamorig_RightArm-Interpolations"/>
      </sampler>
      <channel source="#mixamorig_RightArm-Matrix-animation-transform" target="mixamorig_RightArm/matrix"/>
    </animation>
    <animation id="mixamorig_RightForeArm-anim" name="mixamorig_RightForeArm">
      <source id="mixamorig_RightForeArm-Matrix-animation-input">
        <float_array id="mixamorig_RightForeArm-Matrix-animation-input-array" count="184">

0.000000 0.033333 0.066667 0.100000 0.133333 0.166667 0.200000 0.233333 0.266667 0.300000 0.333333 0.366667 0.400000 0.433333 0.466667 0.500000
0.533333 0.566667 0.600000 0.633333 0.666667 0.700000 0.733333 0.766667 0.800000 0.833333 0.866667 0.900000 0.933333 0.966667 1.000000 1.033333
1.066667 1.100000 1.133333 1.166667 1.200000 1.233333 1.266667 1.300000 1.333333 1.366667 1.400000 1.433333 1.466667 1.500000 1.533333 1.566667
1.600000 1.633333 1.666667 1.700000 1.733333 1.766667 1.800000 1.833333 1.866667 1.900000 1.933333 1.966667 2.000000 2.033333 2.066667 2.100000
2.133333 2.166667 2.200000 2.233333 2.266667 2.300000 2.333333 2.366667 2.400000 2.433333 2.466667 2.500000 2.533333 2.566667 2.600000 2.633333
2.666667 2.700000 2.733333 2.766667 2.800000 2.833333 2.866667 2.900000 2.933333 2.966667 3.000000 3.033333 3.066667 3.100000 3.133333 3.166667
3.200000 3.233333 3.266667 3.300000 3.333333 3.366667 3.400000 3.433333 3.466667 3.500000 3.533333 3.566667 3.600000 3.633333 3.666667 3.700000
3.733333 3.766667 3.800000 3.833333 3.866667 3.900000 3.933333 3.966667 4.000000 4.033333 4.066667 4.100000 4.133333 4.166667 4.200000 4.233333
4.266667 4.300000 4.333333 4.366667 4.400000 4.433333 4.466667 4.500000 4.533333 4.566667 4.600000 4.633333 4.666667 4.700000 4.733333 4.766667
4.800000 4.833333 4.866667 4.900000 4.933333 4.966667 5.000000 5.033333 5.066667 5.100000 5.133333 5.166667 5.200000 5.233333 5.266667 5.300000
5.333333 5.366667 5.400000 5.433333 5.466667 5.500000 5.533333 5.566667 5.600000 5.633333 5.666667 5.700000 5.733333 5.766667 5.800000 5.833333
5.866667 5.900000 5.933333 5.966667 6.000000 6.033333 6.066667 6.100000</float_array>
        <technique_common>
          <accessor source="#mixamorig_RightForeArm-Matrix-animation-input-array" count="184">
            <param name="TIME" type="float"/>
          </accessor>
        </technique_common>
      </source>
      <source id="mixamorig_RightForeArm-Matrix-animation-output-transform">
        <float_array id="mixamorig_RightForeArm-Matrix-animation-output-transform-array" count="2944">

0.990583 0.135765 0.017691 -0.000000 -0.135336 0.990521 -0.023505 24.384300 -0.020715 0.020890 0.999567 0.000000 0.000000 0.000000 0.000000 1.000000
0.990445 0.136770 0.017667 -0.000000 -0.136339 0.990379 -0.023679 24.384300 -0.020736 0.021044 0.999563 0.000000 0.000000 0.000000 0.000000 1.000000
0.990290 0.137894 0.017641 0.000000 -0.137458 0.990220 -0.023874 24.384300 -0.020760 0.021217 0.999559 -0.000000 0.000000 0.000000 0.000000 1.000000
0.990069 0.139478 0.017602 0.000000 -0.139038 0.989993 -0.024148 24.384300 -0.020794 0.021461 0.999553 0.000000 0.000000 0.000000 0.000000 1.000000
0.989813 0.141290 0.017558 -0.000000 -0.140844 0.989730 -0.024461 24.384300 -0.020834 0.021739 0.999547 0.000000 0.000000 0.000000 0.000000 1.000000
0.989593 0.142821 0.017520 -0.000000 -0.142371 0.989504 -0.024727 24.384300 -0.020867 0.021975 0.999541 0.000000 0.000000 0.000000 0.000000 1.000000
0.989486 0.143565 0.017501 0.000000 -0.143113 0.989394 -0.024855 24.384300 -0.020883 0.022090 0.999538 -0.000000 0.000000 0.000000 0.000000 1.000000
0.989512 0.143385 0.017505 -0.000000 -0.142933 0.989421 -0.024824 24.384300 -0.020879 0.022062 0.999539 -0.000000 0.000000 0.000000 0.000000 1.000000
0.989619 0.142645 0.017524 0.000000 -0.142195 0.989531 -0.024696 24.384300 -0.020863 0.021948 0.999541 0.000000 0.000000 0.000000 0.000000 1.000000
0.989770 0.141591 0.017550 0.000000 -0.141144 0.989685 -0.024513 24.384300 -0.020840 0.021785 0.999545 0.000000 0.000000 0.000000 0.000000 1.000000
0.989929 0.140468 0.017578 -0.000000 -0.140025 0.989849 -0.024319 24.384300 -0.020816 0.021613 0.999550 0.000000 0.000000 0.000000 0.000000 1.000000
0.990063 0.139522 0.017601 -0.000000 -0.139082 0.989986 -0.024155 24.384300 -0.020795 0.021467 0.999553 0.000000 0.000000 0.000000 0.000000 1.000000
0.990148 0.138910 0.017616 0.000000 -0.138472 0.990074 -0.024050 24.384300 -0.020782 0.021374 0.999556 0.000000 0.000000 0.000000 0.000000 1.000000
0.990265 0.138074 0.017636 0.000000 -0.137638 0.990194 -0.023905 24.384300 -0.020764 0.021245 0.999559 -0.000000 0.000000 0.000000 0.000000 1.000000
0.990383 0.137220 0.017657 0.000000 -0.136787 0.990316 -0.023757 24.384300 -0.020746 0.021113 0.999562 -0.000000 0.000000 0.000000 0.000000 1.000000
0.990447 0.136757 0.017668 0.000000 -0.136326 0.990381 -0.023677 24.384300 -0.020736 0.021042 0.999564 0.000000 0.000000 0.000000 0.000000 1.000000
0.990462 0.136650 0.017670 0.000000 -0.136219 0.990396 -0.023658 24.384300 -0.020733 0.021026 0.999564 0.000000 0.000000 0.000000 0.000000 1.000000
0.990469 0.136600 0.017671 0.000000 -0.136169 0.990403 -0.023650 24.384300 -0.020732 0.021018 0.999564 0.000000 0.000000 0.000000 0.000000 1.000000
0.990466 0.136618 0.017671 0.000000 -0.136187 0.990401 -0.023653 24.384300 -0.020733 0.021021 0.999564 -0.000000 0.000000 0.000000 0.000000 1.000000
0.990453 0.136715 0.017668 0.000000 -0.136284 0.990387 -0.023670 24.384300 -0.020735 0.021036 0.999564 0.000000 0.000000 0.000000 0.000000 1.000000
0.990427 0.136904 0.017664 0.000000 -0.136472 0.990360 -0.023702 24.384300 -0.020739 0.021065 0.999563 0.000000 0.000000 0.000000 0.000000 1.000000
0.990387 0.137196 0.017657 0.000000 -0.136763 0.990319 -0.023753 24.384300 -0.020745 0.021109 0.999562 0.000000 0.000000 0.000000 0.000000 1.000000
0.990330 0.137602 0.017647 0.000000 -0.137168 0.990261 -0.023823 24.384300 -0.020754 0.021172 0.999560 0.000000 0.000000 0.000000 0.000000 1.000000
0.989925 0.140494 0.017577 0.000000 -0.140051 0.989845 -0.024324 24.384300 -0.020816 0.021617 0.999550 0.000000 0.000000 0.000000 0.000000 1.000000
0.989262 0.145104 0.017462 0.000000 -0.144646 0.989165 -0.025122 24.384300 -0.020918 0.022327 0.999532 0.000000 0.000000 0.000000 0.000000 1.000000
0.988404 0.150858 0.017313 0.000000 -0.150382 0.988283 -0.026118 24.384300 -0.021050 0.023212 0.999509 -0.000000 0.000000 0.000000 0.000000 1.000000
0.987365 0.157533 0.017132 0.000000 -0.157036 0.987216 -0.027273 24.384300 -0.021210 0.024238 0.999481 0.000000 0.000000 0.000000 0.000000 1.000000
0.985929 0.166311 0.016883 0.000000 -0.165786 0.985741 -0.028793 24.384300 -0.021431 0.025589 0.999443 0.000000 0.000000 0.000000 0.000000 1.000000
0.982664 0.184675 0.016316 -0.000000 -0.184093 0.982389 -0.031973 24.384300 -0.021933 0.028415 0.999356 0.000000 0.000000 0.000000 0.000000 1.000000
0.975693 0.218619 0.015105 0.000000 -0.217930 0.975230 -0.037850 24.384300 -0.023006 0.033638 0.999169 0.000000 0.000000 0.000000 0.000000 1.000000
0.962837 0.269775 0.012872 -0.000000 -0.268924 0.962028 -0.046707 24.384300 -0.024984 0.041509 0.998826 0.000000 0.000000 0.000000 0.000000 1.000000
0.943478 0.331299 0.009510 -0.000000 -0.330254 0.942148 -0.057358 24.384300 -0.027962 0.050975 0.998308 0.000000 0.000000 0.000000 0.000000 1.000000
0.917994 0.396562 0.005084 0.000000 -0.395311 0.915978 -0.068657 24.384300 -0.031884 0.061017 0.997627 0.000000 0.000000 0.000000 0.000000 1.000000
0.888001 0.459841 -0.000125 -0.000000 -0.458390 0.885178 -0.079613 24.384300 -0.036498 0.070754 0.996826 0.000000 0.000000 0.000000 0.000000 1.000000
0.841368 0.540425 -0.006362 0.000000 -0.538571 0.837381 -0.093454 24.384300 -0.045178 0.082056 0.995603 0.000000 0.000000 0.000000 0.000000 1.000000
0.785737 0.618368 -0.015439 0.000000 -0.616185 0.780288 -0.107085 24.384300 -0.054171 0.093654 0.994130 0.000000 0.000000 0.000000 0.000000 1.000000
0.721120 0.692272 -0.027315 0.000000 -0.689888 0.713902 -0.119995 24.384300 -0.063569 0.105375 0.992399 -0.000000 0.000000 0.000000 0.000000 1.000000
0.647739 0.760712 -0.041854 0.000000 -0.758312 0.638449 -0.131702 24.384300 -0.073466 0.117047 0.990405 0.000000 0.000000 0.000000 0.000000 1.000000
0.550653 0.832667 -0.058715 0.000000 -0.830040 0.538750 -0.144160 24.384300 -0.088404 0.128118 0.987811 -0.000000 0.000000 0.000000 0.000000 1.000000
0.414105 0.906596 -0.081244 0.000000 -0.903566 0.398652 -0.156990 24.384300 -0.109938 0.138420 0.984253 0.000000 0.000000 0.000000 0.000000 1.000000
0.257387 0.960067 -0.109649 -0.000000 -0.957038 0.237591 -0.166217 24.384300 -0.133528 0.147720 0.979974 0.000000 0.000000 0.000000 0.000000 1.000000
0.074527 0.987142 -0.141408 0.000000 -0.984028 0.049810 -0.170904 24.384300 -0.161663 0.151886 0.975087 0.000000 0.000000 0.000000 0.000000 1.000000
-0.079647 0.982533 -0.168184 0.000000 -0.979433 -0.108514 -0.170106 24.384300 -0.185385 0.151177 0.970967 0.000000 0.000000 0.000000 0.000000 1.000000
-0.179993 0.966045 -0.185363 0.000000 -0.962967 -0.211505 -0.167216 24.384300 -0.200743 0.148401 0.968339 0.000000 0.000000 0.000000 0.000000 1.000000
-0.251144 0.947489 -0.197970 -0.000000 -0.944499 -0.284626 -0.164039 24.384300 -0.211773 0.145785 0.966385 0.000000 0.000000 0.000000 0.000000 1.000000
-0.285238 0.936471 -0.204111 0.000000 -0.933552 -0.319684 -0.162120 24.384300 -0.217072 0.144305 0.965430 0.000000 0.000000 0.000000 0.000000 1.000000
-0.288708 0.935323 -0.204494 0.000000 -0.932373 -0.323201 -0.161933 24.384300 -0.217553 0.143913 0.965381 0.000000 0.000000 0.000000 0.000000 1.000000
-0.272587 0.940596 -0.202423 0.000000 -0.937762 -0.306788 -0.162737 24.384300 -0.215171 0.145465 0.965682 0.000000 0.000000 0.000000 0.000000 1.000000
-0.209562 0.959009 -0.190748 -0.000000 -0.955984 -0.241925 -0.166034 24.384300 -0.205375 0.147557 0.967496 0.000000 0.000000 0.000000 0.000000 1.000000
-0.068854 0.983404 -0.167853 0.000000 -0.980827 -0.097477 -0.168752 24.384300 -0.182313 0.153016 0.971261 0.000000 0.000000 0.000000 0.000000 1.000000
0.139459 0.981640 -0.130131 0.000000 -0.978543 0.116490 -0.169952 24.384300 -0.151672 0.151040 0.976823 0.000000 0.000000 0.000000 0.000000 1.000000
0.401470 0.912722 -0.075901 0.000000 -0.908523 0.386401 -0.158996 24.384300 -0.115790 0.132790 0.984357 0.000000 0.000000 0.000000 0.000000 1.000000
0.656543 0.753626 -0.031615 0.000000 -0.750350 0.648262 -0.129349 24.384300 -0.076986 0.108645 0.991095 0.000000 0.000000 0.000000 0.000000 1.000000
0.838091 0.545459 -0.008793 0.000000 -0.543738 0.833925 -0.094436 24.384300 -0.044178 0.083927 0.995492 0.000000 0.000000 0.000000 0.000000 1.000000
0.935032 0.354498 0.006797 -0.000000 -0.353405 0.933353 -0.062908 24.384300 -0.028644 0.056419 0.997996 -0.000000 0.000000 0.000000 0.000000 1.000000
0.979334 0.201636 0.015738 0.000000 -0.201000 0.978969 -0.034909 24.384300 -0.022446 0.031025 0.999267 -0.000000 0.000000 0.000000 0.000000 1.000000
0.985157 0.170837 0.016749 0.000000 -0.170298 0.984949 -0.029577 24.384300 -0.021549 0.026286 0.999422 0.000000 0.000000 0.000000 0.000000 1.000000
0.981836 0.189028 0.016349 0.000000 -0.188427 0.981542 -0.032722 24.384300 -0.022233 0.029047 0.999331 0.000000 0.000000 0.000000 0.000000 1.000000
0.976701 0.214039 0.015581 0.000000 -0.213354 0.976272 -0.037055 24.384300 -0.023143 0.032867 0.999192 0.000000 0.000000 0.000000 0.000000 1.000000
0.970496 0.240682 0.014495 0.000000 -0.239912 0.969900 -0.041673 24.384300 -0.024088 0.036966 0.999026 0.000000 0.000000 0.000000 0.000000 1.000000
0.964465 0.263875 0.013316 0.000000 -0.263036 0.963703 -0.045690 24.384300 -0.024889 0.040563 0.998867 0.000000 0.000000 0.000000 0.000000 1.000000
0.960308 0.278666 0.012433 -0.000000 -0.277786 0.959431 -0.048246 24.384300 -0.025373 0.042877 0.998758 0.000000 0.000000 0.000000 0.000000 1.000000
0.974079 0.225723 0.014825 0.000000 -0.225011 0.973572 -0.039080 24.384300 -0.023254 0.034731 0.999126 0.000000 0.000000 0.000000 0.000000 1.000000
0.979849 0.199111 0.015827 0.000000 -0.198483 0.979498 -0.034472 24.384300 -0.022366 0.030636 0.999280 -0.000000 0.000000 0.000000 0.000000 1.000000
0.981563 0.190456 0.016125 -0.000000 -0.189855 0.981258 -0.032973 24.384300 -0.022102 0.029304 0.999326 0.000000 0.000000 0.000000 0.000000 1.000000
0.983169 0.181959 0.016407 0.000000 -0.181385 0.982907 -0.031502 24.384300 -0.021859 0.027996 0.999369 0.000000 0.000000 0.000000 0.000000 1.000000
0.984302 0.175708 0.016601 0.000000 -0.175153 0.984071 -0.030420 24.384300 -0.021681 0.027035 0.999399 -0.000000 0.000000 0.000000 0.000000 1.000000
0.984341 0.175490 0.016606 0.000000 -0.174937 0.984111 -0.030383 24.384300 -0.021674 0.027002 0.999400 -0.000000 0.000000 0.000000 0.000000 1.000000
0.984024 0.177264 0.016552 0.000000 -0.176705 0.983785 -0.030690 24.384300 -0.021724 0.027274 0.999392 0.000000 0.000000 0.000000 0.000000 1.000000
0.983787 0.178581 0.016510 0.000000 -0.178017 0.983542 -0.030918 24.384300 -0.021760 0.027477 0.999386 0.000000 0.000000 0.000000 0.000000 1.000000
0.983815 0.178425 0.016516 0.000000 -0.177863 0.983570 -0.030891 24.384300 -0.021756 0.027453 0.999386 0.000000 0.000000 0.000000 0.000000 1.000000
0.984522 0.174467 0.016638 0.000000 -0.173916 0.984297 -0.030205 24.384300 -0.021647 0.026844 0.999405 -0.000000 0.000000 0.000000 0.000000 1.000000
0.985610 0.168194 0.016828 0.000000 -0.167664 0.985414 -0.029120 24.384300 -0.021480 0.025879 0.999434 0.000000 0.000000 0.000000 0.000000 1.000000
0.986921 0.160299 0.017055 0.000000 -0.159794 0.986760 -0.027753 24.384300 -0.021278 0.024664 0.999469 -0.000000 0.000000 0.000000 0.000000 1.000000
0.988406 0.150845 0.017313 0.000000 -0.150369 0.988285 -0.026116 24.384300 -0.021050 0.023210 0.999509 -0.000000 0.000000 0.000000 0.000000 1.000000
0.990042 0.139668 0.017603 -0.000000 -0.139227 0.989965 -0.024181 24.384300 -0.020803 0.021489 0.999553 0.000000 0.000000 0.000000 0.000000 1.000000
0.991595 0.128141 0.017867 0.000000 -0.127736 0.991560 -0.022186 24.384300 -0.020559 0.019717 0.999594 -0.000000 0.000000 0.000000 0.000000 1.000000
0.992759 0.118754 0.018069 0.000000 -0.118380 0.992756 -0.020560 24.384300 -0.020380 0.018272 0.999625 -0.000000 0.000000 0.000000 0.000000 1.000000
0.993356 0.113642 0.018173 0.000000 -0.113283 0.993368 -0.019675 24.384300 -0.020288 0.017485 0.999641 0.000000 0.000000 0.000000 0.000000 1.000000
0.993350 0.113687 0.018172 0.000000 -0.113328 0.993363 -0.019683 24.384300 -0.020289 0.017492 0.999641 0.000000 0.000000 0.000000 0.000000 1.000000
0.992852 0.117972 0.018085 -0.000000 -0.117600 0.992851 -0.020425 24.384300 -0.020366 0.018152 0.999628 0.000000 0.000000 0.000000 0.000000 1.000000
0.992095 0.124194 0.017954 0.000000 -0.123802 0.992074 -0.021502 24.384300 -0.020482 0.019109 0.999608 -0.000000 0.000000 0.000000 0.000000 1.000000
0.991716 0.127201 0.017889 0.000000 -0.126799 0.991684 -0.022022 24.384300 -0.020542 0.019572 0.999597 0.000000 0.000000 0.000000 0.000000 1.000000
0.991381 0.129788 0.017832 0.000000 -0.129379 0.991341 -0.022470 24.384300 -0.020594 0.019970 0.999588 -0.000000 0.000000 0.000000 0.000000 1.000000
0.991059 0.132235 0.017776 0.000000 -0.131818 0.991010 -0.022894 24.384300 -0.020643 0.020346 0.999580 0.000000 0.000000 0.000000 0.000000 1.000000
0.990712 0.134817 0.017715 -0.000000 -0.134391 0.990653 -0.023341 24.384300 -0.020696 0.020744 0.999571 0.000000 0.000000 0.000000 0.000000 1.000000
0.990301 0.137811 0.017642 0.000000 -0.137376 0.990231 -0.023860 24.384300 -0.020758 0.021205 0.999560 0.000000 0.000000 0.000000 0.000000 1.000000
0.989429 0.143960 0.017491 0.000000 -0.143506 0.989336 -0.024924 24.384300 -0.020892 0.022150 0.999536 0.000000 0.000000 0.000000 0.000000 1.000000
0.988645 0.149265 0.017354 0.000000 -0.148794 0.988530 -0.025842 24.384300 -0.021013 0.022966 0.999515 0.000000 0.000000 0.000000 0.000000 1.000000
0.988752 0.148552 0.017372 -0.000000 -0.148083 0.988640 -0.025719 24.384300 -0.020995 0.022857 0.999518 0.000000 0.000000 0.000000 0.000000 1.000000
0.989205 0.145494 0.017452 -0.000000 -0.145035 0.989106 -0.025189 24.384300 -0.020927 0.022386 0.999530 -0.000000 0.000000 0.000000 0.000000 1.000000
0.990151 0.138889 0.017619 0.000000 -0.138451 0.990077 -0.024046 24.384300 -0.020784 0.021370 0.999556 -0.000000 0.000000 0.000000 0.000000 1.000000
0.991019 0.132534 0.017767 -0.000000 -0.132116 0.990969 -0.022946 24.384300 -0.020648 0.020392 0.999579 0.000000 0.000000 0.000000 0.000000 1.000000
0.991194 0.131220 0.017796 0.000000 -0.130806 0.991148 -0.022718 24.384300 -0.020619 0.020190 0.999584 0.000000 0.000000 0.000000 0.000000 1.000000
0.991248 0.130803 0.017807 0.000000 -0.130391 0.991204 -0.022646 24.384300 -0.020612 0.020126 0.999585 -0.000000 0.000000 0.000000 0.000000 1.000000
0.991506 0.128833 0.017852 0.000000 -0.128427 0.991468 -0.022305 24.384300 -0.020573 0.019823 0.999592 0.000000 0.000000 0.000000 0.000000 1.000000
0.991788 0.126635 0.017901 -0.000000 -0.126235 0.991758 -0.021924 24.384300 -0.020529 0.019485 0.999599 0.000000 0.000000 0.000000 0.000000 1.000000
0.992104 0.124128 0.017955 0.000000 -0.123737 0.992082 -0.021490 24.384300 -0.020480 0.019099 0.999608 0.000000 0.000000 0.000000 0.000000 1.000000
0.992461 0.121233 0.018017 0.000000 -0.120851 0.992449 -0.020989 24.384300 -0.020426 0.018653 0.999617 -0.000000 0.000000 0.000000 0.000000 1.000000
0.993018 0.116568 0.018116 0.000000 -0.116200 0.993021 -0.020181 24.384300 -0.020342 0.017935 0.999632 0.000000 0.000000 0.000000 0.000000 1.000000
0.993625 0.111257 0.018220 0.000000 -0.110906 0.993644 -0.019262 24.384300 -0.020248 0.017118 0.999648 0.000000 0.000000 0.000000 0.000000 1.000000
0.993876 0.108985 0.018263 0.000000 -0.108641 0.993902 -0.018869 24.384300 -0.020208 0.016769 0.999655 0.000000 0.000000 0.000000 0.000000 1.000000
0.993822 0.109474 0.018256 0.000000 -0.109128 0.993847 -0.018953 24.384300 -0.020219 0.016844 0.999654 0.000000 0.000000 0.000000 0.000000 1.000000
0.993766 0.109986 0.018248 0.000000 -0.109639 0.993789 -0.019042 24.384300 -0.020229 0.016922 0.999652 -0.000000 0.000000 0.000000 0.000000 1.000000
0.993706 0.110521 0.018240 0.000000 -0.110173 0.993728 -0.019134 24.384300 -0.020240 0.017004 0.999651 0.000000 0.000000 0.000000 0.000000 1.000000
0.993644 0.111078 0.018231 -0.000000 -0.110728 0.993665 -0.019231 24.384300 -0.020252 0.017090 0.999649 0.000000 0.000000 0.000000 0.000000 1.000000
0.993580 0.111656 0.018222 0.000000 -0.111304 0.993598 -0.019331 24.384300 -0.020264 0.017179 0.999647 0.000000 0.000000 0.000000 0.000000 1.000000
0.993513 0.112254 0.018213 0.000000 -0.111900 0.993529 -0.019434 24.384300 -0.020276 0.017270 0.999645 0.000000 0.000000 0.000000 0.000000 1.000000
0.993443 0.112872 0.018202 0.000000 -0.112516 0.993458 -0.019541 24.384300 -0.020289 0.017365 0.999643 0.000000 0.000000 0.000000 0.000000 1.000000
0.993370 0.113509 0.018192 0.000000 -0.113150 0.993384 -0.019652 24.384300 -0.020302 0.017463 0.999641 0.000000 0.000000 0.000000 0.000000 1.000000
0.993296 0.114163 0.018180 0.000000 -0.113802 0.993307 -0.019765 24.384300 -0.020315 0.017563 0.999639 0.000000 0.000000 0.000000 0.000000 1.000000
0.993219 0.114834 0.018169 -0.000000 -0.114471 0.993228 -0.019881 24.384300 -0.020329 0.017666 0.999637 -0.000000 0.000000 0.000000 0.000000 1.000000
0.993139 0.115521 0.018157 -0.000000 -0.115157 0.993146 -0.020000 24.384300 -0.020343 0.017772 0.999635 0.000000 0.000000 0.000000 0.000000 1.000000
0.993057 0.116224 0.018144 0.000000 -0.115857 0.993062 -0.020122 24.384300 -0.020357 0.017880 0.999633 0.000000 0.000000 0.000000 0.000000 1.000000
0.992973 0.116942 0.018131 0.000000 -0.116573 0.992976 -0.020246 24.384300 -0.020371 0.017990 0.999631 0.000000 0.000000 0.000000 0.000000 1.000000
0.992887 0.117673 0.018118 -0.000000 -0.117301 0.992887 -0.020373 24.384300 -0.020386 0.018102 0.999628 0.000000 0.000000 0.000000 0.000000 1.000000
0.992799 0.118418 0.018104 0.000000 -0.118043 0.992797 -0.020501 24.384300 -0.020401 0.018217 0.999626 0.000000 0.000000 0.000000 0.000000 1.000000
0.992709 0.119174 0.018089 -0.000000 -0.118798 0.992704 -0.020632 24.384300 -0.020416 0.018333 0.999623 0.000000 0.000000 0.000000 0.000000 1.000000
0.992616 0.119942 0.018074 0.000000 -0.119563 0.992609 -0.020765 24.384300 -0.020431 0.018451 0.999621 -0.000000 0.000000 0.000000 0.000000 1.000000
0.992522 0.120721 0.018059 -0.000000 -0.120339 0.992513 -0.020900 24.384300 -0.020447 0.018571 0.999618 0.000000 0.000000 0.000000 0.000000 1.000000
0.992426 0.121509 0.018043 -0.000000 -0.121125 0.992414 -0.021037 24.384300 -0.020463 0.018692 0.999616 0.000000 0.000000 0.000000 0.000000 1.000000
0.992329 0.122306 0.018027 0.000000 -0.121920 0.992314 -0.021175 24.384300 -0.020478 0.018814 0.999613 -0.000000 0.000000 0.000000 0.000000 1.000000
0.992229 0.123112 0.018011 0.000000 -0.122723 0.992212 -0.021314 24.384300 -0.020494 0.018938 0.999611 0.000000 0.000000 0.000000 0.000000 1.000000
0.992128 0.123925 0.017994 0.000000 -0.123533 0.992109 -0.021455 24.384300 -0.020510 0.019063 0.999608 0.000000 0.000000 0.000000 0.000000 1.000000
0.992026 0.124744 0.017976 0.000000 -0.124350 0.992003 -0.021597 24.384300 -0.020527 0.019189 0.999605 0.000000 0.000000 0.000000 0.000000 1.000000
0.991922 0.125569 0.017958 0.000000 -0.125172 0.991897 -0.021740 24.384300 -0.020543 0.019316 0.999602 0.000000 0.000000 0.000000 0.000000 1.000000
0.991817 0.126399 0.017940 -0.000000 -0.126000 0.991789 -0.021884 24.384300 -0.020559 0.019444 0.999600 0.000000 0.000000 0.000000 0.000000 1.000000
0.991711 0.127234 0.017922 0.000000 -0.126832 0.991680 -0.022028 24.384300 -0.020576 0.019572 0.999597 0.000000 0.000000 0.000000 0.000000 1.000000
0.991603 0.128072 0.017903 0.000000 -0.127667 0.991569 -0.022173 24.384300 -0.020592 0.019701 0.999594 -0.000000 0.000000 0.000000 0.000000 1.000000
0.991495 0.128912 0.017884 -0.000000 -0.128504 0.991458 -0.022319 24.384300 -0.020608 0.019831 0.999591 0.000000 0.000000 0.000000 0.000000 1.000000
0.991385 0.129754 0.017865 -0.000000 -0.129344 0.991345 -0.022464 24.384300 -0.020625 0.019960 0.999588 0.000000 0.000000 0.000000 0.000000 1.000000
0.991275 0.130597 0.017845 -0.000000 -0.130184 0.991232 -0.022610 24.384300 -0.020641 0.020090 0.999585 0.000000 0.000000 0.000000 0.000000 1.000000
0.991164 0.131440 0.017825 -0.000000 -0.131025 0.991118 -0.022756 24.384300 -0.020658 0.020220 0.999582 0.000000 0.000000 0.000000 0.000000 1.000000
0.991052 0.132283 0.017805 0.000000 -0.131865 0.991003 -0.022902 24.384300 -0.020674 0.020350 0.999579 0.000000 0.000000 0.000000 0.000000 1.000000
0.990940 0.133124 0.017784 0.000000 -0.132703 0.990888 -0.023048 24.384300 -0.020691 0.020479 0.999576 -0.000000 0.000000 0.000000 0.000000 1.000000
0.990827 0.133963 0.017764 0.000000 -0.133539 0.990772 -0.023193 24.384300 -0.020707 0.020608 0.999573 0.000000 0.000000 0.000000 0.000000 1.000000
0.990714 0.134798 0.017743 -0.000000 -0.134373 0.990656 -0.023338 24.384300 -0.020723 0.020737 0.999570 -0.000000 0.000000 0.000000 0.000000 1.000000
0.990601 0.135630 0.017722 0.000000 -0.135202 0.990540 -0.023482 24.384300 -0.020739 0.020865 0.999567 0.000000 0.000000 0.000000 0.000000 1.000000
0.990488 0.136458 0.017701 0.000000 -0.136027 0.990423 -0.023625 24.384300 -0.020755 0.020993 0.999564 0.000000 0.000000 0.000000 0.000000 1.000000
0.990375 0.137280 0.017680 0.000000 -0.136846 0.990307 -0.023768 24.384300 -0.020771 0.021119 0.999561 0.000000 0.000000 0.000000 0.000000 1.000000
0.990261 0.138096 0.017659 0.000000 -0.137659 0.990191 -0.023909 24.384300 -0.020787 0.021245 0.999558 0.000000 0.000000 0.000000 0.000000 1.000000
0.990149 0.138904 0.017637 0.000000 -0.138466 0.990075 -0.024049 24.384300 -0.020803 0.021370 0.999555 0.000000 0.000000 0.000000 0.000000 1.000000
0.990036 0.139705 0.017616 -0.000000 -0.139264 0.989960 -0.024187 24.384300 -0.020818 0.021493 0.999552 0.000000 0.000000 0.000000 0.000000 1.000000
0.989925 0.140497 0.017595 -0.000000 -0.140054 0.989845 -0.024325 24.384300 -0.020833 0.021615 0.999549 0.000000 0.000000 0.000000 0.000000 1.000000
0.989814 0.141280 0.017573 0.000000 -0.140834 0.989731 -0.024460 24.384300 -0.020849 0.021736 0.999546 -0.000000 0.000000 0.000000 0.000000 1.000000
0.989703 0.142053 0.017552 -0.000000 -0.141604 0.989618 -0.024594 24.384300 -0.020863 0.021855 0.999543 0.000000 0.000000 0.000000 0.000000 1.000000
0.989594 0.142815 0.017531 0.000000 -0.142364 0.989506 -0.024726 24.384300 -0.020878 0.021973 0.999541 -0.000000 0.000000 0.000000 0.000000 1.000000
0.989486 0.143564 0.017510 0.000000 -0.143111 0.989394 -0.024856 24.384300 -0.020893 0.022088 0.999538 0.000000 0.000000 0.000000 0.000000 1.000000
0.989379 0.144302 0.017489 0.000000 -0.143846 0.989285 -0.024983 24.384300 -0.020907 0.022202 0.999535 0.000000 0.000000 0.000000 0.000000 1.000000
0.989274 0.145026 0.017468 0.000000 -0.144568 0.989176 -0.025108 24.384300 -0.020921 0.022314 0.999532 0.000000 0.000000 0.000000 0.000000 1.000000
0.989170 0.145735 0.017448 0.000000 -0.145275 0.989069 -0.025231 24.384300 -0.020934 0.022423 0.999529 0.000000 0.000000 0.000000 0.000000 1.000000
0.989068 0.146430 0.017428 0.000000 -0.145968 0.988964 -0.025352 24.384300 -0.020948 0.022530 0.999527 0.000000 0.000000 0.000000 0.000000 1.000000
0.989406 0.144117 0.017487 0.000000 -0.143662 0.989312 -0.024951 24.384300 -0.020896 0.022175 0.999536 0.000000 0.000000 0.000000 0.000000 1.000000
0.989748 0.141742 0.017546 0.000000 -0.141295 0.989663 -0.024540 24.384300 -0.020843 0.021809 0.999545 0.000000 0.000000 0.000000 0.000000 1.000000
0.990086 0.139353 0.017605 0.000000 -0.138914 0.990011 -0.024126 24.384300 -0.020791 0.021442 0.999554 0.000000 0.000000 0.000000 0.000000 1.000000
0.990420 0.136955 0.017663 -0.000000 -0.136523 0.990353 -0.023711 24.384300 -0.020740 0.021073 0.999563 0.000000 0.000000 0.000000 0.000000 1.000000
0.990756 0.134496 0.017721 0.000000 -0.134071 0.990698 -0.023285 24.384300 -0.020688 0.020694 0.999572 -0.000000 0.000000 0.000000 0.000000 1.000000
0.990999 0.132683 0.017764 -0.000000 -0.132265 0.990948 -0.022971 24.384300 -0.020651 0.020415 0.999578 0.000000 0.000000 0.000000 0.000000 1.000000
0.991016 0.132556 0.017766 0.000000 -0.132138 0.990966 -0.022949 24.384300 -0.020648 0.020395 0.999579 0.000000 0.000000 0.000000 0.000000 1.000000
0.990924 0.133247 0.017751 0.000000 -0.132826 0.990871 -0.023069 24.384300 -0.020662 0.020502 0.999576 -0.000000 0.000000 0.000000 0.000000 1.000000
0.990772 0.134372 0.017724 0.000000 -0.133948 0.990715 -0.023264 24.384300 -0.020686 0.020675 0.999572 0.000000 0.000000 0.000000 0.000000 1.000000
0.990616 0.135523 0.017697 0.000000 -0.135095 0.990555 -0.023463 24.384300 -0.020710 0.020852 0.999568 0.000000 0.000000 0.000000 0.000000 1.000000
0.990615 0.135528 0.017697 0.000000 -0.135100 0.990554 -0.023464 24.384300 -0.020710 0.020853 0.999568 0.000000 0.000000 0.000000 0.000000 1.000000
0.990727 0.134705 0.017716 0.000000 -0.134280 0.990669 -0.023322 24.384300 -0.020693 0.020726 0.999571 0.000000 0.000000 0.000000 0.000000 1.000000
0.990913 0.133332 0.017749 0.000000 -0.132911 0.990859 -0.023084 24.384300 -0.020664 0.020515 0.999576 0.000000 0.000000 0.000000 0.000000 1.000000
0.991108 0.131867 0.017783 0.000000 -0.131451 0.991060 -0.022831 24.384300 -0.020634 0.020290 0.999581 0.000000 0.000000 0.000000 0.000000 1.000000
0.991275 0.130598 0.017812 0.000000 -0.130186 0.991232 -0.022611 24.384300 -0.020608 0.020095 0.999586 0.000000 0.000000 0.000000 0.000000 1.000000
0.991301 0.130403 0.017816 0.000000 -0.129991 0.991258 -0.022577 24.384300 -0.020604 0.020064 0.999586 -0.000000 0.000000 0.000000 0.000000 1.000000
0.991185 0.131284 0.017796 0.000000 -0.130870 0.991139 -0.022730 24.384300 -0.020622 0.020200 0.999583 0.000000 0.000000 0.000000 0.000000 1.000000
0.990962 0.132961 0.017757 0.000000 -0.132541 0.990910 -0.023019 24.384300 -0.020657 0.020458 0.999577 0.000000 0.000000 0.000000 0.000000 1.000000
0.990800 0.134166 0.017729 0.000000 -0.133742 0.990744 -0.023228 24.384300 -0.020681 0.020643 0.999573 -0.000000 0.000000 0.000000 0.000000 1.000000
0.990654 0.135244 0.017704 0.000000 -0.134817 0.990594 -0.023414 24.384300 -0.020704 0.020809 0.999569 0.000000 0.000000 0.000000 0.000000 1.000000
0.990591 0.135709 0.017693 0.000000 -0.135281 0.990529 -0.023495 24.384300 -0.020714 0.020881 0.999567 0.000000 0.000000 0.000000 0.000000 1.000000
0.990615 0.135533 0.017697 -0.000000 -0.135105 0.990553 -0.023465 24.384300 -0.020710 0.020854 0.999568 -0.000000 0.000000 0.000000 0.000000 1.000000
0.990676 0.135086 0.017707 0.000000 -0.134660 0.990616 -0.023387 24.384300 -0.020701 0.020785 0.999570 0.000000 0.000000 0.000000 0.000000 1.000000
0.990757 0.134486 0.017722 0.000000 -0.134062 0.990699 -0.023284 24.384300 -0.020688 0.020693 0.999572 -0.000000 0.000000 0.000000 0.000000 1.000000
0.990843 0.133850 0.017736 0.000000 -0.133428 0.990788 -0.023174 24.384300 -0.020675 0.020595 0.999574 0.000000 0.000000 0.000000 0.000000 1.000000
0.990917 0.133297 0.017749 -0.000000 -0.132876 0.990864 -0.023078 24.384300 -0.020663 0.020510 0.999576 0.000000 0.000000 0.000000 0.000000 1.000000
0.990965 0.132942 0.017757 0.000000 -0.132522 0.990913 -0.023017 24.384300 -0.020656 0.020455 0.999577 0.000000 0.000000 0.000000 0.000000 1.000000
0.990796 0.134196 0.017728 0.000000 -0.133772 0.990740 -0.023234 24.384300 -0.020682 0.020648 0.999573 0.000000 0.000000 0.000000 0.000000 1.000000
0.990769 0.134398 0.017723 0.000000 -0.133974 0.990712 -0.023268 24.384300 -0.020686 0.020679 0.999572 -0.000000 0.000000 0.000000 0.000000 1.000000
0.990770 0.134389 0.017724 0.000000 -0.133965 0.990713 -0.023267 24.384300 -0.020686 0.020678 0.999572 0.000000 0.000000 0.000000 0.000000 1.000000
0.990800 0.134169 0.017729 0.000000 -0.133746 0.990743 -0.023229 24.384300 -0.020681 0.020644 0.999573 0.000000 0.000000 0.000000 0.000000 1.000000
0.990972 0.132891 0.017759 0.000000 -0.132471 0.990920 -0.023007 24.384300 -0.020655 0.020447 0.999578 0.000000 0.000000 0.000000 0.000000 1.000000</float_array>
        <technique_common>
          <accessor source="#mixamorig_RightForeArm-Matrix-animation-output-transform-array" count="184" stride="16">
            <param type="float4x4"/>
          </accessor>
        </technique_common>
      </source>
      <source id="mixamorig_RightForeArm-Interpolations">
        <Name_array id="mixamorig_RightForeArm-Interpolations-array" count="184">
 LINEAR LINEAR LINEAR LINEAR LINEAR LINEAR LINEAR LINEAR LINEAR LINEAR LINEAR
LINEAR LINEAR LINEAR LINEAR LINEAR LINEAR LINEAR LINEAR LINEAR LINEAR LINEAR LINEAR
LINEAR LINEAR LINEAR LINEAR LINEAR LINEAR LINEAR LINEAR LINEAR LINEAR LINEAR LINEAR
LINEAR LINEAR LINEAR LINEAR LINEAR LINEAR LINEAR LINEAR LINEAR LINEAR LINEAR LINEAR
LINEAR LINEAR LINEAR LINEAR LINEAR LINEAR LINEAR LINEAR LINEAR LINEAR LINEAR LINEAR
LINEAR LINEAR LINEAR LINEAR LINEAR LINEAR LINEAR LINEAR LINEAR LINEAR LINEAR LINEAR
LINEAR LINEAR LINEAR LINEAR LINEAR LINEAR LINEAR LINEAR LINEAR LINEAR LINEAR LINEAR
LINEAR LINEAR LINEAR LINEAR LINEAR LINEAR LINEAR LINEAR LINEAR LINEAR LINEAR LINEAR
LINEAR LINEAR LINEAR LINEAR LINEAR LINEAR LINEAR LINEAR LINEAR LINEAR LINEAR LINEAR
LINEAR LINEAR LINEAR LINEAR LINEAR LINEAR LINEAR LINEAR LINEAR LINEAR LINEAR LINEAR
LINEAR LINEAR LINEAR LINEAR LINEAR LINEAR LINEAR LINEAR LINEAR LINEAR LINEAR LINEAR
LINEAR LINEAR LINEAR LINEAR LINEAR LINEAR LINEAR LINEAR LINEAR LINEAR LINEAR LINEAR
LINEAR LINEAR LINEAR LINEAR LINEAR LINEAR LINEAR LINEAR LINEAR LINEAR LINEAR LINEAR
LINEAR LINEAR LINEAR LINEAR LINEAR LINEAR LINEAR LINEAR LINEAR LINEAR LINEAR LINEAR
LINEAR LINEAR LINEAR LINEAR LINEAR LINEAR LINEAR LINEAR LINEAR LINEAR LINEAR LINEAR
LINEAR LINEAR LINEAR LINEAR LINEAR</Name_array>
        <technique_common>
          <accessor source="#mixamorig_RightForeArm-Interpolations-array" count="184">
            <param type="name"/>
          </accessor>
        </technique_common>
      </source>
      <sampler id="mixamorig_RightForeArm-Matrix-animation-transform">
        <input semantic="INPUT" source="#mixamorig_RightForeArm-Matrix-animation-input"/>
        <input semantic="OUTPUT" source="#mixamorig_RightForeArm-Matrix-animation-output-transform"/>
        <input semantic="INTERPOLATION" source="#mixamorig_RightForeArm-Interpolations"/>
      </sampler>
      <channel source="#mixamorig_RightForeArm-Matrix-animation-transform" target="mixamorig_RightForeArm/matrix"/>
    </animation>
    <animation id="mixamorig_LeftUpLeg-anim" name="mixamorig_LeftUpLeg">
      <source id="mixamorig_LeftUpLeg-Matrix-animation-input">
        <float_array id="mixamorig_LeftUpLeg-Matrix-animation-input-array" count="184">

0.000000 0.033333 0.066667 0.100000 0.133333 0.166667 0.200000 0.233333 0.266667 0.300000 0.333333 0.366667 0.400000 0.433333 0.466667 0.500000
0.533333 0.566667 0.600000 0.633333 0.666667 0.700000 0.733333 0.766667 0.800000 0.833333 0.866667 0.900000 0.933333 0.966667 1.000000 1.033333
1.066667 1.100000 1.133333 1.166667 1.200000 1.233333 1.266667 1.300000 1.333333 1.366667 1.400000 1.433333 1.466667 1.500000 1.533333 1.566667
1.600000 1.633333 1.666667 1.700000 1.733333 1.766667 1.800000 1.833333 1.866667 1.900000 1.933333 1.966667 2.000000 2.033333 2.066667 2.100000
2.133333 2.166667 2.200000 2.233333 2.266667 2.300000 2.333333 2.366667 2.400000 2.433333 2.466667 2.500000 2.533333 2.566667 2.600000 2.633333
2.666667 2.700000 2.733333 2.766667 2.800000 2.833333 2.866667 2.900000 2.933333 2.966667 3.000000 3.033333 3.066667 3.100000 3.133333 3.166667
3.200000 3.233333 3.266667 3.300000 3.333333 3.366667 3.400000 3.433333 3.466667 3.500000 3.533333 3.566667 3.600000 3.633333 3.666667 3.700000
3.733333 3.766667 3.800000 3.833333 3.866667 3.900000 3.933333 3.966667 4.000000 4.033333 4.066667 4.100000 4.133333 4.166667 4.200000 4.233333
4.266667 4.300000 4.333333 4.366667 4.400000 4.433333 4.466667 4.500000 4.533333 4.566667 4.600000 4.633333 4.666667 4.700000 4.733333 4.766667
4.800000 4.833333 4.866667 4.900000 4.933333 4.966667 5.000000 5.033333 5.066667 5.100000 5.133333 5.166667 5.200000 5.233333 5.266667 5.300000
5.333333 5.366667 5.400000 5.433333 5.466667 5.500000 5.533333 5.566667 5.600000 5.633333 5.666667 5.700000 5.733333 5.766667 5.800000 5.833333
5.866667 5.900000 5.933333 5.966667 6.000000 6.033333 6.066667 6.100000</float_array>
        <technique_common>
          <accessor source="#mixamorig_LeftUpLeg-Matrix-animation-input-array" count="184">
            <param name="TIME" type="float"/>
          </accessor>
        </technique_common>
      </source>
      <source id="mixamorig_LeftUpLeg-Matrix-animation-output-transform">
        <float_array id="mixamorig_LeftUpLeg-Matrix-animation-output-transform-array" count="2944">

-0.939402 0.246639 0.238103 10.928400 -0.210134 -0.963041 0.168511 -5.879300 0.270864 0.108266 0.956510 0.408700 0.000000 0.000000 0.000000 1.000000
-0.939496 0.246267 0.238115 10.928400 -0.209856 -0.963166 0.168144 -5.879300 0.270753 0.108001 0.956571 0.408700 0.000000 0.000000 0.000000 1.000000
-0.939570 0.245952 0.238149 10.928400 -0.209608 -0.963268 0.167866 -5.879300 0.270688 0.107804 0.956612 0.408700 0.000000 0.000000 0.000000 1.000000
-0.939619 0.245709 0.238209 10.928400 -0.209380 -0.963335 0.167765 -5.879300 0.270696 0.107759 0.956615 0.408700 0.000000 0.000000 0.000000 1.000000
-0.939664 0.245476 0.238272 10.928400 -0.209145 -0.963394 0.167723 -5.879300 0.270722 0.107770 0.956606 0.408700 0.000000 0.000000 0.000000 1.000000
-0.939685 0.245308 0.238360 10.928400 -0.208970 -0.963436 0.167697 -5.879300 0.270782 0.107772 0.956589 0.408700 0.000000 0.000000 0.000000 1.000000
-0.939664 0.245261 0.238493 10.928400 -0.208921 -0.963456 0.167644 -5.879300 0.270894 0.107702 0.956565 0.408700 0.000000 0.000000 0.000000 1.000000
-0.939598 0.245339 0.238673 10.928400 -0.209006 -0.963453 0.167556 -5.879300 0.271058 0.107552 0.956535 0.408700 0.000000 0.000000 0.000000 1.000000
-0.939503 0.245498 0.238883 10.928400 -0.209172 -0.963434 0.167459 -5.879300 0.271259 0.107361 0.956500 0.408700 0.000000 0.000000 0.000000 1.000000
-0.939388 0.245714 0.239115 10.928400 -0.209397 -0.963403 0.167355 -5.879300 0.271485 0.107141 0.956460 0.408700 0.000000 0.000000 0.000000 1.000000
-0.939260 0.245965 0.239358 10.928400 -0.209657 -0.963365 0.167245 -5.879300 0.271726 0.106903 0.956419 0.408700 0.000000 0.000000 0.000000 1.000000
-0.939128 0.246228 0.239605 10.928400 -0.209931 -0.963325 0.167131 -5.879300 0.271970 0.106657 0.956377 0.408700 0.000000 0.000000 0.000000 1.000000
-0.938877 0.246831 0.239967 10.928400 -0.210559 -0.963219 0.166955 -5.879300 0.272350 0.106223 0.956317 0.408700 0.000000 0.000000 0.000000 1.000000
-0.938513 0.247618 0.240581 10.928400 -0.211461 -0.963122 0.166376 -5.879300 0.272907 0.105273 0.956263 0.408700 0.000000 0.000000 0.000000 1.000000
-0.938130 0.248422 0.241245 10.928400 -0.212408 -0.963031 0.165691 -5.879300 0.273488 0.104197 0.956215 0.408700 0.000000 0.000000 0.000000 1.000000
-0.937804 0.248981 0.241935 10.928400 -0.213252 -0.963052 0.164479 -5.879300 0.273949 0.102656 0.956250 0.408700 0.000000 0.000000 0.000000 1.000000
-0.937541 0.249287 0.242638 10.928400 -0.213981 -0.963182 0.162765 -5.879300 0.274280 0.100679 0.956365 0.408700 0.000000 0.000000 0.000000 1.000000
-0.937293 0.249519 0.243354 10.928400 -0.214682 -0.963342 0.160885 -5.879300 0.274577 0.098553 0.956501 0.408700 0.000000 0.000000 0.000000 1.000000
-0.937058 0.249698 0.244078 10.928400 -0.215362 -0.963521 0.158891 -5.879300 0.274849 0.096325 0.956650 0.408700 0.000000 0.000000 0.000000 1.000000
-0.936829 0.249843 0.244805 10.928400 -0.216028 -0.963709 0.156835 -5.879300 0.275105 0.094043 0.956804 0.408700 0.000000 0.000000 0.000000 1.000000
-0.936604 0.249975 0.245530 10.928400 -0.216686 -0.963895 0.154768 -5.879300 0.275353 0.091754 0.956954 0.408700 0.000000 0.000000 0.000000 1.000000
-0.936379 0.250114 0.246247 10.928400 -0.217342 -0.964071 0.152743 -5.879300 0.275603 0.089505 0.957096 0.408700 0.000000 0.000000 0.000000 1.000000
-0.936149 0.250281 0.246952 10.928400 -0.218005 -0.964225 0.150810 -5.879300 0.275862 0.087344 0.957221 0.408700 0.000000 0.000000 0.000000 1.000000
-0.935945 0.250537 0.247465 10.928400 -0.218593 -0.964294 0.149516 -5.879300 0.276088 0.085845 0.957291 0.408700 0.000000 0.000000 0.000000 1.000000
-0.935679 0.250884 0.248116 10.928400 -0.219179 -0.964315 0.148516 -5.879300 0.276522 0.084582 0.957278 0.408700 0.000000 0.000000 0.000000 1.000000
-0.935271 0.251393 0.249136 10.928400 -0.220163 -0.964382 0.146616 -5.879300 0.277120 0.082275 0.957306 0.408700 0.000000 0.000000 0.000000 1.000000
-0.934897 0.251733 0.250196 10.928400 -0.221544 -0.964647 0.142738 -5.879300 0.277283 0.078016 0.957616 0.408700 0.000000 0.000000 0.000000 1.000000
-0.934433 0.252217 0.251441 10.928400 -0.223300 -0.964924 0.138053 -5.879300 0.277440 0.072854 0.957977 0.408700 0.000000 0.000000 0.000000 1.000000
-0.933485 0.253603 0.253556 10.928400 -0.226531 -0.965113 0.131303 -5.879300 0.278009 0.065132 0.958368 0.408700 0.000000 0.000000 0.000000 1.000000
-0.932120 0.255892 0.256264 10.928400 -0.230928 -0.965075 0.123707 -5.879300 0.278969 0.056131 0.958658 0.408700 0.000000 0.000000 0.000000 1.000000
-0.930686 0.258087 0.259257 10.928400 -0.235279 -0.964979 0.116015 -5.879300 0.280119 0.046976 0.958815 0.408700 0.000000 0.000000 0.000000 1.000000
-0.929508 0.259434 0.262125 10.928400 -0.238733 -0.965001 0.108537 -5.879300 0.281109 0.038309 0.958911 0.408700 0.000000 0.000000 0.000000 1.000000
-0.928173 0.261118 0.265165 10.928400 -0.242295 -0.964828 0.101983 -5.879300 0.282468 0.030410 0.958794 0.408700 0.000000 0.000000 0.000000 1.000000
-0.926871 0.262637 0.268201 10.928400 -0.245672 -0.964627 0.095601 -5.879300 0.283823 0.022720 0.958608 0.408700 0.000000 0.000000 0.000000 1.000000
-0.925762 0.263293 0.271370 10.928400 -0.248050 -0.964588 0.089671 -5.879300 0.285370 0.015701 0.958289 0.408700 0.000000 0.000000 0.000000 1.000000
-0.924623 0.263916 0.274629 10.928400 -0.250436 -0.964507 0.083713 -5.879300 0.286975 0.008626 0.957899 0.408700 0.000000 0.000000 0.000000 1.000000
-0.923621 0.264150 0.277756 10.928400 -0.252360 -0.964480 0.078062 -5.879300 0.288510 0.002005 0.957475 0.408700 0.000000 0.000000 0.000000 1.000000
-0.922930 0.263646 0.280520 10.928400 -0.253352 -0.964613 0.073044 -5.879300 0.289851 -0.003656 0.957065 0.408700 0.000000 0.000000 0.000000 1.000000
-0.924507 0.257956 0.280616 10.928400 -0.247553 -0.966154 0.072556 -5.879300 0.289834 -0.002389 0.957074 0.408700 0.000000 0.000000 0.000000 1.000000
-0.918020 0.269910 0.290495 10.928400 -0.251815 -0.962727 0.098721 -5.879300 0.306313 0.017476 0.951770 0.408700 0.000000 0.000000 0.000000 1.000000
-0.909766 0.288586 0.298403 10.928400 -0.255792 -0.955862 0.144561 -5.879300 0.326950 0.055187 0.943429 0.408700 0.000000 0.000000 0.000000 1.000000
-0.902119 0.321304 0.288002 10.928400 -0.249147 -0.932833 0.260286 -5.879300 0.352288 0.163054 0.921578 0.408700 0.000000 0.000000 0.000000 1.000000
-0.897487 0.353365 0.263914 10.928400 -0.246856 -0.898350 0.363358 -5.879300 0.365485 0.260960 0.893488 0.408700 0.000000 0.000000 0.000000 1.000000
-0.888645 0.380567 0.255887 10.928400 -0.239368 -0.860857 0.449031 -5.879300 0.391168 0.337778 0.856092 0.408700 0.000000 0.000000 0.000000 1.000000
-0.878925 0.407117 0.248487 10.928400 -0.232188 -0.820296 0.522689 -5.879300 0.416628 0.401709 0.815507 0.408700 0.000000 0.000000 0.000000 1.000000
-0.869796 0.432394 0.237679 10.928400 -0.228984 -0.780428 0.581806 -5.879300 0.437060 0.451628 0.777824 0.408700 0.000000 0.000000 0.000000 1.000000
-0.863272 0.452261 0.224101 10.928400 -0.226771 -0.744188 0.628299 -5.879300 0.450928 0.491574 0.744996 0.408700 0.000000 0.000000 0.000000 1.000000
-0.862092 0.462967 0.206054 10.928400 -0.224340 -0.713276 0.664010 -5.879300 0.454388 0.526212 0.718771 0.408700 0.000000 0.000000 0.000000 1.000000
-0.865574 0.463525 0.189544 10.928400 -0.220305 -0.692359 0.687099 -5.879300 0.449720 0.552977 0.701405 0.408700 0.000000 0.000000 0.000000 1.000000
-0.874664 0.450839 0.178067 10.928400 -0.210260 -0.683867 0.698653 -5.879300 0.436754 0.573646 0.692947 0.408700 0.000000 0.000000 0.000000 1.000000
-0.885695 0.430437 0.173978 10.928400 -0.201335 -0.693771 0.691481 -5.879300 0.418340 0.577413 0.701132 0.408700 0.000000 0.000000 0.000000 1.000000
-0.895380 0.408127 0.178122 10.928400 -0.199405 -0.725131 0.659108 -5.879300 0.398162 0.554633 0.730650 0.408700 0.000000 0.000000 0.000000 1.000000
-0.904625 0.384420 0.184053 10.928400 -0.200001 -0.764219 0.613164 -5.879300 0.376369 0.517872 0.768215 0.408700 0.000000 0.000000 0.000000 1.000000
-0.913245 0.361550 0.187789 10.928400 -0.201194 -0.801034 0.563796 -5.879300 0.354266 0.477101 0.804282 0.408700 0.000000 0.000000 0.000000 1.000000
-0.922137 0.337586 0.188943 10.928400 -0.201660 -0.836247 0.509925 -5.879300 0.330146 0.432119 0.839212 0.408700 0.000000 0.000000 0.000000 1.000000
-0.928234 0.321298 0.187481 10.928400 -0.205897 -0.863496 0.460415 -5.879300 0.309820 0.388771 0.867680 0.408700 0.000000 0.000000 0.000000 1.000000
-0.922616 0.339327 0.183401 10.928400 -0.226584 -0.861583 0.454240 -5.879300 0.312151 0.377533 0.871797 0.408700 0.000000 0.000000 0.000000 1.000000
-0.917651 0.349656 0.188830 10.928400 -0.238438 -0.864609 0.442265 -5.879300 0.317905 0.360821 0.876781 0.408700 0.000000 0.000000 0.000000 1.000000
-0.912514 0.359317 0.195471 10.928400 -0.249498 -0.867610 0.430121 -5.879300 0.324142 0.343722 0.881355 0.408700 0.000000 0.000000 0.000000 1.000000
-0.907349 0.368091 0.203046 10.928400 -0.259804 -0.870734 0.417522 -5.879300 0.330485 0.326086 0.885691 0.408700 0.000000 0.000000 0.000000 1.000000
-0.902302 0.375782 0.211279 10.928400 -0.269407 -0.874114 0.404159 -5.879300 0.336557 0.307754 0.889953 0.408700 0.000000 0.000000 0.000000 1.000000
-0.897529 0.382216 0.219894 10.928400 -0.278364 -0.877864 0.389704 -5.879300 0.341988 0.288560 0.894303 0.408700 0.000000 0.000000 0.000000 1.000000
-0.897010 0.376488 0.231580 10.928400 -0.279760 -0.889212 0.361990 -5.879300 0.342209 0.259921 0.902959 0.408700 0.000000 0.000000 0.000000 1.000000
-0.900875 0.361069 0.240944 10.928400 -0.274814 -0.904075 0.327301 -5.879300 0.336009 0.228642 0.913685 0.408700 0.000000 0.000000 0.000000 1.000000
-0.905395 0.344742 0.247816 10.928400 -0.268920 -0.917321 0.293606 -5.879300 0.328545 0.199187 0.923246 0.408700 0.000000 0.000000 0.000000 1.000000
-0.910811 0.328794 0.249636 10.928400 -0.261473 -0.927407 0.267484 -5.879300 0.319461 0.178354 0.930664 0.408700 0.000000 0.000000 0.000000 1.000000
-0.915411 0.315080 0.250495 10.928400 -0.255231 -0.935569 0.244066 -5.879300 0.311256 0.159486 0.936848 0.408700 0.000000 0.000000 0.000000 1.000000
-0.917837 0.306419 0.252355 10.928400 -0.252901 -0.941384 0.223244 -5.879300 0.305969 0.141080 0.941530 0.408700 0.000000 0.000000 0.000000 1.000000
-0.918916 0.300891 0.255066 10.928400 -0.252917 -0.945655 0.204377 -5.879300 0.302699 0.123294 0.945078 0.408700 0.000000 0.000000 0.000000 1.000000
-0.918815 0.297545 0.259320 10.928400 -0.254711 -0.948904 0.186291 -5.879300 0.301500 0.105115 0.947654 0.408700 0.000000 0.000000 0.000000 1.000000
-0.917934 0.296185 0.263953 10.928400 -0.257842 -0.951028 0.170480 -5.879300 0.301520 0.088431 0.949350 0.408700 0.000000 0.000000 0.000000 1.000000
-0.916705 0.296584 0.267749 10.928400 -0.261716 -0.952038 0.158517 -5.879300 0.301921 0.075239 0.950359 0.408700 0.000000 0.000000 0.000000 1.000000
-0.915154 0.298222 0.271212 10.928400 -0.266195 -0.952340 0.148955 -5.879300 0.302708 0.064122 0.950924 0.408700 0.000000 0.000000 0.000000 1.000000
-0.913415 0.300570 0.274463 10.928400 -0.271071 -0.952224 0.140675 -5.879300 0.303633 0.054096 0.951252 0.408700 0.000000 0.000000 0.000000 1.000000
-0.911617 0.303424 0.277287 10.928400 -0.275971 -0.951754 0.134177 -5.879300 0.304622 0.045795 0.951372 0.408700 0.000000 0.000000 0.000000 1.000000
-0.909979 0.306498 0.279281 10.928400 -0.280425 -0.951031 0.130006 -5.879300 0.305451 0.039986 0.951368 0.408700 0.000000 0.000000 0.000000 1.000000
-0.908407 0.309539 0.281039 10.928400 -0.284544 -0.950232 0.126858 -5.879300 0.306320 0.035271 0.951275 0.408700 0.000000 0.000000 0.000000 1.000000
-0.906982 0.311700 0.283244 10.928400 -0.287733 -0.949684 0.123736 -5.879300 0.307561 0.030727 0.951032 0.408700 0.000000 0.000000 0.000000 1.000000
-0.906079 0.312668 0.285060 10.928400 -0.289758 -0.949492 0.120437 -5.879300 0.308319 0.026527 0.950913 0.408700 0.000000 0.000000 0.000000 1.000000
-0.905649 0.312430 0.286682 10.928400 -0.291048 -0.949704 0.115558 -5.879300 0.308367 0.021216 0.951031 0.408700 0.000000 0.000000 0.000000 1.000000
-0.905628 0.311130 0.288160 10.928400 -0.291699 -0.950251 0.109248 -5.879300 0.307815 0.014882 0.951330 0.408700 0.000000 0.000000 0.000000 1.000000
-0.905517 0.309821 0.289914 10.928400 -0.292695 -0.950766 0.101849 -5.879300 0.307195 0.007370 0.951618 0.408700 0.000000 0.000000 0.000000 1.000000
-0.904620 0.309992 0.292520 10.928400 -0.295229 -0.950739 0.094529 -5.879300 0.307413 -0.000847 0.951576 0.408700 0.000000 0.000000 0.000000 1.000000
-0.903644 0.310257 0.295243 10.928400 -0.297900 -0.950608 0.087174 -5.879300 0.307706 -0.009179 0.951437 0.408700 0.000000 0.000000 0.000000 1.000000
-0.902606 0.310605 0.298039 10.928400 -0.300672 -0.950377 0.079868 -5.879300 0.308057 -0.017523 0.951206 0.408700 0.000000 0.000000 0.000000 1.000000
-0.901523 0.311027 0.300864 10.928400 -0.303508 -0.950052 0.072699 -5.879300 0.308448 -0.025775 0.950892 0.408700 0.000000 0.000000 0.000000 1.000000
-0.900413 0.311514 0.303671 10.928400 -0.306370 -0.949639 0.065750 -5.879300 0.308860 -0.033833 0.950506 0.408700 0.000000 0.000000 0.000000 1.000000
-0.898911 0.313257 0.306316 10.928400 -0.309916 -0.948815 0.060841 -5.879300 0.309696 -0.040242 0.949984 0.408700 0.000000 0.000000 0.000000 1.000000
-0.897458 0.315254 0.308520 10.928400 -0.313550 -0.947890 0.056490 -5.879300 0.310252 -0.046040 0.949539 0.408700 0.000000 0.000000 0.000000 1.000000
-0.895137 0.318662 0.311743 10.928400 -0.319080 -0.946347 0.051146 -5.879300 0.311315 -0.053688 0.948789 0.408700 0.000000 0.000000 0.000000 1.000000
-0.892609 0.322129 0.315407 10.928400 -0.325088 -0.944624 0.044750 -5.879300 0.312356 -0.062591 0.947901 0.408700 0.000000 0.000000 0.000000 1.000000
-0.890047 0.325057 0.319615 10.928400 -0.331361 -0.942813 0.036109 -5.879300 0.313075 -0.073769 0.946859 0.408700 0.000000 0.000000 0.000000 1.000000
-0.887482 0.327630 0.324089 10.928400 -0.337660 -0.940894 0.026530 -5.879300 0.313625 -0.085887 0.945655 0.408700 0.000000 0.000000 0.000000 1.000000
-0.884724 0.330251 0.328934 10.928400 -0.344314 -0.938711 0.016379 -5.879300 0.314184 -0.098766 0.944211 0.408700 0.000000 0.000000 0.000000 1.000000
-0.882645 0.331749 0.332986 10.928400 -0.349426 -0.936936 0.007232 -5.879300 0.314386 -0.109971 0.942904 0.408700 0.000000 0.000000 0.000000 1.000000
-0.881731 0.331542 0.335604 10.928400 -0.352051 -0.935981 -0.000292 -5.879300 0.314022 -0.118407 0.942003 0.408700 0.000000 0.000000 0.000000 1.000000
-0.881174 0.330766 0.337826 10.928400 -0.353946 -0.935235 -0.007532 -5.879300 0.313456 -0.126209 0.941178 0.408700 0.000000 0.000000 0.000000 1.000000
-0.880901 0.329744 0.339533 10.928400 -0.355156 -0.934707 -0.013675 -5.879300 0.312855 -0.132633 0.940495 0.408700 0.000000 0.000000 0.000000 1.000000
-0.880836 0.328801 0.340615 10.928400 -0.355725 -0.934419 -0.017903 -5.879300 0.312391 -0.136936 0.940032 0.408700 0.000000 0.000000 0.000000 1.000000
-0.881032 0.328118 0.340765 10.928400 -0.355307 -0.934561 -0.018753 -5.879300 0.312313 -0.137598 0.939961 0.408700 0.000000 0.000000 0.000000 1.000000
-0.881646 0.327401 0.339865 10.928400 -0.353724 -0.935201 -0.016694 -5.879300 0.312376 -0.134937 0.940326 0.408700 0.000000 0.000000 0.000000 1.000000
-0.882758 0.326239 0.338093 10.928400 -0.351270 -0.936172 -0.013813 -5.879300 0.312007 -0.130956 0.941011 0.408700 0.000000 0.000000 0.000000 1.000000
-0.884141 0.324707 0.335946 10.928400 -0.348470 -0.937253 -0.011204 -5.879300 0.311228 -0.126973 0.941815 0.408700 0.000000 0.000000 0.000000 1.000000
-0.885520 0.323154 0.333805 10.928400 -0.345655 -0.938322 -0.008573 -5.879300 0.310446 -0.122972 0.942603 0.408700 0.000000 0.000000 0.000000 1.000000
-0.886894 0.321580 0.331669 10.928400 -0.342825 -0.939381 -0.005920 -5.879300 0.309660 -0.118955 0.943377 0.408700 0.000000 0.000000 0.000000 1.000000
-0.888264 0.319984 0.329541 10.928400 -0.339979 -0.940427 -0.003245 -5.879300 0.308871 -0.114920 0.944136 0.408700 0.000000 0.000000 0.000000 1.000000
-0.889628 0.318368 0.327420 10.928400 -0.337120 -0.941462 -0.000550 -5.879300 0.308079 -0.110869 0.944879 0.408700 0.000000 0.000000 0.000000 1.000000
-0.890986 0.316730 0.325308 10.928400 -0.334246 -0.942483 0.002166 -5.879300 0.307283 -0.106803 0.945606 0.408700 0.000000 0.000000 0.000000 1.000000
-0.892339 0.315073 0.323204 10.928400 -0.331358 -0.943492 0.004903 -5.879300 0.306485 -0.102721 0.946317 0.408700 0.000000 0.000000 0.000000 1.000000
-0.893685 0.313395 0.321109 10.928400 -0.328458 -0.944488 0.007660 -5.879300 0.305684 -0.098625 0.947011 0.408700 0.000000 0.000000 0.000000 1.000000
-0.895025 0.311697 0.319023 10.928400 -0.325545 -0.945469 0.010437 -5.879300 0.304880 -0.094515 0.947689 0.408700 0.000000 0.000000 0.000000 1.000000
-0.896357 0.309980 0.316948 10.928400 -0.322619 -0.946436 0.013234 -5.879300 0.304073 -0.090391 0.948351 0.408700 0.000000 0.000000 0.000000 1.000000
-0.897683 0.308244 0.314883 10.928400 -0.319682 -0.947389 0.016050 -5.879300 0.303264 -0.086254 0.948995 0.408700 0.000000 0.000000 0.000000 1.000000
-0.899001 0.306488 0.312830 10.928400 -0.316733 -0.948327 0.018885 -5.879300 0.302453 -0.082106 0.949621 0.408700 0.000000 0.000000 0.000000 1.000000
-0.900311 0.304714 0.310788 10.928400 -0.313773 -0.949249 0.021739 -5.879300 0.301640 -0.077945 0.950230 0.408700 0.000000 0.000000 0.000000 1.000000
-0.901613 0.302921 0.308759 10.928400 -0.310802 -0.950156 0.024611 -5.879300 0.300824 -0.073773 0.950822 0.408700 0.000000 0.000000 0.000000 1.000000
-0.902907 0.301111 0.306742 10.928400 -0.307822 -0.951047 0.027501 -5.879300 0.300007 -0.069591 0.951395 0.408700 0.000000 0.000000 0.000000 1.000000
-0.904193 0.299282 0.304739 10.928400 -0.304831 -0.951921 0.030408 -5.879300 0.299188 -0.065399 0.951950 0.408700 0.000000 0.000000 0.000000 1.000000
-0.905469 0.297436 0.302749 10.928400 -0.301831 -0.952778 0.033333 -5.879300 0.298367 -0.061197 0.952487 0.408700 0.000000 0.000000 0.000000 1.000000
-0.906737 0.295573 0.300773 10.928400 -0.298823 -0.953619 0.036274 -5.879300 0.297545 -0.056987 0.953006 0.408700 0.000000 0.000000 0.000000 1.000000
-0.907995 0.293694 0.298812 10.928400 -0.295807 -0.954442 0.039232 -5.879300 0.296721 -0.052768 0.953505 0.408700 0.000000 0.000000 0.000000 1.000000
-0.909244 0.291799 0.296866 10.928400 -0.292782 -0.955247 0.042206 -5.879300 0.295896 -0.048542 0.953986 0.408700 0.000000 0.000000 0.000000 1.000000
-0.910483 0.289887 0.294935 10.928400 -0.289750 -0.956035 0.045195 -5.879300 0.295070 -0.044309 0.954448 0.408700 0.000000 0.000000 0.000000 1.000000
-0.911712 0.287960 0.293020 10.928400 -0.286711 -0.956804 0.048199 -5.879300 0.294242 -0.040069 0.954891 0.408700 0.000000 0.000000 0.000000 1.000000
-0.912930 0.286018 0.291122 10.928400 -0.283666 -0.957554 0.051217 -5.879300 0.293414 -0.035823 0.955314 0.408700 0.000000 0.000000 0.000000 1.000000
-0.914138 0.284062 0.289240 10.928400 -0.280615 -0.958286 0.054250 -5.879300 0.292585 -0.031573 0.955718 0.408700 0.000000 0.000000 0.000000 1.000000
-0.915336 0.282091 0.287375 10.928400 -0.277558 -0.958999 0.057297 -5.879300 0.291756 -0.027318 0.956103 0.408700 0.000000 0.000000 0.000000 1.000000
-0.916523 0.280107 0.285528 10.928400 -0.274497 -0.959692 0.060356 -5.879300 0.290925 -0.023059 0.956468 0.408700 0.000000 0.000000 0.000000 1.000000
-0.917698 0.278109 0.283699 10.928400 -0.271431 -0.960366 0.063429 -5.879300 0.290095 -0.018796 0.956813 0.408700 0.000000 0.000000 0.000000 1.000000
-0.918863 0.276098 0.281888 10.928400 -0.268361 -0.961020 0.066513 -5.879300 0.289264 -0.014531 0.957139 0.408700 0.000000 0.000000 0.000000 1.000000
-0.920016 0.274076 0.280096 10.928400 -0.265287 -0.961653 0.069610 -5.879300 0.288433 -0.010264 0.957445 0.408700 0.000000 0.000000 0.000000 1.000000
-0.921157 0.272041 0.278322 10.928400 -0.262211 -0.962267 0.072717 -5.879300 0.287602 -0.005995 0.957731 0.408700 0.000000 0.000000 0.000000 1.000000
-0.922287 0.269995 0.276568 10.928400 -0.259131 -0.962860 0.075836 -5.879300 0.286772 -0.001725 0.957997 0.408700 0.000000 0.000000 0.000000 1.000000
-0.923404 0.267938 0.274834 10.928400 -0.256050 -0.963433 0.078964 -5.879300 0.285941 0.002544 0.958244 0.408700 0.000000 0.000000 0.000000 1.000000
-0.924510 0.265870 0.273119 10.928400 -0.252968 -0.963985 0.082102 -5.879300 0.285111 0.006814 0.958470 0.408700 0.000000 0.000000 0.000000 1.000000
-0.925603 0.263793 0.271425 10.928400 -0.249884 -0.964516 0.085249 -5.879300 0.284282 0.011082 0.958677 0.408700 0.000000 0.000000 0.000000 1.000000
-0.926685 0.261707 0.269751 10.928400 -0.246800 -0.965025 0.088405 -5.879300 0.283453 0.015349 0.958863 0.408700 0.000000 0.000000 0.000000 1.000000
-0.927753 0.259611 0.268098 10.928400 -0.243717 -0.965514 0.091569 -5.879300 0.282624 0.019613 0.959030 0.408700 0.000000 0.000000 0.000000 1.000000
-0.928809 0.257507 0.266466 10.928400 -0.240633 -0.965981 0.094740 -5.879300 0.281797 0.023875 0.959177 0.408700 0.000000 0.000000 0.000000 1.000000
-0.929852 0.255396 0.264855 10.928400 -0.237551 -0.966427 0.097918 -5.879300 0.280971 0.028133 0.959304 0.408700 0.000000 0.000000 0.000000 1.000000
-0.930882 0.253277 0.263266 10.928400 -0.234470 -0.966852 0.101103 -5.879300 0.280146 0.032387 0.959411 0.408700 0.000000 0.000000 0.000000 1.000000
-0.931900 0.251151 0.261698 10.928400 -0.231392 -0.967254 0.104293 -5.879300 0.279322 0.036636 0.959498 0.408700 0.000000 0.000000 0.000000 1.000000
-0.932904 0.249020 0.260153 10.928400 -0.228316 -0.967635 0.107488 -5.879300 0.278499 0.040879 0.959566 0.408700 0.000000 0.000000 0.000000 1.000000
-0.933895 0.246883 0.258629 10.928400 -0.225243 -0.967995 0.110688 -5.879300 0.277679 0.045117 0.959614 0.408700 0.000000 0.000000 0.000000 1.000000
-0.934873 0.244740 0.257128 10.928400 -0.222175 -0.968332 0.113892 -5.879300 0.276859 0.049347 0.959642 0.408700 0.000000 0.000000 0.000000 1.000000
-0.935837 0.242594 0.255650 10.928400 -0.219110 -0.968648 0.117100 -5.879300 0.276042 0.053571 0.959651 0.408700 0.000000 0.000000 0.000000 1.000000
-0.936788 0.240443 0.254194 10.928400 -0.216050 -0.968942 0.120310 -5.879300 0.275227 0.057786 0.959641 0.408700 0.000000 0.000000 0.000000 1.000000
-0.937726 0.238290 0.252761 10.928400 -0.212996 -0.969214 0.123522 -5.879300 0.274413 0.061993 0.959612 0.408700 0.000000 0.000000 0.000000 1.000000
-0.938650 0.236133 0.251351 10.928400 -0.209947 -0.969464 0.126736 -5.879300 0.273602 0.066190 0.959563 0.408700 0.000000 0.000000 0.000000 1.000000
-0.939561 0.233974 0.249964 10.928400 -0.206905 -0.969692 0.129951 -5.879300 0.272793 0.070378 0.959495 0.408700 0.000000 0.000000 0.000000 1.000000
-0.940457 0.231814 0.248600 10.928400 -0.203870 -0.969899 0.133166 -5.879300 0.271987 0.074555 0.959409 0.408700 0.000000 0.000000 0.000000 1.000000
-0.941341 0.229653 0.247260 10.928400 -0.200843 -0.970084 0.136381 -5.879300 0.271183 0.078721 0.959303 0.408700 0.000000 0.000000 0.000000 1.000000
-0.940859 0.231843 0.247048 10.928400 -0.203147 -0.969618 0.136277 -5.879300 0.271137 0.078030 0.959373 0.408700 0.000000 0.000000 0.000000 1.000000
-0.940333 0.234201 0.246829 10.928400 -0.205413 -0.969050 0.136919 -5.879300 0.271256 0.078048 0.959338 0.408700 0.000000 0.000000 0.000000 1.000000
-0.939813 0.236533 0.246585 10.928400 -0.207581 -0.968460 0.137824 -5.879300 0.271407 0.078342 0.959271 0.408700 0.000000 0.000000 0.000000 1.000000
-0.939389 0.238576 0.246233 10.928400 -0.209301 -0.967880 0.139291 -5.879300 0.271555 0.079312 0.959149 0.408700 0.000000 0.000000 0.000000 1.000000
-0.938477 0.241434 0.246923 10.928400 -0.212186 -0.967251 0.139296 -5.879300 0.272467 0.078332 0.958971 0.408700 0.000000 0.000000 0.000000 1.000000
-0.937525 0.244211 0.247805 10.928400 -0.215104 -0.966671 0.138843 -5.879300 0.273452 0.076865 0.958809 0.408700 0.000000 0.000000 0.000000 1.000000
-0.936705 0.246444 0.248694 10.928400 -0.217648 -0.966258 0.137749 -5.879300 0.274250 0.074902 0.958737 0.408700 0.000000 0.000000 0.000000 1.000000
-0.936064 0.248178 0.249382 10.928400 -0.219606 -0.965927 0.136962 -5.879300 0.274875 0.073440 0.958671 0.408700 0.000000 0.000000 0.000000 1.000000
-0.935789 0.249141 0.249454 10.928400 -0.220422 -0.965656 0.137562 -5.879300 0.275159 0.073743 0.958566 0.408700 0.000000 0.000000 0.000000 1.000000
-0.935646 0.249821 0.249310 10.928400 -0.220731 -0.965384 0.138969 -5.879300 0.275397 0.074995 0.958401 0.408700 0.000000 0.000000 0.000000 1.000000
-0.935440 0.250683 0.249219 10.928400 -0.220781 -0.964944 0.141912 -5.879300 0.276057 0.077728 0.957993 0.408700 0.000000 0.000000 0.000000 1.000000
-0.935528 0.251071 0.248497 10.928400 -0.220289 -0.964564 0.145224 -5.879300 0.276153 0.081119 0.957684 0.408700 0.000000 0.000000 0.000000 1.000000
-0.935915 0.250576 0.247536 10.928400 -0.219047 -0.964415 0.148059 -5.879300 0.275828 0.084349 0.957499 0.408700 0.000000 0.000000 0.000000 1.000000
-0.936357 0.249912 0.246536 10.928400 -0.217664 -0.964303 0.150808 -5.879300 0.275424 0.087548 0.957328 0.408700 0.000000 0.000000 0.000000 1.000000
-0.936791 0.249266 0.245538 10.928400 -0.216299 -0.964173 0.153575 -5.879300 0.275022 0.090758 0.957145 0.408700 0.000000 0.000000 0.000000 1.000000
-0.937179 0.248787 0.244544 10.928400 -0.215077 -0.963983 0.156458 -5.879300 0.274661 0.094033 0.956932 0.408700 0.000000 0.000000 0.000000 1.000000
-0.937433 0.248467 0.243892 10.928400 -0.214045 -0.963774 0.159137 -5.879300 0.274597 0.096977 0.956657 0.408700 0.000000 0.000000 0.000000 1.000000
-0.937521 0.248652 0.243366 10.928400 -0.213535 -0.963448 0.161771 -5.879300 0.274695 0.099696 0.956349 0.408700 0.000000 0.000000 0.000000 1.000000
-0.938096 0.247793 0.242024 10.928400 -0.211970 -0.963304 0.164661 -5.879300 0.273944 0.103166 0.956196 0.408700 0.000000 0.000000 0.000000 1.000000
-0.938742 0.246756 0.240570 10.928400 -0.210248 -0.963186 0.167535 -5.879300 0.273054 0.106692 0.956064 0.408700 0.000000 0.000000 0.000000 1.000000
-0.939139 0.246138 0.239653 10.928400 -0.209217 -0.963103 0.169296 -5.879300 0.272480 0.108853 0.955984 0.408700 0.000000 0.000000 0.000000 1.000000
-0.939249 0.246024 0.239339 10.928400 -0.208967 -0.963052 0.169891 -5.879300 0.272294 0.109556 0.955957 0.408700 0.000000 0.000000 0.000000 1.000000
-0.939267 0.246066 0.239227 10.928400 -0.208969 -0.963018 0.170083 -5.879300 0.272231 0.109763 0.955951 0.408700 0.000000 0.000000 0.000000 1.000000
-0.939223 0.246215 0.239246 10.928400 -0.209144 -0.962995 0.169996 -5.879300 0.272248 0.109628 0.955962 0.408700 0.000000 0.000000 0.000000 1.000000
-0.939148 0.246420 0.239328 10.928400 -0.209414 -0.962979 0.169755 -5.879300 0.272299 0.109306 0.955984 0.408700 0.000000 0.000000 0.000000 1.000000
-0.939073 0.246632 0.239404 10.928400 -0.209700 -0.962965 0.169482 -5.879300 0.272337 0.108953 0.956013 0.408700 0.000000 0.000000 0.000000 1.000000
-0.939028 0.246802 0.239405 10.928400 -0.209925 -0.962948 0.169302 -5.879300 0.272318 0.108723 0.956045 0.408700 0.000000 0.000000 0.000000 1.000000
-0.939004 0.247055 0.239237 10.928400 -0.210389 -0.962960 0.168654 -5.879300 0.272043 0.108034 0.956202 0.408700 0.000000 0.000000 0.000000 1.000000
-0.938675 0.247885 0.239671 10.928400 -0.211272 -0.962817 0.168365 -5.879300 0.272495 0.107404 0.956144 0.408700 0.000000 0.000000 0.000000 1.000000
-0.938289 0.248817 0.240218 10.928400 -0.212230 -0.962646 0.168140 -5.879300 0.273081 0.106783 0.956046 0.408700 0.000000 0.000000 0.000000 1.000000
-0.937923 0.249670 0.240760 10.928400 -0.213125 -0.962498 0.167854 -5.879300 0.273639 0.106122 0.955960 0.408700 0.000000 0.000000 0.000000 1.000000
-0.937693 0.250073 0.241237 10.928400 -0.213667 -0.962490 0.167213 -5.879300 0.274004 0.105250 0.955952 0.408700 0.000000 0.000000 0.000000 1.000000</float_array>
        <technique_common>
          <accessor source="#mixamorig_LeftUpLeg-Matrix-animation-output-transform-array" count="184" stride="16">
            <param type="float4x4"/>
          </accessor>
        </technique_common>
      </source>
      <source id="mixamorig_LeftUpLeg-Interpolations">
        <Name_array id="mixamorig_LeftUpLeg-Interpolations-array" count="184">
 LINEAR LINEAR LINEAR LINEAR LINEAR LINEAR LINEAR LINEAR LINEAR LINEAR LINEAR
LINEAR LINEAR LINEAR LINEAR LINEAR LINEAR LINEAR LINEAR LINEAR LINEAR LINEAR LINEAR
LINEAR LINEAR LINEAR LINEAR LINEAR LINEAR LINEAR LINEAR LINEAR LINEAR LINEAR LINEAR
LINEAR LINEAR LINEAR LINEAR LINEAR LINEAR LINEAR LINEAR LINEAR LINEAR LINEAR LINEAR
LINEAR LINEAR LINEAR LINEAR LINEAR LINEAR LINEAR LINEAR LINEAR LINEAR LINEAR LINEAR
LINEAR LINEAR LINEAR LINEAR LINEAR LINEAR LINEAR LINEAR LINEAR LINEAR LINEAR LINEAR
LINEAR LINEAR LINEAR LINEAR LINEAR LINEAR LINEAR LINEAR LINEAR LINEAR LINEAR LINEAR
LINEAR LINEAR LINEAR LINEAR LINEAR LINEAR LINEAR LINEAR LINEAR LINEAR LINEAR LINEAR
LINEAR LINEAR LINEAR LINEAR LINEAR LINEAR LINEAR LINEAR LINEAR LINEAR LINEAR LINEAR
LINEAR LINEAR LINEAR LINEAR LINEAR LINEAR LINEAR LINEAR LINEAR LINEAR LINEAR LINEAR
LINEAR LINEAR LINEAR LINEAR LINEAR LINEAR LINEAR LINEAR LINEAR LINEAR LINEAR LINEAR
LINEAR LINEAR LINEAR LINEAR LINEAR LINEAR LINEAR LINEAR LINEAR LINEAR LINEAR LINEAR
LINEAR LINEAR LINEAR LINEAR LINEAR LINEAR LINEAR LINEAR LINEAR LINEAR LINEAR LINEAR
LINEAR LINEAR LINEAR LINEAR LINEAR LINEAR LINEAR LINEAR LINEAR LINEAR LINEAR LINEAR
LINEAR LINEAR LINEAR LINEAR LINEAR LINEAR LINEAR LINEAR LINEAR LINEAR LINEAR LINEAR
LINEAR LINEAR LINEAR LINEAR LINEAR</Name_array>
        <technique_common>
          <accessor source="#mixamorig_LeftUpLeg-Interpolations-array" count="184">
            <param type="name"/>
          </accessor>
        </technique_common>
      </source>
      <sampler id="mixamorig_LeftUpLeg-Matrix-animation-transform">
        <input semantic="INPUT" source="#mixamorig_LeftUpLeg-Matrix-animation-input"/>
        <input semantic="OUTPUT" source="#mixamorig_LeftUpLeg-Matrix-animation-output-transform"/>
        <input semantic="INTERPOLATION" source="#mixamorig_LeftUpLeg-Interpolations"/>
      </sampler>
      <channel source="#mixamorig_LeftUpLeg-Matrix-animation-transform" target="mixamorig_LeftUpLeg/matrix"/>
    </animation>
    <animation id="mixamorig_LeftLeg-anim" name="mixamorig_LeftLeg">
      <source id="mixamorig_LeftLeg-Matrix-animation-input">
        <float_array id="mixamorig_LeftLeg-Matrix-animation-input-array" count="184">

0.000000 0.033333 0.066667 0.100000 0.133333 0.166667 0.200000 0.233333 0.266667 0.300000 0.333333 0.366667 0.400000 0.433333 0.466667 0.500000
0.533333 0.566667 0.600000 0.633333 0.666667 0.700000 0.733333 0.766667 0.800000 0.833333 0.866667 0.900000 0.933333 0.966667 1.000000 1.033333
1.066667 1.100000 1.133333 1.166667 1.200000 1.233333 1.266667 1.300000 1.333333 1.366667 1.400000 1.433333 1.466667 1.500000 1.533333 1.566667
1.600000 1.633333 1.666667 1.700000 1.733333 1.766667 1.800000 1.833333 1.866667 1.900000 1.933333 1.966667 2.000000 2.033333 2.066667 2.100000
2.133333 2.166667 2.200000 2.233333 2.266667 2.300000 2.333333 2.366667 2.400000 2.433333 2.466667 2.500000 2.533333 2.566667 2.600000 2.633333
2.666667 2.700000 2.733333 2.766667 2.800000 2.833333 2.866667 2.900000 2.933333 2.966667 3.000000 3.033333 3.066667 3.100000 3.133333 3.166667
3.200000 3.233333 3.266667 3.300000 3.333333 3.366667 3.400000 3.433333 3.466667 3.500000 3.533333 3.566667 3.600000 3.633333 3.666667 3.700000
3.733333 3.766667 3.800000 3.833333 3.866667 3.900000 3.933333 3.966667 4.000000 4.033333 4.066667 4.100000 4.133333 4.166667 4.200000 4.233333
4.266667 4.300000 4.333333 4.366667 4.400000 4.433333 4.466667 4.500000 4.533333 4.566667 4.600000 4.633333 4.666667 4.700000 4.733333 4.766667
4.800000 4.833333 4.866667 4.900000 4.933333 4.966667 5.000000 5.033333 5.066667 5.100000 5.133333 5.166667 5.200000 5.233333 5.266667 5.300000
5.333333 5.366667 5.400000 5.433333 5.466667 5.500000 5.533333 5.566667 5.600000 5.633333 5.666667 5.700000 5.733333 5.766667 5.800000 5.833333
5.866667 5.900000 5.933333 5.966667 6.000000 6.033333 6.066667 6.100000</float_array>
        <technique_common>
          <accessor source="#mixamorig_LeftLeg-Matrix-animation-input-array" count="184">
            <param name="TIME" type="float"/>
          </accessor>
        </technique_common>
      </source>
      <source id="mixamorig_LeftLeg-Matrix-animation-output-transform">
        <float_array id="mixamorig_LeftLeg-Matrix-animation-output-transform-array" count="2944">

0.987465 0.039962 -0.152697 -0.000000 0.058270 0.806785 0.587965 42.821301 0.146690 -0.589492 0.794343 0.000000 0.000000 0.000000 0.000000 1.000000
0.987444 0.039973 -0.152827 -0.000000 0.058272 0.807053 0.587597 42.821301 0.146827 -0.589125 0.794590 0.000000 0.000000 0.000000 0.000000 1.000000
0.987426 0.040010 -0.152936 -0.000000 0.058261 0.807238 0.587343 42.821301 0.146956 -0.588868 0.794757 0.000000 0.000000 0.000000 0.000000 1.000000
0.987410 0.040084 -0.153018 0.000000 0.058242 0.807272 0.587298 42.821301 0.147068 -0.588816 0.794774 0.000000 0.000000 0.000000 0.000000 1.000000
0.987395 0.040163 -0.153095 -0.000000 0.058227 0.807261 0.587316 42.821301 0.147176 -0.588827 0.794746 0.000000 0.000000 0.000000 0.000000 1.000000
0.987382 0.040271 -0.153152 -0.000000 0.058185 0.807217 0.587380 42.821301 0.147282 -0.588879 0.794688 0.000000 0.000000 0.000000 0.000000 1.000000
0.987372 0.040433 -0.153175 -0.000000 0.058084 0.807157 0.587473 42.821301 0.147390 -0.588951 0.794615 -0.000000 0.000000 0.000000 0.000000 1.000000
0.987365 0.040656 -0.153159 0.000000 0.057914 0.807082 0.587592 42.821301 0.147501 -0.589038 0.794530 0.000000 0.000000 0.000000 0.000000 1.000000
0.987361 0.040921 -0.153116 0.000000 0.057699 0.806990 0.587739 42.821301 0.147614 -0.589145 0.794429 0.000000 0.000000 0.000000 0.000000 1.000000
0.987358 0.041209 -0.153058 -0.000000 0.057459 0.806886 0.587906 42.821301 0.147727 -0.589268 0.794317 0.000000 0.000000 0.000000 0.000000 1.000000
0.987355 0.041500 -0.152996 0.000000 0.057217 0.806773 0.588085 42.821301 0.147839 -0.589402 0.794197 0.000000 0.000000 0.000000 0.000000 1.000000
0.987352 0.041778 -0.152942 0.000000 0.056992 0.806656 0.588267 42.821301 0.147948 -0.589543 0.794072 0.000000 0.000000 0.000000 0.000000 1.000000
0.987349 0.042015 -0.152897 0.000000 0.056825 0.806453 0.588562 42.821301 0.148033 -0.589804 0.793862 0.000000 0.000000 0.000000 0.000000 1.000000
0.987381 0.042371 -0.152586 0.000000 0.056375 0.806372 0.588716 42.821301 0.147986 -0.589889 0.793808 -0.000000 0.000000 0.000000 0.000000 1.000000
0.987419 0.042745 -0.152239 0.000000 0.055880 0.806321 0.588832 42.821301 0.147923 -0.589931 0.793788 0.000000 0.000000 0.000000 0.000000 1.000000
0.987427 0.043058 -0.152096 0.000000 0.055527 0.806387 0.588775 42.821301 0.148000 -0.589818 0.793858 0.000000 0.000000 0.000000 0.000000 1.000000
0.987405 0.043308 -0.152171 0.000000 0.055327 0.806563 0.588553 42.821301 0.148224 -0.589559 0.794008 -0.000000 0.000000 0.000000 0.000000 1.000000
0.987374 0.043545 -0.152305 0.000000 0.055163 0.806776 0.588276 42.821301 0.148493 -0.589250 0.794188 -0.000000 0.000000 0.000000 0.000000 1.000000
0.987336 0.043771 -0.152482 0.000000 0.055027 0.807015 0.587962 42.821301 0.148791 -0.588907 0.794386 -0.000000 0.000000 0.000000 0.000000 1.000000
0.987295 0.043986 -0.152686 0.000000 0.054912 0.807266 0.587627 42.821301 0.149106 -0.588546 0.794595 0.000000 0.000000 0.000000 0.000000 1.000000
0.987253 0.044191 -0.152902 0.000000 0.054811 0.807519 0.587289 42.821301 0.149424 -0.588183 0.794804 0.000000 0.000000 0.000000 0.000000 1.000000
0.987211 0.044388 -0.153113 0.000000 0.054717 0.807762 0.586964 42.821301 0.149732 -0.587835 0.795003 0.000000 0.000000 0.000000 0.000000 1.000000
0.987173 0.044576 -0.153302 0.000000 0.054621 0.807983 0.586669 42.821301 0.150017 -0.587517 0.795184 0.000000 0.000000 0.000000 0.000000 1.000000
0.987147 0.044542 -0.153484 0.000000 0.054743 0.808036 0.586584 42.821301 0.150149 -0.587447 0.795212 0.000000 0.000000 0.000000 0.000000 1.000000
0.987114 0.044459 -0.153718 0.000000 0.055031 0.807717 0.586996 42.821301 0.150257 -0.587892 0.794862 0.000000 0.000000 0.000000 0.000000 1.000000
0.987088 0.044622 -0.153840 -0.000000 0.055024 0.807515 0.587275 42.821301 0.150434 -0.588157 0.794633 0.000000 0.000000 0.000000 0.000000 1.000000
0.987043 0.044284 -0.154222 0.000000 0.055437 0.807849 0.586776 42.821301 0.150573 -0.587723 0.794927 -0.000000 0.000000 0.000000 0.000000 1.000000
0.986994 0.043826 -0.154669 0.000000 0.055960 0.808281 0.586131 42.821301 0.150704 -0.587163 0.795316 0.000000 0.000000 0.000000 0.000000 1.000000
0.986937 0.043276 -0.155185 0.000000 0.056611 0.808663 0.585542 42.821301 0.150832 -0.586678 0.795650 0.000000 0.000000 0.000000 0.000000 1.000000
0.986888 0.042926 -0.155595 0.000000 0.057048 0.809006 0.585025 42.821301 0.150990 -0.586231 0.795950 -0.000000 0.000000 0.000000 0.000000 1.000000
0.986899 0.043211 -0.155447 0.000000 0.056599 0.809516 0.584364 42.821301 0.151088 -0.585506 0.796464 0.000000 0.000000 0.000000 0.000000 1.000000
0.987163 0.043513 -0.153674 -0.000000 0.055142 0.810158 0.583612 42.821301 0.149895 -0.584594 0.797359 0.000000 0.000000 0.000000 0.000000 1.000000
0.987308 0.044419 -0.152480 0.000000 0.053634 0.810439 0.583363 42.821301 0.149488 -0.584137 0.797770 0.000000 0.000000 0.000000 0.000000 1.000000
0.987521 0.045383 -0.150804 -0.000000 0.051890 0.810338 0.583661 42.821301 0.148690 -0.584203 0.797871 0.000000 0.000000 0.000000 0.000000 1.000000
0.987862 0.047117 -0.148017 -0.000000 0.049251 0.808718 0.586130 42.821301 0.147321 -0.586306 0.796581 0.000000 0.000000 0.000000 0.000000 1.000000
0.988239 0.048936 -0.144874 0.000000 0.046404 0.806766 0.589047 42.821301 0.145705 -0.588842 0.795007 0.000000 0.000000 0.000000 0.000000 1.000000
0.988539 0.050802 -0.142159 0.000000 0.043714 0.805006 0.591654 42.821301 0.144496 -0.591088 0.793559 0.000000 0.000000 0.000000 0.000000 1.000000
0.988654 0.052695 -0.140661 -0.000000 0.041548 0.803971 0.593215 42.821301 0.144347 -0.592329 0.792660 0.000000 0.000000 0.000000 0.000000 1.000000
0.987494 0.054951 -0.147773 0.000000 0.042989 0.807930 0.587709 42.821301 0.151685 -0.586711 0.795463 0.000000 0.000000 0.000000 0.000000 1.000000
0.988278 0.070764 -0.135276 0.000000 0.024434 0.801351 0.597695 42.821301 0.150699 -0.593994 0.790229 0.000000 0.000000 0.000000 0.000000 1.000000
0.989070 0.089383 -0.117267 -0.000000 0.003371 0.781394 0.624028 42.821301 0.147410 -0.617603 0.772552 0.000000 0.000000 0.000000 0.000000 1.000000
0.989970 0.107530 -0.091634 0.000000 -0.010091 0.700772 0.713314 42.821301 0.140917 -0.705235 0.694828 -0.000000 0.000000 0.000000 0.000000 1.000000
0.991156 0.128926 -0.031429 0.000000 -0.053672 0.606081 0.793590 42.821301 0.121363 -0.784884 0.607641 0.000000 0.000000 0.000000 0.000000 1.000000
0.989496 0.133209 -0.056161 -0.000000 -0.016490 0.489956 0.871591 42.821301 0.143620 -0.861509 0.487006 0.000000 0.000000 0.000000 0.000000 1.000000
0.985937 0.140499 -0.090491 0.000000 0.031255 0.376903 0.925725 42.821301 0.164170 -0.915535 0.367211 -0.000000 0.000000 0.000000 0.000000 1.000000
0.985441 0.130180 -0.109354 -0.000000 0.067383 0.291474 0.954202 42.821301 0.156093 -0.947679 0.278459 0.000000 0.000000 0.000000 0.000000 1.000000
0.986316 0.116064 -0.117090 0.000000 0.088154 0.228885 0.969454 42.821301 0.139318 -0.966510 0.215521 0.000000 0.000000 0.000000 0.000000 1.000000
0.989471 0.108500 -0.095790 0.000000 0.073996 0.189577 0.979074 42.821301 0.124389 -0.975853 0.179552 0.000000 0.000000 0.000000 0.000000 1.000000
0.992446 0.102060 -0.068082 -0.000000 0.048838 0.180415 0.982377 42.821301 0.112545 -0.978281 0.174068 0.000000 0.000000 0.000000 0.000000 1.000000
0.993284 0.101891 -0.054817 0.000000 0.032796 0.206408 0.977916 42.821301 0.110956 -0.973146 0.201681 -0.000000 0.000000 0.000000 0.000000 1.000000
0.993481 0.103495 -0.047788 0.000000 0.018716 0.265431 0.963948 42.821301 0.112448 -0.958559 0.261763 -0.000000 0.000000 0.000000 0.000000 1.000000
0.993555 0.104296 -0.044392 0.000000 0.004569 0.354469 0.935057 42.821301 0.113258 -0.929233 0.351708 -0.000000 0.000000 0.000000 0.000000 1.000000
0.993460 0.105433 -0.043840 0.000000 -0.008879 0.454106 0.890903 42.821301 0.113839 -0.884687 0.452072 0.000000 0.000000 0.000000 0.000000 1.000000
0.993787 0.102275 -0.043891 -0.000000 -0.018643 0.541765 0.840323 42.821301 0.109723 -0.834284 0.540306 0.000000 0.000000 0.000000 0.000000 1.000000
0.995557 0.085344 -0.039793 -0.000000 -0.020668 0.610322 0.791884 42.821301 0.091869 -0.787542 0.609374 0.000000 0.000000 0.000000 0.000000 1.000000
0.997234 0.065156 -0.035756 0.000000 -0.015887 0.656855 0.753850 42.821301 0.072605 -0.751197 0.656073 -0.000000 0.000000 0.000000 0.000000 1.000000
0.996988 0.058525 -0.050895 -0.000000 0.001301 0.643486 0.765457 42.821301 0.077549 -0.763217 0.641471 0.000000 0.000000 0.000000 0.000000 1.000000
0.996950 0.057275 -0.053008 0.000000 0.003403 0.646687 0.762748 42.821301 0.077966 -0.760602 0.644520 0.000000 0.000000 0.000000 0.000000 1.000000
0.996948 0.056521 -0.053848 -0.000000 0.004047 0.651433 0.758695 42.821301 0.077960 -0.756598 0.649217 0.000000 0.000000 0.000000 0.000000 1.000000
0.996974 0.056090 -0.053831 -0.000000 0.003717 0.657246 0.753667 42.821301 0.077653 -0.751586 0.655048 0.000000 0.000000 0.000000 0.000000 1.000000
0.997014 0.055808 -0.053373 0.000000 0.002896 0.663651 0.748036 42.821301 0.077168 -0.745957 0.661508 0.000000 0.000000 0.000000 0.000000 1.000000
0.997058 0.055491 -0.052884 -0.000000 0.002066 0.670188 0.742189 42.821301 0.076627 -0.740114 0.668101 0.000000 0.000000 0.000000 0.000000 1.000000
0.997226 0.056225 -0.048770 -0.000000 -0.002738 0.682517 0.730865 42.821301 0.074379 -0.728704 0.680778 0.000000 0.000000 0.000000 0.000000 1.000000
0.997536 0.054570 -0.044100 0.000000 -0.006610 0.698854 0.715234 42.821301 0.069850 -0.713180 0.697493 0.000000 0.000000 0.000000 0.000000 1.000000
0.997967 0.051478 -0.037574 0.000000 -0.010419 0.713414 0.700665 42.821301 0.062875 -0.698849 0.712500 0.000000 0.000000 0.000000 0.000000 1.000000
0.998544 0.045196 -0.029453 0.000000 -0.012458 0.724410 0.689256 42.821301 0.052488 -0.687886 0.723919 -0.000000 0.000000 0.000000 0.000000 1.000000
0.999001 0.038960 -0.021899 0.000000 -0.013745 0.734061 0.678945 42.821301 0.042527 -0.677965 0.733863 0.000000 0.000000 0.000000 0.000000 1.000000
0.999292 0.033886 -0.016363 -0.000000 -0.014207 0.742394 0.669813 42.821301 0.034846 -0.669106 0.742349 0.000000 0.000000 0.000000 0.000000 1.000000
0.999456 0.030207 -0.013207 0.000000 -0.013923 0.749857 0.661453 42.821301 0.029884 -0.660910 0.749870 0.000000 0.000000 0.000000 0.000000 1.000000
0.999490 0.028916 -0.013582 -0.000000 -0.013028 0.757100 0.653169 42.821301 0.029171 -0.652658 0.757091 0.000000 0.000000 0.000000 0.000000 1.000000
0.999447 0.028813 -0.016607 0.000000 -0.011281 0.763481 0.645732 42.821301 0.031285 -0.645187 0.763384 0.000000 0.000000 0.000000 0.000000 1.000000
0.999329 0.029154 -0.022183 0.000000 -0.008212 0.768394 0.639925 42.821301 0.035701 -0.639313 0.768117 -0.000000 0.000000 0.000000 0.000000 1.000000
0.999138 0.029781 -0.028922 0.000000 -0.004643 0.772473 0.635031 42.821301 0.041253 -0.634349 0.771945 0.000000 0.000000 0.000000 0.000000 1.000000
0.998886 0.030494 -0.036013 0.000000 -0.000969 0.776255 0.630418 42.821301 0.047179 -0.629681 0.775420 0.000000 0.000000 0.000000 0.000000 1.000000
0.998659 0.030856 -0.041573 0.000000 0.002007 0.779309 0.626636 42.821301 0.051734 -0.625879 0.778202 0.000000 0.000000 0.000000 0.000000 1.000000
0.998652 0.030100 -0.042293 0.000000 0.002903 0.781065 0.624443 42.821301 0.051829 -0.623723 0.779925 0.000000 0.000000 0.000000 0.000000 1.000000
0.998707 0.029199 -0.041613 0.000000 0.003072 0.782433 0.622728 42.821301 0.050743 -0.622050 0.781331 -0.000000 0.000000 0.000000 0.000000 1.000000
0.998654 0.029415 -0.042724 0.000000 0.003428 0.784437 0.620198 42.821301 0.051758 -0.619510 0.783281 -0.000000 0.000000 0.000000 0.000000 1.000000
0.998620 0.029654 -0.043344 0.000000 0.003427 0.786780 0.617224 42.821301 0.052405 -0.616521 0.785592 0.000000 0.000000 0.000000 0.000000 1.000000
0.998497 0.030061 -0.045830 0.000000 0.004366 0.789889 0.613234 42.821301 0.054635 -0.612512 0.788571 0.000000 0.000000 0.000000 0.000000 1.000000
0.998175 0.030652 -0.052026 0.000000 0.007314 0.793861 0.608056 42.821301 0.059940 -0.607327 0.792188 0.000000 0.000000 0.000000 0.000000 1.000000
0.997781 0.031260 -0.058793 -0.000000 0.010525 0.797806 0.602822 42.821301 0.065750 -0.602103 0.795707 0.000000 0.000000 0.000000 0.000000 1.000000
0.997411 0.032549 -0.064125 -0.000000 0.012324 0.801146 0.598343 42.821301 0.070848 -0.597584 0.798670 0.000000 0.000000 0.000000 0.000000 1.000000
0.997012 0.033876 -0.069429 -0.000000 0.014020 0.804452 0.593853 42.821301 0.075969 -0.593051 0.801573 -0.000000 0.000000 0.000000 0.000000 1.000000
0.996593 0.035184 -0.074592 0.000000 0.015602 0.807676 0.589420 42.821301 0.080984 -0.588576 0.804376 -0.000000 0.000000 0.000000 0.000000 1.000000
0.996169 0.036417 -0.079501 -0.000000 0.017057 0.810771 0.585115 42.821301 0.085765 -0.584230 0.807044 0.000000 0.000000 0.000000 0.000000 1.000000
0.995756 0.037524 -0.084037 0.000000 0.018371 0.813690 0.581009 42.821301 0.090182 -0.580087 0.809547 -0.000000 0.000000 0.000000 0.000000 1.000000
0.995694 0.038095 -0.084508 -0.000000 0.017988 0.814921 0.579292 42.821301 0.090935 -0.578318 0.810727 0.000000 0.000000 0.000000 0.000000 1.000000
0.995865 0.037366 -0.082811 0.000000 0.017583 0.814998 0.579197 42.821301 0.089133 -0.578258 0.810970 0.000000 0.000000 0.000000 0.000000 1.000000
0.996196 0.036019 -0.079346 0.000000 0.016879 0.813559 0.581238 42.821301 0.085488 -0.580366 0.809856 -0.000000 0.000000 0.000000 0.000000 1.000000
0.996555 0.034445 -0.075447 0.000000 0.016135 0.811782 0.583737 42.821301 0.081354 -0.582944 0.808430 -0.000000 0.000000 0.000000 0.000000 1.000000
0.996916 0.032606 -0.071375 0.000000 0.015497 0.809855 0.586425 42.821301 0.076924 -0.585723 0.806853 0.000000 0.000000 0.000000 0.000000 1.000000
0.997263 0.030742 -0.067242 0.000000 0.014791 0.808124 0.588827 42.821301 0.072441 -0.588210 0.805457 0.000000 0.000000 0.000000 0.000000 1.000000
0.997617 0.028961 -0.062624 0.000000 0.013620 0.807124 0.590225 42.821301 0.067639 -0.589672 0.804806 0.000000 0.000000 0.000000 0.000000 1.000000
0.997853 0.027678 -0.059358 0.000000 0.012791 0.806502 0.591093 42.821301 0.064232 -0.590583 0.804416 -0.000000 0.000000 0.000000 0.000000 1.000000
0.997902 0.027147 -0.058770 0.000000 0.012917 0.806075 0.591673 42.821301 0.063435 -0.591191 0.804033 0.000000 0.000000 0.000000 0.000000 1.000000
0.997890 0.026872 -0.059104 0.000000 0.013369 0.805782 0.592061 42.821301 0.063535 -0.591602 0.803723 0.000000 0.000000 0.000000 0.000000 1.000000
0.997867 0.026717 -0.059564 -0.000000 0.013808 0.805398 0.592573 42.821301 0.063804 -0.592132 0.803311 0.000000 0.000000 0.000000 0.000000 1.000000
0.997884 0.026545 -0.059356 -0.000000 0.013898 0.804695 0.593525 42.821301 0.063518 -0.593094 0.802624 0.000000 0.000000 0.000000 0.000000 1.000000
0.998021 0.026238 -0.057153 0.000000 0.013009 0.803017 0.595814 42.821301 0.061528 -0.595378 0.801086 0.000000 0.000000 0.000000 0.000000 1.000000
0.998191 0.025961 -0.054234 0.000000 0.011698 0.800899 0.598685 42.821301 0.058978 -0.598237 0.799146 -0.000000 0.000000 0.000000 0.000000 1.000000
0.998217 0.026049 -0.053707 0.000000 0.011408 0.799914 0.600006 42.821301 0.058590 -0.599549 0.798191 0.000000 0.000000 0.000000 0.000000 1.000000
0.998113 0.026440 -0.055420 0.000000 0.012113 0.800028 0.599840 42.821301 0.060197 -0.599380 0.798198 0.000000 0.000000 0.000000 0.000000 1.000000
0.998005 0.026833 -0.057148 -0.000000 0.012824 0.800151 0.599662 42.821301 0.061818 -0.599198 0.798210 0.000000 0.000000 0.000000 0.000000 1.000000
0.997893 0.027230 -0.058892 0.000000 0.013541 0.800282 0.599471 42.821301 0.063454 -0.599006 0.798227 0.000000 0.000000 0.000000 0.000000 1.000000
0.997777 0.027629 -0.060651 0.000000 0.014263 0.800421 0.599269 42.821301 0.065103 -0.598802 0.798247 0.000000 0.000000 0.000000 0.000000 1.000000
0.997656 0.028030 -0.062424 0.000000 0.014991 0.800568 0.599055 42.821301 0.066766 -0.598587 0.798271 -0.000000 0.000000 0.000000 0.000000 1.000000
0.997531 0.028433 -0.064211 0.000000 0.015723 0.800722 0.598830 42.821301 0.068442 -0.598361 0.798298 0.000000 0.000000 0.000000 0.000000 1.000000
0.997402 0.028838 -0.066012 0.000000 0.016461 0.800884 0.598593 42.821301 0.070130 -0.598125 0.798329 0.000000 0.000000 0.000000 0.000000 1.000000
0.997269 0.029245 -0.067825 0.000000 0.017204 0.801053 0.598346 42.821301 0.071830 -0.597878 0.798362 0.000000 0.000000 0.000000 0.000000 1.000000
0.997131 0.029653 -0.069652 0.000000 0.017951 0.801229 0.598088 42.821301 0.073542 -0.597622 0.798398 0.000000 0.000000 0.000000 0.000000 1.000000
0.996988 0.030062 -0.071490 -0.000000 0.018703 0.801412 0.597820 42.821301 0.075265 -0.597356 0.798436 0.000000 0.000000 0.000000 0.000000 1.000000
0.996841 0.030472 -0.073340 0.000000 0.019459 0.801602 0.597542 42.821301 0.076998 -0.597081 0.798477 0.000000 0.000000 0.000000 0.000000 1.000000
0.996690 0.030883 -0.075201 -0.000000 0.020219 0.801798 0.597254 42.821301 0.078741 -0.596797 0.798519 0.000000 0.000000 0.000000 0.000000 1.000000
0.996534 0.031295 -0.077074 0.000000 0.020984 0.801999 0.596956 42.821301 0.080495 -0.596504 0.798563 0.000000 0.000000 0.000000 0.000000 1.000000
0.996374 0.031707 -0.078956 -0.000000 0.021752 0.802207 0.596649 42.821301 0.082257 -0.596203 0.798609 0.000000 0.000000 0.000000 0.000000 1.000000
0.996209 0.032120 -0.080848 0.000000 0.022524 0.802421 0.596333 42.821301 0.084028 -0.595894 0.798655 0.000000 0.000000 0.000000 0.000000 1.000000
0.996039 0.032532 -0.082750 0.000000 0.023300 0.802640 0.596009 42.821301 0.085807 -0.595576 0.798703 0.000000 0.000000 0.000000 0.000000 1.000000
0.995865 0.032944 -0.084660 0.000000 0.024080 0.802864 0.595676 42.821301 0.087595 -0.595251 0.798751 0.000000 0.000000 0.000000 0.000000 1.000000
0.995686 0.033357 -0.086579 -0.000000 0.024862 0.803093 0.595335 42.821301 0.089389 -0.594919 0.798799 0.000000 0.000000 0.000000 0.000000 1.000000
0.995503 0.033768 -0.088506 0.000000 0.025648 0.803327 0.594986 42.821301 0.091191 -0.594580 0.798848 0.000000 0.000000 0.000000 0.000000 1.000000
0.995315 0.034179 -0.090440 0.000000 0.026437 0.803565 0.594629 42.821301 0.092998 -0.594235 0.798897 0.000000 0.000000 0.000000 0.000000 1.000000
0.995123 0.034590 -0.092381 0.000000 0.027228 0.803808 0.594266 42.821301 0.094812 -0.593883 0.798946 0.000000 0.000000 0.000000 0.000000 1.000000
0.994926 0.034999 -0.094329 -0.000000 0.028023 0.804055 0.593895 42.821301 0.096631 -0.593524 0.798994 -0.000000 0.000000 0.000000 0.000000 1.000000
0.994724 0.035407 -0.096283 0.000000 0.028819 0.804305 0.593517 42.821301 0.098455 -0.593161 0.799041 -0.000000 0.000000 0.000000 0.000000 1.000000
0.994518 0.035814 -0.098242 0.000000 0.029618 0.804559 0.593133 42.821301 0.100284 -0.592791 0.799088 0.000000 0.000000 0.000000 0.000000 1.000000
0.994307 0.036219 -0.100207 -0.000000 0.030420 0.804817 0.592743 42.821301 0.102117 -0.592417 0.799134 0.000000 0.000000 0.000000 0.000000 1.000000
0.994092 0.036623 -0.102176 -0.000000 0.031223 0.805078 0.592347 42.821301 0.103953 -0.592038 0.799178 0.000000 0.000000 0.000000 0.000000 1.000000
0.993872 0.037025 -0.104149 0.000000 0.032029 0.805341 0.591945 42.821301 0.105793 -0.591654 0.799221 0.000000 0.000000 0.000000 0.000000 1.000000
0.993648 0.037426 -0.106126 0.000000 0.032836 0.805608 0.591539 42.821301 0.107635 -0.591266 0.799262 0.000000 0.000000 0.000000 0.000000 1.000000
0.993420 0.037824 -0.108106 -0.000000 0.033645 0.805877 0.591127 42.821301 0.109479 -0.590874 0.799301 0.000000 0.000000 0.000000 0.000000 1.000000
0.993187 0.038220 -0.110089 0.000000 0.034455 0.806148 0.590711 42.821301 0.111325 -0.590479 0.799338 0.000000 0.000000 0.000000 0.000000 1.000000
0.992949 0.038614 -0.112075 0.000000 0.035266 0.806421 0.590290 42.821301 0.113173 -0.590080 0.799373 0.000000 0.000000 0.000000 0.000000 1.000000
0.992708 0.039005 -0.114062 0.000000 0.036079 0.806695 0.589865 42.821301 0.115021 -0.589679 0.799405 0.000000 0.000000 0.000000 0.000000 1.000000
0.992462 0.039394 -0.116050 -0.000000 0.036893 0.806972 0.589437 42.821301 0.116869 -0.589275 0.799435 -0.000000 0.000000 0.000000 0.000000 1.000000
0.992212 0.039780 -0.118039 0.000000 0.037707 0.807249 0.589005 42.821301 0.118718 -0.588869 0.799462 0.000000 0.000000 0.000000 0.000000 1.000000
0.991958 0.040164 -0.120029 0.000000 0.038522 0.807528 0.588570 42.821301 0.120566 -0.588460 0.799486 0.000000 0.000000 0.000000 0.000000 1.000000
0.991699 0.040544 -0.122019 0.000000 0.039338 0.807807 0.588133 42.821301 0.122413 -0.588051 0.799507 0.000000 0.000000 0.000000 0.000000 1.000000
0.991437 0.040922 -0.124007 0.000000 0.040154 0.808087 0.587693 42.821301 0.124258 -0.587640 0.799525 0.000000 0.000000 0.000000 0.000000 1.000000
0.991171 0.041296 -0.125995 -0.000000 0.040970 0.808368 0.587251 42.821301 0.126102 -0.587228 0.799539 0.000000 0.000000 0.000000 0.000000 1.000000
0.990901 0.041667 -0.127982 -0.000000 0.041787 0.808648 0.586807 42.821301 0.127943 -0.586815 0.799549 0.000000 0.000000 0.000000 0.000000 1.000000
0.990627 0.042035 -0.129966 0.000000 0.042603 0.808928 0.586361 42.821301 0.129781 -0.586402 0.799556 0.000000 0.000000 0.000000 0.000000 1.000000
0.990349 0.042400 -0.131948 -0.000000 0.043419 0.809208 0.585915 42.821301 0.131616 -0.585990 0.799558 -0.000000 0.000000 0.000000 0.000000 1.000000
0.990068 0.042761 -0.133926 0.000000 0.044235 0.809488 0.585468 42.821301 0.133447 -0.585578 0.799557 0.000000 0.000000 0.000000 0.000000 1.000000
0.989784 0.043118 -0.135902 0.000000 0.045050 0.809766 0.585021 42.821301 0.135273 -0.585166 0.799551 0.000000 0.000000 0.000000 0.000000 1.000000
0.989495 0.043472 -0.137873 -0.000000 0.045864 0.810044 0.584573 42.821301 0.137096 -0.584756 0.799541 0.000000 0.000000 0.000000 0.000000 1.000000
0.989204 0.043822 -0.139840 -0.000000 0.046678 0.810320 0.584126 42.821301 0.138912 -0.584347 0.799526 0.000000 0.000000 0.000000 0.000000 1.000000
0.988909 0.044168 -0.141802 -0.000000 0.047491 0.810594 0.583679 42.821301 0.140724 -0.583940 0.799507 -0.000000 0.000000 0.000000 0.000000 1.000000
0.988611 0.044510 -0.143758 0.000000 0.048303 0.810867 0.583233 42.821301 0.142529 -0.583535 0.799483 -0.000000 0.000000 0.000000 0.000000 1.000000
0.988310 0.044849 -0.145709 0.000000 0.049113 0.811138 0.582789 42.821301 0.144328 -0.583133 0.799453 -0.000000 0.000000 0.000000 0.000000 1.000000
0.988007 0.045183 -0.147654 0.000000 0.049922 0.811406 0.582346 42.821301 0.146119 -0.582733 0.799419 0.000000 0.000000 0.000000 0.000000 1.000000
0.987700 0.045514 -0.149591 0.000000 0.050730 0.811673 0.581906 42.821301 0.147904 -0.582337 0.799380 0.000000 0.000000 0.000000 0.000000 1.000000
0.987280 0.044584 -0.152614 0.000000 0.053093 0.812332 0.580774 42.821301 0.149866 -0.581489 0.799632 0.000000 0.000000 0.000000 0.000000 1.000000
0.987009 0.043785 -0.154584 0.000000 0.054798 0.812711 0.580084 42.821301 0.151031 -0.581019 0.799754 0.000000 0.000000 0.000000 0.000000 1.000000
0.986831 0.042975 -0.155944 -0.000000 0.056183 0.812983 0.579570 42.821301 0.151687 -0.580699 0.799863 0.000000 0.000000 0.000000 0.000000 1.000000
0.986973 0.041976 -0.155315 0.000000 0.056617 0.812999 0.579505 42.821301 0.150596 -0.580750 0.800032 0.000000 0.000000 0.000000 0.000000 1.000000
0.987259 0.041357 -0.153655 -0.000000 0.056136 0.813024 0.579517 42.821301 0.148892 -0.580759 0.800344 0.000000 0.000000 0.000000 0.000000 1.000000
0.987609 0.040793 -0.151542 0.000000 0.055302 0.813226 0.579314 42.821301 0.146870 -0.580516 0.800894 0.000000 0.000000 0.000000 0.000000 1.000000
0.988059 0.040119 -0.148762 0.000000 0.054039 0.813941 0.578429 42.821301 0.144290 -0.579561 0.802053 0.000000 0.000000 0.000000 0.000000 1.000000
0.988521 0.039517 -0.145826 0.000000 0.052613 0.814739 0.577436 42.821301 0.141629 -0.578480 0.803307 -0.000000 0.000000 0.000000 0.000000 1.000000
0.988908 0.039079 -0.143299 -0.000000 0.051356 0.815306 0.576749 42.821301 0.139371 -0.577711 0.804255 0.000000 0.000000 0.000000 0.000000 1.000000
0.989272 0.038869 -0.140817 -0.000000 0.050000 0.815636 0.576400 42.821301 0.137259 -0.577258 0.804943 0.000000 0.000000 0.000000 0.000000 1.000000
0.989640 0.039439 -0.138047 0.000000 0.048042 0.815128 0.577285 42.821301 0.135293 -0.577937 0.804789 -0.000000 0.000000 0.000000 0.000000 1.000000
0.989743 0.039691 -0.137234 0.000000 0.047613 0.814055 0.578832 42.821301 0.134691 -0.579429 0.803816 0.000000 0.000000 0.000000 0.000000 1.000000
0.989656 0.039994 -0.137770 0.000000 0.047802 0.813536 0.579546 42.821301 0.135260 -0.580137 0.803210 0.000000 0.000000 0.000000 0.000000 1.000000
0.989533 0.040309 -0.138565 -0.000000 0.048109 0.813125 0.580098 42.821301 0.136054 -0.580692 0.802674 0.000000 0.000000 0.000000 0.000000 1.000000
0.989393 0.040632 -0.139465 -0.000000 0.048458 0.812775 0.580559 42.821301 0.136943 -0.581159 0.802185 0.000000 0.000000 0.000000 0.000000 1.000000
0.989183 0.040988 -0.140842 0.000000 0.048991 0.812716 0.580596 42.821301 0.138262 -0.581216 0.801917 -0.000000 0.000000 0.000000 0.000000 1.000000
0.989101 0.041522 -0.141261 0.000000 0.048796 0.812753 0.580562 42.821301 0.138916 -0.581128 0.801868 0.000000 0.000000 0.000000 0.000000 1.000000
0.989095 0.041815 -0.141218 -0.000000 0.048579 0.812561 0.580848 42.821301 0.139036 -0.581374 0.801669 -0.000000 0.000000 0.000000 0.000000 1.000000
0.989061 0.041432 -0.141567 0.000000 0.049255 0.811886 0.581734 42.821301 0.139039 -0.582344 0.800964 0.000000 0.000000 0.000000 0.000000 1.000000
0.989017 0.040939 -0.142019 0.000000 0.050101 0.811126 0.582721 42.821301 0.139051 -0.583436 0.800167 -0.000000 0.000000 0.000000 0.000000 1.000000
0.988900 0.040692 -0.142903 0.000000 0.050976 0.810479 0.583546 42.821301 0.139565 -0.584353 0.799408 0.000000 0.000000 0.000000 0.000000 1.000000
0.988704 0.040760 -0.144232 0.000000 0.051827 0.809974 0.584172 42.821301 0.140635 -0.585048 0.798712 0.000000 0.000000 0.000000 0.000000 1.000000
0.988475 0.040940 -0.145746 0.000000 0.052690 0.809504 0.584745 42.821301 0.141922 -0.585685 0.798017 0.000000 0.000000 0.000000 0.000000 1.000000
0.988224 0.041185 -0.147368 0.000000 0.053560 0.809064 0.585275 42.821301 0.143335 -0.586276 0.797330 0.000000 0.000000 0.000000 0.000000 1.000000
0.987966 0.041444 -0.149017 -0.000000 0.054432 0.808645 0.585773 42.821301 0.144779 -0.586835 0.796658 0.000000 0.000000 0.000000 0.000000 1.000000
0.987714 0.041669 -0.150616 0.000000 0.055300 0.808242 0.586248 42.821301 0.146163 -0.587374 0.796007 0.000000 0.000000 0.000000 0.000000 1.000000
0.987482 0.041809 -0.152087 -0.000000 0.056159 0.807846 0.586711 42.821301 0.147392 -0.587908 0.795386 0.000000 0.000000 0.000000 0.000000 1.000000
0.987432 0.041219 -0.152572 0.000000 0.056955 0.807713 0.586818 42.821301 0.147423 -0.588133 0.795215 0.000000 0.000000 0.000000 0.000000 1.000000
0.987447 0.041454 -0.152416 0.000000 0.056705 0.807585 0.587019 42.821301 0.147423 -0.588293 0.795096 0.000000 0.000000 0.000000 0.000000 1.000000
0.987475 0.041842 -0.152128 0.000000 0.056254 0.807459 0.587236 42.821301 0.147408 -0.588438 0.794991 0.000000 0.000000 0.000000 0.000000 1.000000
0.987531 0.042192 -0.151664 0.000000 0.055722 0.807359 0.587424 42.821301 0.147232 -0.588550 0.794941 -0.000000 0.000000 0.000000 0.000000 1.000000
0.987735 0.042289 -0.150304 0.000000 0.054825 0.807400 0.587452 42.821301 0.146198 -0.588487 0.795179 0.000000 0.000000 0.000000 0.000000 1.000000</float_array>
        <technique_common>
          <accessor source="#mixamorig_LeftLeg-Matrix-animation-output-transform-array" count="184" stride="16">
            <param type="float4x4"/>
          </accessor>
        </technique_common>
      </source>
      <source id="mixamorig_LeftLeg-Interpolations">
        <Name_array id="mixamorig_LeftLeg-Interpolations-array" count="184">
 LINEAR LINEAR LINEAR LINEAR LINEAR LINEAR LINEAR LINEAR LINEAR LINEAR LINEAR
LINEAR LINEAR LINEAR LINEAR LINEAR LINEAR LINEAR LINEAR LINEAR LINEAR LINEAR LINEAR
LINEAR LINEAR LINEAR LINEAR LINEAR LINEAR LINEAR LINEAR LINEAR LINEAR LINEAR LINEAR
LINEAR LINEAR LINEAR LINEAR LINEAR LINEAR LINEAR LINEAR LINEAR LINEAR LINEAR LINEAR
LINEAR LINEAR LINEAR LINEAR LINEAR LINEAR LINEAR LINEAR LINEAR LINEAR LINEAR LINEAR
LINEAR LINEAR LINEAR LINEAR LINEAR LINEAR LINEAR LINEAR LINEAR LINEAR LINEAR LINEAR
LINEAR LINEAR LINEAR LINEAR LINEAR LINEAR LINEAR LINEAR LINEAR LINEAR LINEAR LINEAR
LINEAR LINEAR LINEAR LINEAR LINEAR LINEAR LINEAR LINEAR LINEAR LINEAR LINEAR LINEAR
LINEAR LINEAR LINEAR LINEAR LINEAR LINEAR LINEAR LINEAR LINEAR LINEAR LINEAR LINEAR
LINEAR LINEAR LINEAR LINEAR LINEAR LINEAR LINEAR LINEAR LINEAR LINEAR LINEAR LINEAR
LINEAR LINEAR LINEAR LINEAR LINEAR LINEAR LINEAR LINEAR LINEAR LINEAR LINEAR LINEAR
LINEAR LINEAR LINEAR LINEAR LINEAR LINEAR LINEAR LINEAR LINEAR LINEAR LINEAR LINEAR
LINEAR LINEAR LINEAR LINEAR LINEAR LINEAR LINEAR LINEAR LINEAR LINEAR LINEAR LINEAR
LINEAR LINEAR LINEAR LINEAR LINEAR LINEAR LINEAR LINEAR LINEAR LINEAR LINEAR LINEAR
LINEAR LINEAR LINEAR LINEAR LINEAR LINEAR LINEAR LINEAR LINEAR LINEAR LINEAR LINEAR
LINEAR LINEAR LINEAR LINEAR LINEAR</Name_array>
        <technique_common>
          <accessor source="#mixamorig_LeftLeg-Interpolations-array" count="184">
            <param type="name"/>
          </accessor>
        </technique_common>
      </source>
      <sampler id="mixamorig_LeftLeg-Matrix-animation-transform">
        <input semantic="INPUT" source="#mixamorig_LeftLeg-Matrix-animation-input"/>
        <input semantic="OUTPUT" source="#mixamorig_LeftLeg-Matrix-animation-output-transform"/>
        <input semantic="INTERPOLATION" source="#mixamorig_LeftLeg-Interpolations"/>
      </sampler>
      <channel source="#mixamorig_LeftLeg-Matrix-animation-transform" target="mixamorig_LeftLeg/matrix"/>
    </animation>
    <animation id="mixamorig_LeftFoot-anim" name="mixamorig_LeftFoot">
      <source id="mixamorig_LeftFoot-Matrix-animation-input">
        <float_array id="mixamorig_LeftFoot-Matrix-animation-input-array" count="184">

0.000000 0.033333 0.066667 0.100000 0.133333 0.166667 0.200000 0.233333 0.266667 0.300000 0.333333 0.366667 0.400000 0.433333 0.466667 0.500000
0.533333 0.566667 0.600000 0.633333 0.666667 0.700000 0.733333 0.766667 0.800000 0.833333 0.866667 0.900000 0.933333 0.966667 1.000000 1.033333
1.066667 1.100000 1.133333 1.166667 1.200000 1.233333 1.266667 1.300000 1.333333 1.366667 1.400000 1.433333 1.466667 1.500000 1.533333 1.566667
1.600000 1.633333 1.666667 1.700000 1.733333 1.766667 1.800000 1.833333 1.866667 1.900000 1.933333 1.966667 2.000000 2.033333 2.066667 2.100000
2.133333 2.166667 2.200000 2.233333 2.266667 2.300000 2.333333 2.366667 2.400000 2.433333 2.466667 2.500000 2.533333 2.566667 2.600000 2.633333
2.666667 2.700000 2.733333 2.766667 2.800000 2.833333 2.866667 2.900000 2.933333 2.966667 3.000000 3.033333 3.066667 3.100000 3.133333 3.166667
3.200000 3.233333 3.266667 3.300000 3.333333 3.366667 3.400000 3.433333 3.466667 3.500000 3.533333 3.566667 3.600000 3.633333 3.666667 3.700000
3.733333 3.766667 3.800000 3.833333 3.866667 3.900000 3.933333 3.966667 4.000000 4.033333 4.066667 4.100000 4.133333 4.166667 4.200000 4.233333
4.266667 4.300000 4.333333 4.366667 4.400000 4.433333 4.466667 4.500000 4.533333 4.566667 4.600000 4.633333 4.666667 4.700000 4.733333 4.766667
4.800000 4.833333 4.866667 4.900000 4.933333 4.966667 5.000000 5.033333 5.066667 5.100000 5.133333 5.166667 5.200000 5.233333 5.266667 5.300000
5.333333 5.366667 5.400000 5.433333 5.466667 5.500000 5.533333 5.566667 5.600000 5.633333 5.666667 5.700000 5.733333 5.766667 5.800000 5.833333
5.866667 5.900000 5.933333 5.966667 6.000000 6.033333 6.066667 6.100000</float_array>
        <technique_common>
          <accessor source="#mixamorig_LeftFoot-Matrix-animation-input-array" count="184">
            <param name="TIME" type="float"/>
          </accessor>
        </technique_common>
      </source>
      <source id="mixamorig_LeftFoot-Matrix-animation-output-transform">
        <float_array id="mixamorig_LeftFoot-Matrix-animation-output-transform-array" count="2944">

0.974335 -0.089608 -0.206497 -0.000000 -0.174625 0.277984 -0.944580 37.973900 0.142045 0.956397 0.255202 -0.000000 0.000000 0.000000 0.000000 1.000000
0.974265 -0.089987 -0.206663 0.000000 -0.174639 0.278308 -0.944482 37.973900 0.142507 0.956267 0.255430 -0.000000 0.000000 0.000000 0.000000 1.000000
0.974213 -0.090328 -0.206762 0.000000 -0.174596 0.278653 -0.944388 37.973900 0.142920 0.956135 0.255696 -0.000000 0.000000 0.000000 0.000000 1.000000
0.974179 -0.090672 -0.206768 0.000000 -0.174453 0.279054 -0.944296 37.973900 0.143321 0.955985 0.256030 0.000000 0.000000 0.000000 0.000000 1.000000
0.974147 -0.091043 -0.206758 0.000000 -0.174282 0.279478 -0.944202 37.973900 0.143747 0.955826 0.256386 0.000000 0.000000 0.000000 0.000000 1.000000
0.974139 -0.091302 -0.206681 0.000000 -0.174079 0.279887 -0.944119 37.973900 0.144047 0.955682 0.256755 -0.000000 0.000000 0.000000 0.000000 1.000000
0.974179 -0.091312 -0.206490 0.000000 -0.173839 0.280239 -0.944058 37.973900 0.144070 0.955577 0.257129 -0.000000 0.000000 0.000000 0.000000 1.000000
0.974272 -0.091041 -0.206167 -0.000000 -0.173552 0.280535 -0.944023 37.973900 0.143781 0.955516 0.257517 -0.000000 0.000000 0.000000 0.000000 1.000000
0.974402 -0.090593 -0.205753 0.000000 -0.173227 0.280803 -0.944003 37.973900 0.143297 0.955480 0.257921 0.000000 0.000000 0.000000 0.000000 1.000000
0.974551 -0.090039 -0.205289 -0.000000 -0.172887 0.281044 -0.943994 37.973900 0.142692 0.955462 0.258325 -0.000000 0.000000 0.000000 0.000000 1.000000
0.974705 -0.089446 -0.204817 0.000000 -0.172552 0.281260 -0.943991 37.973900 0.142043 0.955454 0.258711 -0.000000 0.000000 0.000000 0.000000 1.000000
0.974849 -0.088883 -0.204376 0.000000 -0.172245 0.281453 -0.943989 37.973900 0.141426 0.955450 0.259065 -0.000000 0.000000 0.000000 0.000000 1.000000
0.974987 -0.088152 -0.204032 0.000000 -0.172121 0.281333 -0.944048 37.973900 0.140620 0.955553 0.259123 -0.000000 0.000000 0.000000 0.000000 1.000000
0.975166 -0.087343 -0.203524 0.000000 -0.171879 0.281083 -0.944166 37.973900 0.139674 0.955701 0.259090 0.000000 0.000000 0.000000 0.000000 1.000000
0.975342 -0.086551 -0.203018 -0.000000 -0.171637 0.280806 -0.944293 37.973900 0.138739 0.955854 0.259027 0.000000 0.000000 0.000000 0.000000 1.000000
0.975370 -0.086267 -0.203007 0.000000 -0.171744 0.280505 -0.944363 37.973900 0.138412 0.955968 0.258780 0.000000 0.000000 0.000000 0.000000 1.000000
0.975250 -0.086480 -0.203492 0.000000 -0.172204 0.280182 -0.944375 37.973900 0.138685 0.956044 0.258355 0.000000 0.000000 0.000000 0.000000 1.000000
0.975088 -0.086833 -0.204116 0.000000 -0.172766 0.279845 -0.944372 37.973900 0.139124 0.956110 0.257872 0.000000 0.000000 0.000000 0.000000 1.000000
0.974895 -0.087291 -0.204844 0.000000 -0.173401 0.279502 -0.944357 37.973900 0.139688 0.956169 0.257348 0.000000 0.000000 0.000000 0.000000 1.000000
0.974680 -0.087820 -0.205637 0.000000 -0.174082 0.279159 -0.944334 37.973900 0.140337 0.956221 0.256802 -0.000000 0.000000 0.000000 0.000000 1.000000
0.974455 -0.088386 -0.206458 -0.000000 -0.174780 0.278822 -0.944304 37.973900 0.141029 0.956267 0.256252 0.000000 0.000000 0.000000 0.000000 1.000000
0.974231 -0.088956 -0.207271 -0.000000 -0.175467 0.278500 -0.944272 37.973900 0.141723 0.956308 0.255715 -0.000000 0.000000 0.000000 0.000000 1.000000
0.974018 -0.089494 -0.208037 0.000000 -0.176116 0.278199 -0.944240 37.973900 0.142379 0.956345 0.255210 0.000000 0.000000 0.000000 0.000000 1.000000
0.973761 -0.090343 -0.208872 0.000000 -0.176706 0.278195 -0.944131 37.973900 0.143403 0.956267 0.254931 -0.000000 0.000000 0.000000 0.000000 1.000000
0.973124 -0.092866 -0.210726 0.000000 -0.177795 0.278573 -0.943815 37.973900 0.146351 0.955915 0.254575 0.000000 0.000000 0.000000 0.000000 1.000000
0.972634 -0.094821 -0.212113 0.000000 -0.178616 0.278696 -0.943623 37.973900 0.148590 0.955687 0.254133 0.000000 0.000000 0.000000 0.000000 1.000000
0.972539 -0.094691 -0.212606 0.000000 -0.179137 0.278638 -0.943542 37.973900 0.148585 0.955717 0.254024 0.000000 0.000000 0.000000 0.000000 1.000000
0.972541 -0.094028 -0.212892 0.000000 -0.179599 0.278550 -0.943480 37.973900 0.148014 0.955808 0.254014 0.000000 0.000000 0.000000 0.000000 1.000000
0.972629 -0.092775 -0.213038 0.000000 -0.180072 0.278495 -0.943406 37.973900 0.146854 0.955946 0.254166 -0.000000 0.000000 0.000000 0.000000 1.000000
0.973029 -0.090104 -0.212360 0.000000 -0.180142 0.278245 -0.943466 37.973900 0.144098 0.956275 0.254509 -0.000000 0.000000 0.000000 0.000000 1.000000
0.973741 -0.086630 -0.210533 -0.000000 -0.179305 0.277997 -0.943699 37.973900 0.140280 0.956668 0.255164 0.000000 0.000000 0.000000 0.000000 1.000000
0.974207 -0.084963 -0.209049 -0.000000 -0.178246 0.278356 -0.943794 37.973900 0.138378 0.956713 0.256032 0.000000 0.000000 0.000000 0.000000 1.000000
0.974727 -0.083032 -0.207394 0.000000 -0.177068 0.278895 -0.943856 37.973900 0.136211 0.956725 0.257144 -0.000000 0.000000 0.000000 0.000000 1.000000
0.975393 -0.080561 -0.205226 0.000000 -0.175554 0.279316 -0.944015 37.973900 0.133374 0.956814 0.258300 0.000000 0.000000 0.000000 0.000000 1.000000
0.976373 -0.076686 -0.202028 0.000000 -0.173472 0.279334 -0.944394 37.973900 0.128856 0.957127 0.259432 -0.000000 0.000000 0.000000 0.000000 1.000000
0.977401 -0.072522 -0.198564 0.000000 -0.171245 0.279110 -0.944867 37.973900 0.123945 0.957517 0.260383 -0.000000 0.000000 0.000000 0.000000 1.000000
0.978339 -0.068519 -0.195338 0.000000 -0.169152 0.279341 -0.945175 37.973900 0.119329 0.957744 0.261700 -0.000000 0.000000 0.000000 0.000000 1.000000
0.979064 -0.065135 -0.192848 0.000000 -0.167473 0.280733 -0.945062 37.973900 0.115695 0.957573 0.263947 -0.000000 0.000000 0.000000 0.000000 1.000000
0.978479 -0.065910 -0.195535 0.000000 -0.168674 0.290355 -0.941936 37.973900 0.118857 0.954646 0.272989 -0.000000 0.000000 0.000000 0.000000 1.000000
0.980026 -0.069773 -0.186226 0.000000 -0.155831 0.312353 -0.937098 37.973900 0.123553 0.947400 0.295242 0.000000 0.000000 0.000000 0.000000 1.000000
0.982318 -0.073032 -0.172386 0.000000 -0.137034 0.346904 -0.927836 37.973900 0.127563 0.935053 0.330762 0.000000 0.000000 0.000000 0.000000 1.000000
0.986639 -0.070588 -0.146835 0.000000 -0.102593 0.430940 -0.896530 37.973900 0.126561 0.899616 0.417940 -0.000000 0.000000 0.000000 0.000000 1.000000
0.967806 -0.003606 -0.251672 -0.000000 -0.217398 0.491933 -0.843054 37.973900 0.126846 0.870625 0.475312 0.000000 0.000000 0.000000 0.000000 1.000000
0.972494 -0.024831 -0.231599 0.000000 -0.195548 0.453188 -0.869702 37.973900 0.126553 0.891069 0.435867 -0.000000 0.000000 0.000000 0.000000 1.000000
0.980390 -0.056773 -0.188712 -0.000000 -0.150753 0.400682 -0.903730 37.973900 0.126921 0.914456 0.384266 0.000000 0.000000 0.000000 0.000000 1.000000
0.984092 -0.075696 -0.160726 0.000000 -0.121683 0.371982 -0.920229 37.973900 0.129445 0.925148 0.356854 0.000000 0.000000 0.000000 0.000000 1.000000
0.986271 -0.089516 -0.138764 0.000000 -0.098581 0.354981 -0.929661 37.973900 0.132478 0.930578 0.341283 0.000000 0.000000 0.000000 0.000000 1.000000
0.987135 -0.096795 -0.127260 0.000000 -0.085848 0.350603 -0.932581 37.973900 0.134887 0.931508 0.337783 0.000000 0.000000 0.000000 0.000000 1.000000
0.987407 -0.100066 -0.122531 -0.000000 -0.079621 0.354945 -0.931490 37.973900 0.136703 0.929516 0.342508 0.000000 0.000000 0.000000 0.000000 1.000000
0.987438 -0.100522 -0.121905 0.000000 -0.078175 0.359667 -0.929800 37.973900 0.137311 0.927650 0.347290 -0.000000 0.000000 0.000000 0.000000 1.000000
0.987326 -0.097814 -0.124982 0.000000 -0.079317 0.377985 -0.922408 37.973900 0.137465 0.920630 0.365436 -0.000000 0.000000 0.000000 0.000000 1.000000
0.987317 -0.091084 -0.130032 0.000000 -0.078588 0.431261 -0.898798 37.973900 0.137944 0.897618 0.418633 0.000000 0.000000 0.000000 0.000000 1.000000
0.987293 -0.082576 -0.135771 -0.000000 -0.078085 0.492028 -0.867070 37.973900 0.138403 0.866654 0.479328 0.000000 0.000000 0.000000 0.000000 1.000000
0.987027 -0.077333 -0.140703 0.000000 -0.081405 0.514315 -0.853729 37.973900 0.138387 0.854108 0.501347 -0.000000 0.000000 0.000000 0.000000 1.000000
0.986015 -0.083927 -0.143983 -0.000000 -0.094086 0.432777 -0.896578 37.973900 0.137559 0.897586 0.418828 0.000000 0.000000 0.000000 0.000000 1.000000
0.984505 -0.093999 -0.148031 0.000000 -0.111416 0.316563 -0.942005 37.973900 0.135409 0.943902 0.301185 0.000000 0.000000 0.000000 0.000000 1.000000
0.983227 -0.086059 -0.160807 0.000000 -0.128657 0.297675 -0.945958 37.973900 0.129276 0.950780 0.281610 0.000000 0.000000 0.000000 0.000000 1.000000
0.982996 -0.085252 -0.162637 0.000000 -0.131472 0.291573 -0.947470 37.973900 0.128194 0.952742 0.275407 0.000000 0.000000 0.000000 0.000000 1.000000
0.982882 -0.085116 -0.163394 0.000000 -0.132883 0.286778 -0.948736 37.973900 0.127611 0.954208 0.270559 -0.000000 0.000000 0.000000 0.000000 1.000000
0.982850 -0.085417 -0.163430 0.000000 -0.133372 0.282762 -0.949872 37.973900 0.127347 0.955379 0.266520 -0.000000 0.000000 0.000000 0.000000 1.000000
0.982860 -0.085935 -0.163101 0.000000 -0.133418 0.278992 -0.950980 37.973900 0.127226 0.956441 0.262745 0.000000 0.000000 0.000000 0.000000 1.000000
0.982868 -0.086455 -0.162773 0.000000 -0.133502 0.274936 -0.952149 37.973900 0.127070 0.957568 0.258685 0.000000 0.000000 0.000000 0.000000 1.000000
0.983202 -0.088683 -0.159527 -0.000000 -0.130236 0.271479 -0.953592 37.973900 0.127876 0.958350 0.255369 0.000000 0.000000 0.000000 0.000000 1.000000
0.983599 -0.090631 -0.155949 -0.000000 -0.126378 0.270614 -0.954357 37.973900 0.128696 0.958412 0.254722 0.000000 0.000000 0.000000 0.000000 1.000000
0.983981 -0.092613 -0.152330 0.000000 -0.122456 0.269865 -0.955080 37.973900 0.129562 0.958434 0.254201 -0.000000 0.000000 0.000000 0.000000 1.000000
0.984100 -0.093689 -0.150895 0.000000 -0.121007 0.268240 -0.955722 37.973900 0.130017 0.958785 0.252638 -0.000000 0.000000 0.000000 0.000000 1.000000
0.984085 -0.094139 -0.150714 0.000000 -0.120994 0.266192 -0.956296 37.973900 0.130144 0.959312 0.250565 0.000000 0.000000 0.000000 0.000000 1.000000
0.983876 -0.093554 -0.152430 0.000000 -0.123169 0.263542 -0.956752 37.973900 0.129680 0.960101 0.247770 -0.000000 0.000000 0.000000 0.000000 1.000000
0.983527 -0.092335 -0.155399 0.000000 -0.126759 0.260586 -0.957093 37.973900 0.128868 0.961025 0.244589 0.000000 0.000000 0.000000 0.000000 1.000000
0.983069 -0.090764 -0.159175 0.000000 -0.131222 0.257582 -0.957305 37.973900 0.127889 0.961984 0.241311 0.000000 0.000000 0.000000 0.000000 1.000000
0.982492 -0.088775 -0.163794 -0.000000 -0.136615 0.254467 -0.957383 37.973900 0.126671 0.962998 0.237884 0.000000 0.000000 0.000000 0.000000 1.000000
0.981782 -0.086321 -0.169270 0.000000 -0.142963 0.251224 -0.957313 37.973900 0.125161 0.964072 0.234307 0.000000 0.000000 0.000000 0.000000 1.000000
0.980971 -0.083625 -0.175222 0.000000 -0.149820 0.247978 -0.957111 37.973900 0.123490 0.965150 0.230730 0.000000 0.000000 0.000000 0.000000 1.000000
0.980064 -0.080754 -0.181528 0.000000 -0.157036 0.244858 -0.956757 37.973900 0.121711 0.966190 0.227295 0.000000 0.000000 0.000000 0.000000 1.000000
0.979173 -0.078098 -0.187408 0.000000 -0.163762 0.241826 -0.956401 37.973900 0.120013 0.967172 0.224000 0.000000 0.000000 0.000000 0.000000 1.000000
0.978480 -0.076178 -0.191762 -0.000000 -0.168825 0.238767 -0.956289 37.973900 0.118635 0.968084 0.220768 0.000000 0.000000 0.000000 0.000000 1.000000
0.977878 -0.074620 -0.195415 0.000000 -0.173073 0.236036 -0.956207 37.973900 0.117477 0.968875 0.217900 0.000000 0.000000 0.000000 0.000000 1.000000
0.977377 -0.073489 -0.198328 -0.000000 -0.176314 0.234840 -0.955910 37.973900 0.116824 0.969252 0.216570 0.000000 0.000000 0.000000 0.000000 1.000000
0.976971 -0.072619 -0.200634 0.000000 -0.178821 0.234325 -0.955570 37.973900 0.116406 0.969442 0.215943 0.000000 0.000000 0.000000 0.000000 1.000000
0.976506 -0.071472 -0.203290 -0.000000 -0.181693 0.234123 -0.955078 37.973900 0.115857 0.969576 0.215637 0.000000 0.000000 0.000000 0.000000 1.000000
0.975895 -0.069907 -0.206742 0.000000 -0.185342 0.234692 -0.954237 37.973900 0.115228 0.969553 0.216078 0.000000 0.000000 0.000000 0.000000 1.000000
0.975253 -0.068336 -0.210268 -0.000000 -0.189101 0.234953 -0.953435 37.973900 0.114557 0.969602 0.216216 0.000000 0.000000 0.000000 0.000000 1.000000
0.974622 -0.067368 -0.213479 0.000000 -0.192519 0.234374 -0.952893 37.973900 0.114229 0.969810 0.215456 0.000000 0.000000 0.000000 0.000000 1.000000
0.973980 -0.066447 -0.216676 0.000000 -0.195920 0.233736 -0.952356 37.973900 0.113926 0.970027 0.214636 0.000000 0.000000 0.000000 0.000000 1.000000
0.973329 -0.065579 -0.219841 0.000000 -0.199285 0.233034 -0.951830 37.973900 0.113651 0.970255 0.213750 0.000000 0.000000 0.000000 0.000000 1.000000
0.972673 -0.064773 -0.222959 -0.000000 -0.202598 0.232260 -0.951320 37.973900 0.113404 0.970495 0.212790 -0.000000 0.000000 0.000000 0.000000 1.000000
0.972017 -0.064037 -0.226013 -0.000000 -0.205842 0.231405 -0.950832 37.973900 0.113189 0.970748 0.211748 0.000000 0.000000 0.000000 0.000000 1.000000
0.971461 -0.064086 -0.228377 0.000000 -0.208362 0.229539 -0.950735 37.973900 0.113350 0.971187 0.209635 -0.000000 0.000000 0.000000 0.000000 1.000000
0.970948 -0.064072 -0.230554 0.000000 -0.210800 0.226939 -0.950822 37.973900 0.113243 0.971799 0.206839 0.000000 0.000000 0.000000 0.000000 1.000000
0.970445 -0.063718 -0.232759 0.000000 -0.213539 0.222582 -0.951240 37.973900 0.112419 0.972829 0.202397 -0.000000 0.000000 0.000000 0.000000 1.000000
0.969947 -0.063250 -0.234951 0.000000 -0.216339 0.217739 -0.951728 37.973900 0.111354 0.973955 0.197512 0.000000 0.000000 0.000000 0.000000 1.000000
0.969458 -0.062577 -0.237138 0.000000 -0.219216 0.212479 -0.952259 37.973900 0.109977 0.975160 0.192271 0.000000 0.000000 0.000000 0.000000 1.000000
0.968988 -0.061991 -0.239204 0.000000 -0.221937 0.207306 -0.952769 37.973900 0.108652 0.976310 0.187119 -0.000000 0.000000 0.000000 0.000000 1.000000
0.968527 -0.061788 -0.241119 0.000000 -0.224381 0.202591 -0.953210 37.973900 0.107746 0.977312 0.182351 0.000000 0.000000 0.000000 0.000000 1.000000
0.968157 -0.061822 -0.242592 -0.000000 -0.226241 0.198816 -0.953566 37.973900 0.107182 0.978085 0.178498 -0.000000 0.000000 0.000000 0.000000 1.000000
0.967881 -0.061906 -0.243666 0.000000 -0.227577 0.196127 -0.953804 37.973900 0.106836 0.978622 0.175740 -0.000000 0.000000 0.000000 0.000000 1.000000
0.967625 -0.062004 -0.244657 0.000000 -0.228793 0.193781 -0.953993 37.973900 0.106561 0.979084 0.173321 0.000000 0.000000 0.000000 0.000000 1.000000
0.967445 -0.062226 -0.245313 -0.000000 -0.229618 0.191796 -0.954196 37.973900 0.106426 0.979460 0.171263 0.000000 0.000000 0.000000 0.000000 1.000000
0.967397 -0.062684 -0.245384 0.000000 -0.229783 0.190192 -0.954477 37.973900 0.106501 0.979744 0.169587 -0.000000 0.000000 0.000000 0.000000 1.000000
0.967636 -0.063711 -0.244175 0.000000 -0.228548 0.188968 -0.955017 37.973900 0.106987 0.979914 0.168291 0.000000 0.000000 0.000000 0.000000 1.000000
0.968074 -0.065082 -0.242069 0.000000 -0.226300 0.188409 -0.955662 37.973900 0.107804 0.979932 0.167666 0.000000 0.000000 0.000000 0.000000 1.000000
0.968413 -0.066073 -0.240438 -0.000000 -0.224461 0.188962 -0.955987 37.973900 0.108598 0.979759 0.168163 0.000000 0.000000 0.000000 0.000000 1.000000
0.968606 -0.066635 -0.239503 0.000000 -0.223301 0.190225 -0.956008 37.973900 0.109263 0.979477 0.169373 0.000000 0.000000 0.000000 0.000000 1.000000
0.968798 -0.067197 -0.238567 0.000000 -0.222139 0.191496 -0.956025 37.973900 0.109927 0.979190 0.170594 0.000000 0.000000 0.000000 0.000000 1.000000
0.968989 -0.067761 -0.237633 0.000000 -0.220976 0.192776 -0.956037 37.973900 0.110592 0.978900 0.171824 -0.000000 0.000000 0.000000 0.000000 1.000000
0.969178 -0.068325 -0.236700 0.000000 -0.219811 0.194064 -0.956045 37.973900 0.111256 0.978607 0.173064 -0.000000 0.000000 0.000000 0.000000 1.000000
0.969365 -0.068890 -0.235767 0.000000 -0.218645 0.195359 -0.956049 37.973900 0.111921 0.978309 0.174312 -0.000000 0.000000 0.000000 0.000000 1.000000
0.969550 -0.069455 -0.234836 -0.000000 -0.217478 0.196662 -0.956048 37.973900 0.112586 0.978008 0.175568 0.000000 0.000000 0.000000 0.000000 1.000000
0.969734 -0.070022 -0.233907 0.000000 -0.216310 0.197971 -0.956043 37.973900 0.113251 0.977704 0.176833 0.000000 0.000000 0.000000 0.000000 1.000000
0.969916 -0.070589 -0.232980 0.000000 -0.215141 0.199288 -0.956033 37.973900 0.113916 0.977395 0.178106 -0.000000 0.000000 0.000000 0.000000 1.000000
0.970097 -0.071158 -0.232054 0.000000 -0.213972 0.200611 -0.956019 37.973900 0.114581 0.977083 0.179386 0.000000 0.000000 0.000000 0.000000 1.000000
0.970275 -0.071727 -0.231131 0.000000 -0.212802 0.201940 -0.956000 37.973900 0.115246 0.976768 0.180674 0.000000 0.000000 0.000000 0.000000 1.000000
0.970452 -0.072298 -0.230210 0.000000 -0.211632 0.203276 -0.955976 37.973900 0.115911 0.976449 0.181969 -0.000000 0.000000 0.000000 0.000000 1.000000
0.970626 -0.072869 -0.229291 -0.000000 -0.210462 0.204616 -0.955949 37.973900 0.116576 0.976126 0.183270 0.000000 0.000000 0.000000 0.000000 1.000000
0.970799 -0.073442 -0.228375 0.000000 -0.209293 0.205963 -0.955916 37.973900 0.117241 0.975800 0.184578 -0.000000 0.000000 0.000000 0.000000 1.000000
0.970970 -0.074016 -0.227462 0.000000 -0.208123 0.207314 -0.955879 37.973900 0.117907 0.975470 0.185891 -0.000000 0.000000 0.000000 0.000000 1.000000
0.971139 -0.074591 -0.226552 0.000000 -0.206955 0.208670 -0.955838 37.973900 0.118572 0.975137 0.187211 0.000000 0.000000 0.000000 0.000000 1.000000
0.971305 -0.075168 -0.225645 0.000000 -0.205787 0.210031 -0.955792 37.973900 0.119238 0.974801 0.188536 0.000000 0.000000 0.000000 0.000000 1.000000
0.971470 -0.075746 -0.224742 0.000000 -0.204621 0.211396 -0.955742 37.973900 0.119903 0.974461 0.189866 -0.000000 0.000000 0.000000 0.000000 1.000000
0.971632 -0.076325 -0.223842 0.000000 -0.203455 0.212765 -0.955687 37.973900 0.120569 0.974118 0.191201 0.000000 0.000000 0.000000 0.000000 1.000000
0.971792 -0.076906 -0.222947 0.000000 -0.202292 0.214137 -0.955627 37.973900 0.121234 0.973771 0.192540 0.000000 0.000000 0.000000 0.000000 1.000000
0.971950 -0.077487 -0.222055 0.000000 -0.201129 0.215513 -0.955563 37.973900 0.121900 0.973422 0.193883 -0.000000 0.000000 0.000000 0.000000 1.000000
0.972106 -0.078071 -0.221167 0.000000 -0.199969 0.216892 -0.955495 37.973900 0.122566 0.973069 0.195231 -0.000000 0.000000 0.000000 0.000000 1.000000
0.972259 -0.078656 -0.220284 -0.000000 -0.198810 0.218274 -0.955422 37.973900 0.123231 0.972713 0.196582 0.000000 0.000000 0.000000 0.000000 1.000000
0.972411 -0.079242 -0.219405 0.000000 -0.197654 0.219658 -0.955344 37.973900 0.123897 0.972353 0.197936 -0.000000 0.000000 0.000000 0.000000 1.000000
0.972559 -0.079829 -0.218531 -0.000000 -0.196500 0.221045 -0.955263 37.973900 0.124563 0.971991 0.199293 -0.000000 0.000000 0.000000 0.000000 1.000000
0.972706 -0.080418 -0.217661 0.000000 -0.195349 0.222433 -0.955177 37.973900 0.125229 0.971626 0.200652 0.000000 0.000000 0.000000 0.000000 1.000000
0.972850 -0.081009 -0.216797 0.000000 -0.194201 0.223823 -0.955086 37.973900 0.125895 0.971257 0.202014 -0.000000 0.000000 0.000000 0.000000 1.000000
0.972991 -0.081601 -0.215938 0.000000 -0.193055 0.225214 -0.954991 37.973900 0.126561 0.970886 0.203378 0.000000 0.000000 0.000000 0.000000 1.000000
0.973130 -0.082195 -0.215084 -0.000000 -0.191913 0.226606 -0.954892 37.973900 0.127227 0.970512 0.204743 -0.000000 0.000000 0.000000 0.000000 1.000000
0.973267 -0.082790 -0.214236 -0.000000 -0.190774 0.227999 -0.954789 37.973900 0.127893 0.970135 0.206110 0.000000 0.000000 0.000000 0.000000 1.000000
0.973401 -0.083386 -0.213394 0.000000 -0.189639 0.229393 -0.954681 37.973900 0.128559 0.969755 0.207478 -0.000000 0.000000 0.000000 0.000000 1.000000
0.973533 -0.083985 -0.212558 0.000000 -0.188508 0.230786 -0.954569 37.973900 0.129225 0.969373 0.208846 0.000000 0.000000 0.000000 0.000000 1.000000
0.973662 -0.084584 -0.211728 0.000000 -0.187381 0.232180 -0.954453 37.973900 0.129891 0.968988 0.210215 0.000000 0.000000 0.000000 0.000000 1.000000
0.973788 -0.085185 -0.210904 0.000000 -0.186258 0.233573 -0.954333 37.973900 0.130557 0.968601 0.211584 0.000000 0.000000 0.000000 0.000000 1.000000
0.973912 -0.085788 -0.210086 0.000000 -0.185139 0.234965 -0.954209 37.973900 0.131223 0.968211 0.212953 -0.000000 0.000000 0.000000 0.000000 1.000000
0.974033 -0.086392 -0.209275 0.000000 -0.184025 0.236357 -0.954081 37.973900 0.131889 0.967818 0.214321 -0.000000 0.000000 0.000000 0.000000 1.000000
0.974152 -0.086998 -0.208471 0.000000 -0.182915 0.237747 -0.953949 37.973900 0.132555 0.967423 0.215688 0.000000 0.000000 0.000000 0.000000 1.000000
0.974267 -0.087605 -0.207674 -0.000000 -0.181811 0.239135 -0.953813 37.973900 0.133220 0.967026 0.217054 -0.000000 0.000000 0.000000 0.000000 1.000000
0.974381 -0.088213 -0.206884 0.000000 -0.180712 0.240521 -0.953673 37.973900 0.133886 0.966627 0.218418 -0.000000 0.000000 0.000000 0.000000 1.000000
0.974491 -0.088823 -0.206101 0.000000 -0.179618 0.241906 -0.953530 37.973900 0.134552 0.966226 0.219781 0.000000 0.000000 0.000000 0.000000 1.000000
0.974599 -0.089434 -0.205325 0.000000 -0.178530 0.243288 -0.953383 37.973900 0.135218 0.965822 0.221141 -0.000000 0.000000 0.000000 0.000000 1.000000
0.974704 -0.090047 -0.204557 -0.000000 -0.177448 0.244667 -0.953232 37.973900 0.135884 0.965417 0.222499 0.000000 0.000000 0.000000 0.000000 1.000000
0.974806 -0.090661 -0.203797 -0.000000 -0.176371 0.246043 -0.953077 37.973900 0.136550 0.965010 0.223854 0.000000 0.000000 0.000000 0.000000 1.000000
0.974906 -0.091277 -0.203045 0.000000 -0.175301 0.247415 -0.952919 37.973900 0.137216 0.964601 0.225206 0.000000 0.000000 0.000000 0.000000 1.000000
0.975002 -0.091894 -0.202301 0.000000 -0.174238 0.248784 -0.952758 37.973900 0.137882 0.964190 0.226554 0.000000 0.000000 0.000000 0.000000 1.000000
0.975096 -0.092512 -0.201565 -0.000000 -0.173181 0.250150 -0.952593 37.973900 0.138548 0.963777 0.227899 -0.000000 0.000000 0.000000 0.000000 1.000000
0.975188 -0.093131 -0.200838 -0.000000 -0.172130 0.251510 -0.952425 37.973900 0.139213 0.963363 0.229239 -0.000000 0.000000 0.000000 0.000000 1.000000
0.975276 -0.093752 -0.200119 0.000000 -0.171087 0.252867 -0.952254 37.973900 0.139879 0.962948 0.230575 -0.000000 0.000000 0.000000 0.000000 1.000000
0.975361 -0.094374 -0.199408 0.000000 -0.170051 0.254218 -0.952080 37.973900 0.140545 0.962531 0.231906 0.000000 0.000000 0.000000 0.000000 1.000000
0.975444 -0.094997 -0.198707 0.000000 -0.169022 0.255565 -0.951902 37.973900 0.141210 0.962113 0.233233 0.000000 0.000000 0.000000 0.000000 1.000000
0.975524 -0.095621 -0.198014 0.000000 -0.168001 0.256906 -0.951722 37.973900 0.141876 0.961694 0.234553 0.000000 0.000000 0.000000 0.000000 1.000000
0.974584 -0.094867 -0.202943 0.000000 -0.172918 0.257380 -0.950713 37.973900 0.142425 0.961642 0.234434 0.000000 0.000000 0.000000 0.000000 1.000000
0.973791 -0.093851 -0.207177 0.000000 -0.177275 0.257484 -0.949882 37.973900 0.142492 0.961714 0.234098 0.000000 0.000000 0.000000 0.000000 1.000000
0.973041 -0.092869 -0.211110 -0.000000 -0.181326 0.257600 -0.949085 37.973900 0.142523 0.961778 0.233816 -0.000000 0.000000 0.000000 0.000000 1.000000
0.972410 -0.092319 -0.214235 0.000000 -0.184426 0.258136 -0.948342 37.973900 0.142852 0.961688 0.233988 0.000000 0.000000 0.000000 0.000000 1.000000
0.971868 -0.092213 -0.216723 0.000000 -0.186825 0.258490 -0.947776 37.973900 0.143418 0.961603 0.233990 0.000000 0.000000 0.000000 0.000000 1.000000
0.971475 -0.092018 -0.218559 0.000000 -0.188573 0.259083 -0.947268 37.973900 0.143791 0.961462 0.234340 0.000000 0.000000 0.000000 0.000000 1.000000
0.971420 -0.091300 -0.219107 0.000000 -0.189077 0.260426 -0.946799 37.973900 0.143504 0.961167 0.235720 0.000000 0.000000 0.000000 0.000000 1.000000
0.971532 -0.090476 -0.218950 0.000000 -0.188885 0.262015 -0.946399 37.973900 0.142994 0.960813 0.237466 0.000000 0.000000 0.000000 0.000000 1.000000
0.971707 -0.089817 -0.218448 0.000000 -0.188327 0.263550 -0.946084 37.973900 0.142546 0.960455 0.239178 -0.000000 0.000000 0.000000 0.000000 1.000000
0.971933 -0.089330 -0.217638 0.000000 -0.187454 0.264923 -0.945874 37.973900 0.142152 0.960123 0.240742 0.000000 0.000000 0.000000 0.000000 1.000000
0.972192 -0.089479 -0.216416 0.000000 -0.186155 0.265420 -0.945991 37.973900 0.142088 0.959972 0.241383 0.000000 0.000000 0.000000 0.000000 1.000000
0.972255 -0.089665 -0.216054 0.000000 -0.185776 0.265296 -0.946100 37.973900 0.142151 0.959989 0.241278 0.000000 0.000000 0.000000 0.000000 1.000000
0.972498 -0.089341 -0.215095 0.000000 -0.184834 0.265889 -0.946118 37.973900 0.141718 0.959855 0.242063 -0.000000 0.000000 0.000000 0.000000 1.000000
0.972774 -0.088918 -0.214018 0.000000 -0.183782 0.266621 -0.946117 37.973900 0.141188 0.959691 0.243021 0.000000 0.000000 0.000000 0.000000 1.000000
0.973071 -0.088426 -0.212869 0.000000 -0.182669 0.267418 -0.946108 37.973900 0.140586 0.959515 0.244064 0.000000 0.000000 0.000000 0.000000 1.000000
0.973472 -0.087594 -0.211377 0.000000 -0.181265 0.268516 -0.946067 37.973900 0.139628 0.959284 0.245515 -0.000000 0.000000 0.000000 0.000000 1.000000
0.973854 -0.087302 -0.209732 0.000000 -0.179575 0.269651 -0.946066 37.973900 0.139148 0.958993 0.246924 -0.000000 0.000000 0.000000 0.000000 1.000000
0.974127 -0.087299 -0.208458 -0.000000 -0.178205 0.270565 -0.946064 37.973900 0.138992 0.958735 0.248008 -0.000000 0.000000 0.000000 0.000000 1.000000
0.974249 -0.087494 -0.207805 -0.000000 -0.177447 0.271084 -0.946058 37.973900 0.139107 0.958571 0.248578 0.000000 0.000000 0.000000 0.000000 1.000000
0.974339 -0.087722 -0.207287 -0.000000 -0.176823 0.271523 -0.946049 37.973900 0.139272 0.958426 0.249045 -0.000000 0.000000 0.000000 0.000000 1.000000
0.974375 -0.087881 -0.207051 -0.000000 -0.176500 0.271886 -0.946005 37.973900 0.139430 0.958308 0.249408 0.000000 0.000000 0.000000 0.000000 1.000000
0.974365 -0.087960 -0.207064 0.000000 -0.176449 0.272192 -0.945927 37.973900 0.139565 0.958214 0.249694 0.000000 0.000000 0.000000 0.000000 1.000000
0.974336 -0.088018 -0.207178 0.000000 -0.176504 0.272468 -0.945837 37.973900 0.139699 0.958131 0.249940 -0.000000 0.000000 0.000000 0.000000 1.000000
0.974293 -0.088058 -0.207361 -0.000000 -0.176635 0.272724 -0.945739 37.973900 0.139832 0.958054 0.250159 -0.000000 0.000000 0.000000 0.000000 1.000000
0.974243 -0.088085 -0.207586 0.000000 -0.176810 0.272973 -0.945634 37.973900 0.139961 0.957981 0.250368 0.000000 0.000000 0.000000 0.000000 1.000000
0.974191 -0.088101 -0.207823 0.000000 -0.176998 0.273225 -0.945526 37.973900 0.140084 0.957907 0.250580 0.000000 0.000000 0.000000 0.000000 1.000000
0.974143 -0.088111 -0.208041 0.000000 -0.177169 0.273493 -0.945417 37.973900 0.140200 0.957830 0.250811 0.000000 0.000000 0.000000 0.000000 1.000000
0.974072 -0.087936 -0.208451 0.000000 -0.177561 0.273838 -0.945243 37.973900 0.140203 0.957747 0.251124 -0.000000 0.000000 0.000000 0.000000 1.000000
0.974131 -0.087690 -0.208275 -0.000000 -0.177452 0.273837 -0.945264 37.973900 0.139924 0.957770 0.251193 -0.000000 0.000000 0.000000 0.000000 1.000000
0.974216 -0.087436 -0.207987 0.000000 -0.177247 0.273774 -0.945321 37.973900 0.139596 0.957812 0.251217 0.000000 0.000000 0.000000 0.000000 1.000000
0.974299 -0.087256 -0.207674 0.000000 -0.176994 0.273738 -0.945379 37.973900 0.139338 0.957838 0.251259 0.000000 0.000000 0.000000 0.000000 1.000000
0.974366 -0.087481 -0.207261 -0.000000 -0.176516 0.273876 -0.945428 37.973900 0.139471 0.957778 0.251413 -0.000000 0.000000 0.000000 0.000000 1.000000</float_array>
        <technique_common>
          <accessor source="#mixamorig_LeftFoot-Matrix-animation-output-transform-array" count="184" stride="16">
            <param type="float4x4"/>
          </accessor>
        </technique_common>
      </source>
      <source id="mixamorig_LeftFoot-Interpolations">
        <Name_array id="mixamorig_LeftFoot-Interpolations-array" count="184">
 LINEAR LINEAR LINEAR LINEAR LINEAR LINEAR LINEAR LINEAR LINEAR LINEAR LINEAR
LINEAR LINEAR LINEAR LINEAR LINEAR LINEAR LINEAR LINEAR LINEAR LINEAR LINEAR LINEAR
LINEAR LINEAR LINEAR LINEAR LINEAR LINEAR LINEAR LINEAR LINEAR LINEAR LINEAR LINEAR
LINEAR LINEAR LINEAR LINEAR LINEAR LINEAR LINEAR LINEAR LINEAR LINEAR LINEAR LINEAR
LINEAR LINEAR LINEAR LINEAR LINEAR LINEAR LINEAR LINEAR LINEAR LINEAR LINEAR LINEAR
LINEAR LINEAR LINEAR LINEAR LINEAR LINEAR LINEAR LINEAR LINEAR LINEAR LINEAR LINEAR
LINEAR LINEAR LINEAR LINEAR LINEAR LINEAR LINEAR LINEAR LINEAR LINEAR LINEAR LINEAR
LINEAR LINEAR LINEAR LINEAR LINEAR LINEAR LINEAR LINEAR LINEAR LINEAR LINEAR LINEAR
LINEAR LINEAR LINEAR LINEAR LINEAR LINEAR LINEAR LINEAR LINEAR LINEAR LINEAR LINEAR
LINEAR LINEAR LINEAR LINEAR LINEAR LINEAR LINEAR LINEAR LINEAR LINEAR LINEAR LINEAR
LINEAR LINEAR LINEAR LINEAR LINEAR LINEAR LINEAR LINEAR LINEAR LINEAR LINEAR LINEAR
LINEAR LINEAR LINEAR LINEAR LINEAR LINEAR LINEAR LINEAR LINEAR LINEAR LINEAR LINEAR
LINEAR LINEAR LINEAR LINEAR LINEAR LINEAR LINEAR LINEAR LINEAR LINEAR LINEAR LINEAR
LINEAR LINEAR LINEAR LINEAR LINEAR LINEAR LINEAR LINEAR LINEAR LINEAR LINEAR LINEAR
LINEAR LINEAR LINEAR LINEAR LINEAR LINEAR LINEAR LINEAR LINEAR LINEAR LINEAR LINEAR
LINEAR LINEAR LINEAR LINEAR LINEAR</Name_array>
        <technique_common>
          <accessor source="#mixamorig_LeftFoot-Interpolations-array" count="184">
            <param type="name"/>
          </accessor>
        </technique_common>
      </source>
      <sampler id="mixamorig_LeftFoot-Matrix-animation-transform">
        <input semantic="INPUT" source="#mixamorig_LeftFoot-Matrix-animation-input"/>
        <input semantic="OUTPUT" source="#mixamorig_LeftFoot-Matrix-animation-output-transform"/>
        <input semantic="INTERPOLATION" source="#mixamorig_LeftFoot-Interpolations"/>
      </sampler>
      <channel source="#mixamorig_LeftFoot-Matrix-animation-transform" target="mixamorig_LeftFoot/matrix"/>
    </animation>
    <animation id="mixamorig_LeftToeBase-anim" name="mixamorig_LeftToeBase">
      <source id="mixamorig_LeftToeBase-Matrix-animation-input">
        <float_array id="mixamorig_LeftToeBase-Matrix-animation-input-array" count="184">

0.000000 0.033333 0.066667 0.100000 0.133333 0.166667 0.200000 0.233333 0.266667 0.300000 0.333333 0.366667 0.400000 0.433333 0.466667 0.500000
0.533333 0.566667 0.600000 0.633333 0.666667 0.700000 0.733333 0.766667 0.800000 0.833333 0.866667 0.900000 0.933333 0.966667 1.000000 1.033333
1.066667 1.100000 1.133333 1.166667 1.200000 1.233333 1.266667 1.300000 1.333333 1.366667 1.400000 1.433333 1.466667 1.500000 1.533333 1.566667
1.600000 1.633333 1.666667 1.700000 1.733333 1.766667 1.800000 1.833333 1.866667 1.900000 1.933333 1.966667 2.000000 2.033333 2.066667 2.100000
2.133333 2.166667 2.200000 2.233333 2.266667 2.300000 2.333333 2.366667 2.400000 2.433333 2.466667 2.500000 2.533333 2.566667 2.600000 2.633333
2.666667 2.700000 2.733333 2.766667 2.800000 2.833333 2.866667 2.900000 2.933333 2.966667 3.000000 3.033333 3.066667 3.100000 3.133333 3.166667
3.200000 3.233333 3.266667 3.300000 3.333333 3.366667 3.400000 3.433333 3.466667 3.500000 3.533333 3.566667 3.600000 3.633333 3.666667 3.700000
3.733333 3.766667 3.800000 3.833333 3.866667 3.900000 3.933333 3.966667 4.000000 4.033333 4.066667 4.100000 4.133333 4.166667 4.200000 4.233333
4.266667 4.300000 4.333333 4.366667 4.400000 4.433333 4.466667 4.500000 4.533333 4.566667 4.600000 4.633333 4.666667 4.700000 4.733333 4.766667
4.800000 4.833333 4.866667 4.900000 4.933333 4.966667 5.000000 5.033333 5.066667 5.100000 5.133333 5.166667 5.200000 5.233333 5.266667 5.300000
5.333333 5.366667 5.400000 5.433333 5.466667 5.500000 5.533333 5.566667 5.600000 5.633333 5.666667 5.700000 5.733333 5.766667 5.800000 5.833333
5.866667 5.900000 5.933333 5.966667 6.000000 6.033333 6.066667 6.100000</float_array>
        <technique_common>
          <accessor source="#mixamorig_LeftToeBase-Matrix-animation-input-array" count="184">
            <param name="TIME" type="float"/>
          </accessor>
        </technique_common>
      </source>
      <source id="mixamorig_LeftToeBase-Matrix-animation-output-transform">
        <float_array id="mixamorig_LeftToeBase-Matrix-animation-output-transform-array" count="2944">

0.999503 0.019005 0.025151 0.000000 0.000000 0.797835 -0.602875 18.228800 -0.031524 0.602576 0.797439 0.000000 0.000000 0.000000 0.000000 1.000000
0.999503 0.019005 0.025151 0.000000 0.000000 0.797835 -0.602875 18.228800 -0.031524 0.602576 0.797439 0.000000 0.000000 0.000000 0.000000 1.000000
0.999503 0.019005 0.025151 0.000000 0.000000 0.797835 -0.602875 18.228800 -0.031524 0.602576 0.797439 0.000000 0.000000 0.000000 0.000000 1.000000
0.999503 0.019005 0.025151 -0.000000 0.000000 0.797835 -0.602875 18.228800 -0.031524 0.602576 0.797439 0.000000 0.000000 0.000000 0.000000 1.000000
0.999503 0.019005 0.025151 0.000000 0.000000 0.797835 -0.602875 18.228800 -0.031524 0.602576 0.797439 0.000000 0.000000 0.000000 0.000000 1.000000
0.999503 0.019005 0.025151 0.000000 -0.000000 0.797835 -0.602875 18.228800 -0.031524 0.602576 0.797439 0.000000 0.000000 0.000000 0.000000 1.000000
0.999503 0.019005 0.025151 -0.000000 -0.000000 0.797835 -0.602875 18.228800 -0.031524 0.602576 0.797439 -0.000000 0.000000 0.000000 0.000000 1.000000
0.999503 0.019005 0.025151 0.000000 -0.000000 0.797835 -0.602875 18.228800 -0.031524 0.602576 0.797439 0.000000 0.000000 0.000000 0.000000 1.000000
0.999503 0.019005 0.025151 0.000000 -0.000000 0.797835 -0.602875 18.228800 -0.031524 0.602576 0.797439 0.000000 0.000000 0.000000 0.000000 1.000000
0.999503 0.019005 0.025151 0.000000 -0.000000 0.797835 -0.602875 18.228800 -0.031524 0.602576 0.797439 -0.000000 0.000000 0.000000 0.000000 1.000000
0.999503 0.019005 0.025151 0.000000 -0.000000 0.797835 -0.602875 18.228800 -0.031524 0.602576 0.797439 -0.000000 0.000000 0.000000 0.000000 1.000000
0.999503 0.019005 0.025151 0.000000 -0.000000 0.797835 -0.602875 18.228800 -0.031524 0.602576 0.797439 0.000000 0.000000 0.000000 0.000000 1.000000
0.999503 0.019005 0.025151 -0.000000 -0.000000 0.797835 -0.602875 18.228800 -0.031524 0.602576 0.797439 0.000000 0.000000 0.000000 0.000000 1.000000
0.999503 0.019005 0.025151 0.000000 -0.000000 0.797835 -0.602875 18.228800 -0.031524 0.602576 0.797439 0.000000 0.000000 0.000000 0.000000 1.000000
0.999503 0.019005 0.025151 0.000000 0.000000 0.797835 -0.602875 18.228800 -0.031524 0.602576 0.797439 0.000000 0.000000 0.000000 0.000000 1.000000
0.999503 0.019005 0.025151 0.000000 0.000000 0.797835 -0.602875 18.228800 -0.031524 0.602576 0.797439 0.000000 0.000000 0.000000 0.000000 1.000000
0.999503 0.019005 0.025151 -0.000000 0.000000 0.797836 -0.602875 18.228800 -0.031524 0.602576 0.797439 0.000000 0.000000 0.000000 0.000000 1.000000
0.999503 0.019005 0.025151 0.000000 0.000000 0.797836 -0.602875 18.228800 -0.031524 0.602576 0.797439 0.000000 0.000000 0.000000 0.000000 1.000000
0.999503 0.019005 0.025151 0.000000 0.000000 0.797836 -0.602875 18.228800 -0.031524 0.602575 0.797439 -0.000000 0.000000 0.000000 0.000000 1.000000
0.999503 0.019005 0.025151 0.000000 0.000000 0.797836 -0.602875 18.228800 -0.031524 0.602575 0.797439 -0.000000 0.000000 0.000000 0.000000 1.000000
0.999503 0.019005 0.025151 -0.000000 -0.000000 0.797836 -0.602875 18.228800 -0.031524 0.602575 0.797439 -0.000000 0.000000 0.000000 0.000000 1.000000
0.999503 0.019005 0.025151 0.000000 -0.000000 0.797836 -0.602875 18.228800 -0.031524 0.602575 0.797439 0.000000 0.000000 0.000000 0.000000 1.000000
0.999503 0.019005 0.025151 -0.000000 -0.000000 0.797836 -0.602875 18.228800 -0.031524 0.602575 0.797439 0.000000 0.000000 0.000000 0.000000 1.000000
0.999503 0.019005 0.025151 0.000000 0.000000 0.797835 -0.602875 18.228800 -0.031524 0.602576 0.797439 0.000000 0.000000 0.000000 0.000000 1.000000
0.999503 0.019005 0.025151 -0.000000 0.000000 0.797835 -0.602875 18.228800 -0.031524 0.602576 0.797439 0.000000 0.000000 0.000000 0.000000 1.000000
0.999503 0.019005 0.025151 -0.000000 0.000000 0.797836 -0.602875 18.228800 -0.031524 0.602575 0.797439 0.000000 0.000000 0.000000 0.000000 1.000000
0.999503 0.019005 0.025151 -0.000000 0.000000 0.797836 -0.602875 18.228800 -0.031524 0.602575 0.797439 0.000000 0.000000 0.000000 0.000000 1.000000
0.999503 0.019005 0.025151 0.000000 -0.000000 0.797836 -0.602875 18.228800 -0.031524 0.602575 0.797439 0.000000 0.000000 0.000000 0.000000 1.000000
0.999503 0.019005 0.025151 0.000000 0.000000 0.797835 -0.602875 18.228800 -0.031524 0.602576 0.797439 -0.000000 0.000000 0.000000 0.000000 1.000000
0.999503 0.019005 0.025151 0.000000 0.000000 0.797835 -0.602875 18.228800 -0.031524 0.602576 0.797439 -0.000000 0.000000 0.000000 0.000000 1.000000
0.999503 0.019005 0.025151 0.000000 0.000000 0.797835 -0.602875 18.228800 -0.031524 0.602576 0.797439 0.000000 0.000000 0.000000 0.000000 1.000000
0.999503 0.019005 0.025151 0.000000 0.000000 0.797835 -0.602875 18.228800 -0.031524 0.602576 0.797439 0.000000 0.000000 0.000000 0.000000 1.000000
0.999503 0.019005 0.025151 0.000000 0.000000 0.797835 -0.602875 18.228800 -0.031524 0.602576 0.797439 0.000000 0.000000 0.000000 0.000000 1.000000
0.999503 0.019005 0.025151 0.000000 0.000000 0.797835 -0.602875 18.228800 -0.031524 0.602576 0.797439 0.000000 0.000000 0.000000 0.000000 1.000000
0.999503 0.019005 0.025151 -0.000000 0.000000 0.797835 -0.602875 18.228800 -0.031524 0.602576 0.797439 0.000000 0.000000 0.000000 0.000000 1.000000
0.999503 0.019005 0.025151 -0.000000 0.000000 0.797835 -0.602875 18.228800 -0.031524 0.602576 0.797439 0.000000 0.000000 0.000000 0.000000 1.000000
0.999503 0.019005 0.025151 0.000000 0.000000 0.797835 -0.602875 18.228800 -0.031524 0.602576 0.797439 0.000000 0.000000 0.000000 0.000000 1.000000
0.999503 0.019005 0.025151 0.000000 0.000000 0.797835 -0.602875 18.228800 -0.031524 0.602576 0.797439 0.000000 0.000000 0.000000 0.000000 1.000000
0.999503 0.019005 0.025151 0.000000 0.000000 0.797836 -0.602875 18.228800 -0.031524 0.602575 0.797439 0.000000 0.000000 0.000000 0.000000 1.000000
0.999700 0.015501 0.018983 -0.000000 0.000176 0.770020 -0.638020 18.228800 -0.024507 0.637831 0.769786 0.000000 0.000000 0.000000 0.000000 1.000000
0.999872 0.010577 0.011986 0.000000 0.000394 0.733290 -0.679916 18.228800 -0.015981 0.679834 0.733192 0.000000 0.000000 0.000000 0.000000 1.000000
0.999976 0.004586 0.005228 -0.000000 0.000645 0.687374 -0.726303 18.228800 -0.006924 0.726289 0.687355 0.000000 0.000000 0.000000 0.000000 1.000000
0.994022 0.022959 0.106740 0.000000 0.060560 0.697517 -0.714005 18.228800 -0.090846 0.716201 0.691956 -0.000000 0.000000 0.000000 0.000000 1.000000
0.997187 0.018468 0.072639 0.000000 0.034068 0.751574 -0.658769 18.228800 -0.066760 0.659390 0.748831 0.000000 0.000000 0.000000 0.000000 1.000000
0.999532 0.018543 0.024348 0.000000 0.000067 0.794232 -0.607615 18.228800 -0.030605 0.607332 0.793859 -0.000000 0.000000 0.000000 0.000000 1.000000
0.999682 0.018076 0.017561 0.000000 -0.003611 0.792362 -0.610041 18.228800 -0.024942 0.609784 0.792175 -0.000000 0.000000 0.000000 0.000000 1.000000
0.999647 0.016457 0.020854 -0.000000 0.000296 0.778062 -0.628187 18.228800 -0.026564 0.627972 0.777783 0.000000 0.000000 0.000000 0.000000 1.000000
0.999688 0.015620 0.019514 -0.000000 0.000360 0.771635 -0.636065 18.228800 -0.024993 0.635873 0.771389 0.000000 0.000000 0.000000 0.000000 1.000000
0.999701 0.015321 0.019034 0.000000 0.000374 0.769321 -0.638862 18.228800 -0.024431 0.638679 0.769086 -0.000000 0.000000 0.000000 0.000000 1.000000
0.999651 0.016671 0.020499 0.000000 -0.000179 0.780079 -0.625681 18.228800 -0.026422 0.625459 0.779810 -0.000000 0.000000 0.000000 0.000000 1.000000
0.999595 0.017450 0.022492 0.000000 0.000201 0.785739 -0.618558 18.228800 -0.028467 0.618312 0.785417 0.000000 0.000000 0.000000 0.000000 1.000000
0.999579 0.015776 0.024366 0.000000 0.003442 0.769087 -0.639134 18.228800 -0.028823 0.638949 0.768709 0.000000 0.000000 0.000000 0.000000 1.000000
0.999564 0.013452 0.026277 0.000000 0.007540 0.744280 -0.667825 18.228800 -0.028541 0.667732 0.743854 0.000000 0.000000 0.000000 0.000000 1.000000
0.999580 0.011815 0.026468 0.000000 0.009585 0.727052 -0.686515 18.228800 -0.027355 0.686481 0.726633 0.000000 0.000000 0.000000 0.000000 1.000000
0.999723 0.011326 0.020643 -0.000000 0.005824 0.730525 -0.682861 18.228800 -0.022815 0.682792 0.730256 0.000000 0.000000 0.000000 0.000000 1.000000
0.999803 0.012786 0.015165 0.000000 0.000442 0.749985 -0.661455 18.228800 -0.019831 0.661332 0.749831 0.000000 0.000000 0.000000 0.000000 1.000000
0.999503 0.019003 0.025147 0.000000 0.000000 0.797820 -0.602895 18.228800 -0.031520 0.602596 0.797424 -0.000000 0.000000 0.000000 0.000000 1.000000
0.999463 0.019581 0.026273 0.000000 -0.000047 0.802658 -0.596439 18.228800 -0.032767 0.596118 0.802228 0.000000 0.000000 0.000000 0.000000 1.000000
0.999458 0.019653 0.026415 -0.000000 -0.000053 0.803262 -0.595626 18.228800 -0.032924 0.595301 0.802828 0.000000 0.000000 0.000000 0.000000 1.000000
0.999473 0.019439 0.025992 0.000000 -0.000035 0.801461 -0.598047 18.228800 -0.032457 0.597731 0.801039 0.000000 0.000000 0.000000 0.000000 1.000000
0.999493 0.019150 0.025430 -0.000000 -0.000012 0.799046 -0.601269 18.228800 -0.031835 0.600964 0.798642 0.000000 0.000000 0.000000 0.000000 1.000000
0.999503 0.019005 0.025151 0.000000 0.000000 0.797835 -0.602875 18.228800 -0.031524 0.602576 0.797439 0.000000 0.000000 0.000000 0.000000 1.000000
0.999503 0.019005 0.025151 -0.000000 0.000000 0.797835 -0.602875 18.228800 -0.031523 0.602576 0.797439 0.000000 0.000000 0.000000 0.000000 1.000000
0.999503 0.019005 0.025151 0.000000 0.000000 0.797835 -0.602875 18.228800 -0.031524 0.602576 0.797439 -0.000000 0.000000 0.000000 0.000000 1.000000
0.999503 0.019005 0.025151 0.000000 -0.000000 0.797835 -0.602875 18.228800 -0.031524 0.602576 0.797439 0.000000 0.000000 0.000000 0.000000 1.000000
0.999503 0.019005 0.025151 -0.000000 -0.000000 0.797835 -0.602875 18.228800 -0.031524 0.602576 0.797439 0.000000 0.000000 0.000000 0.000000 1.000000
0.999503 0.019005 0.025151 -0.000000 -0.000000 0.797835 -0.602875 18.228800 -0.031524 0.602576 0.797439 0.000000 0.000000 0.000000 0.000000 1.000000
0.999503 0.019005 0.025151 0.000000 0.000000 0.797835 -0.602875 18.228800 -0.031524 0.602576 0.797439 0.000000 0.000000 0.000000 0.000000 1.000000
0.999503 0.019005 0.025151 -0.000000 0.000000 0.797835 -0.602875 18.228800 -0.031524 0.602576 0.797439 0.000000 0.000000 0.000000 0.000000 1.000000
0.999503 0.019005 0.025151 0.000000 0.000000 0.797835 -0.602875 18.228800 -0.031524 0.602576 0.797439 0.000000 0.000000 0.000000 0.000000 1.000000
0.999503 0.019005 0.025151 0.000000 -0.000000 0.797835 -0.602875 18.228800 -0.031524 0.602576 0.797439 0.000000 0.000000 0.000000 0.000000 1.000000
0.999503 0.019005 0.025151 0.000000 0.000000 0.797835 -0.602875 18.228800 -0.031524 0.602576 0.797439 0.000000 0.000000 0.000000 0.000000 1.000000
0.999503 0.019005 0.025151 0.000000 0.000000 0.797835 -0.602875 18.228800 -0.031524 0.602576 0.797439 0.000000 0.000000 0.000000 0.000000 1.000000
0.999503 0.019005 0.025151 0.000000 -0.000000 0.797836 -0.602875 18.228800 -0.031524 0.602575 0.797439 0.000000 0.000000 0.000000 0.000000 1.000000
0.999503 0.019005 0.025151 -0.000000 -0.000000 0.797836 -0.602875 18.228800 -0.031524 0.602575 0.797439 0.000000 0.000000 0.000000 0.000000 1.000000
0.999503 0.019005 0.025151 0.000000 -0.000000 0.797836 -0.602875 18.228800 -0.031524 0.602575 0.797439 0.000000 0.000000 0.000000 0.000000 1.000000
0.999503 0.019005 0.025151 0.000000 -0.000000 0.797836 -0.602875 18.228800 -0.031524 0.602575 0.797439 0.000000 0.000000 0.000000 0.000000 1.000000
0.999503 0.019005 0.025151 0.000000 0.000000 0.797836 -0.602875 18.228800 -0.031524 0.602575 0.797439 -0.000000 0.000000 0.000000 0.000000 1.000000
0.999503 0.019005 0.025151 0.000000 0.000000 0.797836 -0.602875 18.228800 -0.031524 0.602575 0.797439 0.000000 0.000000 0.000000 0.000000 1.000000
0.999503 0.019005 0.025151 0.000000 -0.000000 0.797836 -0.602875 18.228800 -0.031524 0.602576 0.797439 0.000000 0.000000 0.000000 0.000000 1.000000
0.999503 0.019005 0.025151 0.000000 0.000000 0.797836 -0.602875 18.228800 -0.031524 0.602576 0.797439 0.000000 0.000000 0.000000 0.000000 1.000000
0.999503 0.019005 0.025151 0.000000 -0.000000 0.797836 -0.602875 18.228800 -0.031524 0.602575 0.797439 0.000000 0.000000 0.000000 0.000000 1.000000
0.999503 0.019005 0.025151 -0.000000 -0.000000 0.797836 -0.602874 18.228800 -0.031524 0.602575 0.797440 0.000000 0.000000 0.000000 0.000000 1.000000
0.999503 0.019005 0.025151 0.000000 -0.000000 0.797837 -0.602874 18.228800 -0.031524 0.602574 0.797440 0.000000 0.000000 0.000000 0.000000 1.000000
0.999503 0.019005 0.025151 0.000000 -0.000000 0.797837 -0.602873 18.228800 -0.031524 0.602573 0.797441 -0.000000 0.000000 0.000000 0.000000 1.000000
0.999503 0.019005 0.025151 0.000000 -0.000000 0.797838 -0.602872 18.228800 -0.031524 0.602573 0.797441 0.000000 0.000000 0.000000 0.000000 1.000000
0.999503 0.019005 0.025151 -0.000000 -0.000000 0.797838 -0.602872 18.228800 -0.031524 0.602572 0.797441 0.000000 0.000000 0.000000 0.000000 1.000000
0.999503 0.019005 0.025151 0.000000 0.000000 0.797838 -0.602872 18.228800 -0.031524 0.602573 0.797441 0.000000 0.000000 0.000000 0.000000 1.000000
0.999503 0.019005 0.025151 -0.000000 0.000000 0.797837 -0.602873 18.228800 -0.031524 0.602574 0.797440 0.000000 0.000000 0.000000 0.000000 1.000000
0.999503 0.019005 0.025151 -0.000000 0.000000 0.797837 -0.602873 18.228800 -0.031524 0.602574 0.797440 0.000000 0.000000 0.000000 0.000000 1.000000
0.999503 0.019005 0.025151 0.000000 -0.000000 0.797837 -0.602873 18.228800 -0.031524 0.602573 0.797441 0.000000 0.000000 0.000000 0.000000 1.000000
0.999503 0.019005 0.025151 0.000000 -0.000000 0.797837 -0.602873 18.228800 -0.031524 0.602573 0.797441 -0.000000 0.000000 0.000000 0.000000 1.000000
0.999503 0.019005 0.025151 0.000000 -0.000000 0.797837 -0.602873 18.228800 -0.031524 0.602573 0.797441 0.000000 0.000000 0.000000 0.000000 1.000000
0.999503 0.019005 0.025151 0.000000 -0.000000 0.797837 -0.602873 18.228800 -0.031524 0.602573 0.797441 -0.000000 0.000000 0.000000 0.000000 1.000000
0.999503 0.019005 0.025151 -0.000000 -0.000000 0.797837 -0.602873 18.228800 -0.031524 0.602574 0.797440 0.000000 0.000000 0.000000 0.000000 1.000000
0.999503 0.019005 0.025151 0.000000 -0.000000 0.797837 -0.602873 18.228800 -0.031524 0.602574 0.797441 0.000000 0.000000 0.000000 0.000000 1.000000
0.999503 0.019005 0.025151 0.000000 -0.000000 0.797837 -0.602873 18.228800 -0.031524 0.602573 0.797441 0.000000 0.000000 0.000000 0.000000 1.000000
0.999503 0.019005 0.025151 0.000000 -0.000000 0.797837 -0.602873 18.228800 -0.031524 0.602573 0.797441 0.000000 0.000000 0.000000 0.000000 1.000000
0.999503 0.019005 0.025151 0.000000 -0.000000 0.797837 -0.602873 18.228800 -0.031524 0.602573 0.797441 0.000000 0.000000 0.000000 0.000000 1.000000
0.999503 0.019005 0.025151 0.000000 -0.000000 0.797838 -0.602872 18.228800 -0.031524 0.602573 0.797441 0.000000 0.000000 0.000000 0.000000 1.000000
0.999503 0.019005 0.025151 0.000000 -0.000000 0.797838 -0.602872 18.228800 -0.031524 0.602573 0.797441 0.000000 0.000000 0.000000 0.000000 1.000000
0.999503 0.019005 0.025151 0.000000 -0.000000 0.797838 -0.602872 18.228800 -0.031524 0.602573 0.797441 0.000000 0.000000 0.000000 0.000000 1.000000
0.999503 0.019005 0.025151 0.000000 -0.000000 0.797838 -0.602872 18.228800 -0.031524 0.602573 0.797441 0.000000 0.000000 0.000000 0.000000 1.000000
0.999503 0.019005 0.025151 -0.000000 -0.000000 0.797838 -0.602872 18.228800 -0.031524 0.602573 0.797441 0.000000 0.000000 0.000000 0.000000 1.000000
0.999503 0.019005 0.025151 0.000000 -0.000000 0.797838 -0.602872 18.228800 -0.031524 0.602573 0.797441 0.000000 0.000000 0.000000 0.000000 1.000000
0.999503 0.019005 0.025151 -0.000000 -0.000000 0.797838 -0.602872 18.228800 -0.031524 0.602573 0.797441 0.000000 0.000000 0.000000 0.000000 1.000000
0.999503 0.019005 0.025151 -0.000000 -0.000000 0.797838 -0.602872 18.228800 -0.031524 0.602573 0.797441 0.000000 0.000000 0.000000 0.000000 1.000000
0.999503 0.019005 0.025151 0.000000 -0.000000 0.797838 -0.602873 18.228800 -0.031524 0.602573 0.797441 0.000000 0.000000 0.000000 0.000000 1.000000
0.999503 0.019005 0.025151 0.000000 -0.000000 0.797837 -0.602873 18.228800 -0.031524 0.602573 0.797441 0.000000 0.000000 0.000000 0.000000 1.000000
0.999503 0.019005 0.025151 -0.000000 -0.000000 0.797837 -0.602873 18.228800 -0.031524 0.602573 0.797441 0.000000 0.000000 0.000000 0.000000 1.000000
0.999503 0.019005 0.025151 0.000000 -0.000000 0.797837 -0.602873 18.228800 -0.031524 0.602573 0.797441 -0.000000 0.000000 0.000000 0.000000 1.000000
0.999503 0.019005 0.025151 0.000000 -0.000000 0.797837 -0.602873 18.228800 -0.031524 0.602573 0.797441 0.000000 0.000000 0.000000 0.000000 1.000000
0.999503 0.019005 0.025151 0.000000 -0.000000 0.797837 -0.602873 18.228800 -0.031524 0.602573 0.797441 0.000000 0.000000 0.000000 0.000000 1.000000
0.999503 0.019005 0.025151 0.000000 -0.000000 0.797837 -0.602873 18.228800 -0.031524 0.602573 0.797441 -0.000000 0.000000 0.000000 0.000000 1.000000
0.999503 0.019005 0.025151 0.000000 -0.000000 0.797837 -0.602873 18.228800 -0.031524 0.602573 0.797441 -0.000000 0.000000 0.000000 0.000000 1.000000
0.999503 0.019005 0.025151 -0.000000 -0.000000 0.797837 -0.602873 18.228800 -0.031524 0.602573 0.797441 -0.000000 0.000000 0.000000 0.000000 1.000000
0.999503 0.019005 0.025151 -0.000000 -0.000000 0.797837 -0.602873 18.228800 -0.031524 0.602573 0.797441 -0.000000 0.000000 0.000000 0.000000 1.000000
0.999503 0.019005 0.025151 0.000000 -0.000000 0.797837 -0.602873 18.228800 -0.031524 0.602574 0.797440 0.000000 0.000000 0.000000 0.000000 1.000000
0.999503 0.019005 0.025151 0.000000 -0.000000 0.797837 -0.602873 18.228800 -0.031524 0.602574 0.797440 -0.000000 0.000000 0.000000 0.000000 1.000000
0.999503 0.019005 0.025151 0.000000 -0.000000 0.797837 -0.602873 18.228800 -0.031524 0.602574 0.797440 0.000000 0.000000 0.000000 0.000000 1.000000
0.999503 0.019005 0.025151 0.000000 -0.000000 0.797837 -0.602873 18.228800 -0.031524 0.602574 0.797440 0.000000 0.000000 0.000000 0.000000 1.000000
0.999503 0.019005 0.025151 0.000000 -0.000000 0.797837 -0.602873 18.228800 -0.031524 0.602574 0.797440 -0.000000 0.000000 0.000000 0.000000 1.000000
0.999503 0.019005 0.025151 -0.000000 -0.000000 0.797837 -0.602874 18.228800 -0.031524 0.602574 0.797440 0.000000 0.000000 0.000000 0.000000 1.000000
0.999503 0.019005 0.025151 -0.000000 -0.000000 0.797837 -0.602874 18.228800 -0.031524 0.602574 0.797440 0.000000 0.000000 0.000000 0.000000 1.000000
0.999503 0.019005 0.025151 0.000000 -0.000000 0.797837 -0.602874 18.228800 -0.031524 0.602574 0.797440 0.000000 0.000000 0.000000 0.000000 1.000000
0.999503 0.019005 0.025151 0.000000 -0.000000 0.797837 -0.602874 18.228800 -0.031524 0.602574 0.797440 0.000000 0.000000 0.000000 0.000000 1.000000
0.999503 0.019005 0.025151 -0.000000 -0.000000 0.797837 -0.602874 18.228800 -0.031524 0.602574 0.797440 -0.000000 0.000000 0.000000 0.000000 1.000000
0.999503 0.019005 0.025151 0.000000 -0.000000 0.797836 -0.602874 18.228800 -0.031524 0.602574 0.797440 0.000000 0.000000 0.000000 0.000000 1.000000
0.999503 0.019005 0.025151 0.000000 -0.000000 0.797836 -0.602874 18.228800 -0.031524 0.602574 0.797440 0.000000 0.000000 0.000000 0.000000 1.000000
0.999503 0.019005 0.025151 0.000000 -0.000000 0.797836 -0.602874 18.228800 -0.031524 0.602574 0.797440 0.000000 0.000000 0.000000 0.000000 1.000000
0.999503 0.019005 0.025151 0.000000 -0.000000 0.797836 -0.602874 18.228800 -0.031524 0.602574 0.797440 -0.000000 0.000000 0.000000 0.000000 1.000000
0.999503 0.019005 0.025151 0.000000 -0.000000 0.797836 -0.602874 18.228800 -0.031524 0.602575 0.797440 0.000000 0.000000 0.000000 0.000000 1.000000
0.999503 0.019005 0.025151 -0.000000 -0.000000 0.797836 -0.602874 18.228800 -0.031524 0.602575 0.797440 -0.000000 0.000000 0.000000 0.000000 1.000000
0.999503 0.019005 0.025151 0.000000 -0.000000 0.797836 -0.602874 18.228800 -0.031524 0.602575 0.797440 0.000000 0.000000 0.000000 0.000000 1.000000
0.999503 0.019005 0.025151 -0.000000 -0.000000 0.797836 -0.602874 18.228800 -0.031524 0.602575 0.797440 0.000000 0.000000 0.000000 0.000000 1.000000
0.999503 0.019005 0.025151 0.000000 -0.000000 0.797836 -0.602874 18.228800 -0.031524 0.602575 0.797440 0.000000 0.000000 0.000000 0.000000 1.000000
0.999503 0.019005 0.025151 0.000000 -0.000000 0.797836 -0.602875 18.228800 -0.031524 0.602575 0.797439 -0.000000 0.000000 0.000000 0.000000 1.000000
0.999503 0.019005 0.025151 0.000000 -0.000000 0.797836 -0.602875 18.228800 -0.031524 0.602575 0.797439 0.000000 0.000000 0.000000 0.000000 1.000000
0.999503 0.019005 0.025151 -0.000000 -0.000000 0.797836 -0.602875 18.228800 -0.031524 0.602575 0.797439 0.000000 0.000000 0.000000 0.000000 1.000000
0.999503 0.019005 0.025151 0.000000 -0.000000 0.797836 -0.602875 18.228800 -0.031524 0.602575 0.797439 0.000000 0.000000 0.000000 0.000000 1.000000
0.999503 0.019005 0.025151 0.000000 -0.000000 0.797836 -0.602875 18.228800 -0.031524 0.602575 0.797439 -0.000000 0.000000 0.000000 0.000000 1.000000
0.999503 0.019005 0.025151 -0.000000 -0.000000 0.797836 -0.602875 18.228800 -0.031524 0.602575 0.797439 0.000000 0.000000 0.000000 0.000000 1.000000
0.999503 0.019005 0.025151 0.000000 -0.000000 0.797836 -0.602875 18.228800 -0.031524 0.602575 0.797439 0.000000 0.000000 0.000000 0.000000 1.000000
0.999503 0.019005 0.025151 0.000000 -0.000000 0.797836 -0.602875 18.228800 -0.031524 0.602575 0.797439 0.000000 0.000000 0.000000 0.000000 1.000000
0.999503 0.019005 0.025151 0.000000 -0.000000 0.797836 -0.602875 18.228800 -0.031524 0.602575 0.797439 -0.000000 0.000000 0.000000 0.000000 1.000000
0.999503 0.019005 0.025151 0.000000 -0.000000 0.797836 -0.602875 18.228800 -0.031524 0.602576 0.797439 -0.000000 0.000000 0.000000 0.000000 1.000000
0.999503 0.019005 0.025151 0.000000 -0.000000 0.797835 -0.602875 18.228800 -0.031524 0.602576 0.797439 0.000000 0.000000 0.000000 0.000000 1.000000
0.999503 0.019005 0.025151 0.000000 -0.000000 0.797835 -0.602875 18.228800 -0.031524 0.602576 0.797439 0.000000 0.000000 0.000000 0.000000 1.000000
0.999503 0.019005 0.025151 0.000000 -0.000000 0.797835 -0.602875 18.228800 -0.031524 0.602576 0.797439 0.000000 0.000000 0.000000 0.000000 1.000000
0.999503 0.019005 0.025151 -0.000000 -0.000000 0.797835 -0.602875 18.228800 -0.031524 0.602576 0.797439 0.000000 0.000000 0.000000 0.000000 1.000000
0.999503 0.019005 0.025151 0.000000 -0.000000 0.797835 -0.602876 18.228800 -0.031524 0.602576 0.797439 0.000000 0.000000 0.000000 0.000000 1.000000
0.999503 0.019005 0.025151 -0.000000 -0.000000 0.797835 -0.602876 18.228800 -0.031524 0.602576 0.797439 0.000000 0.000000 0.000000 0.000000 1.000000
0.999503 0.019005 0.025151 0.000000 -0.000000 0.797835 -0.602876 18.228800 -0.031524 0.602576 0.797439 0.000000 0.000000 0.000000 0.000000 1.000000
0.999503 0.019005 0.025151 0.000000 0.000000 0.797835 -0.602876 18.228800 -0.031524 0.602576 0.797439 0.000000 0.000000 0.000000 0.000000 1.000000
0.999503 0.019005 0.025151 0.000000 0.000000 0.797835 -0.602876 18.228800 -0.031524 0.602576 0.797439 -0.000000 0.000000 0.000000 0.000000 1.000000
0.999503 0.019005 0.025151 -0.000000 -0.000000 0.797835 -0.602876 18.228800 -0.031524 0.602576 0.797439 -0.000000 0.000000 0.000000 0.000000 1.000000
0.999503 0.019005 0.025151 0.000000 0.000000 0.797835 -0.602876 18.228800 -0.031524 0.602576 0.797439 0.000000 0.000000 0.000000 0.000000 1.000000
0.999503 0.019005 0.025151 0.000000 0.000000 0.797835 -0.602876 18.228800 -0.031524 0.602576 0.797439 0.000000 0.000000 0.000000 0.000000 1.000000
0.999503 0.019005 0.025151 0.000000 0.000000 0.797835 -0.602876 18.228800 -0.031524 0.602576 0.797439 0.000000 0.000000 0.000000 0.000000 1.000000
0.999503 0.019005 0.025151 0.000000 0.000000 0.797835 -0.602876 18.228800 -0.031523 0.602576 0.797439 -0.000000 0.000000 0.000000 0.000000 1.000000
0.999503 0.019005 0.025151 0.000000 0.000000 0.797835 -0.602876 18.228800 -0.031524 0.602576 0.797439 0.000000 0.000000 0.000000 0.000000 1.000000
0.999503 0.019005 0.025151 0.000000 0.000000 0.797835 -0.602876 18.228800 -0.031524 0.602576 0.797439 -0.000000 0.000000 0.000000 0.000000 1.000000
0.999503 0.019004 0.025151 -0.000000 0.000000 0.797835 -0.602876 18.228800 -0.031523 0.602576 0.797439 0.000000 0.000000 0.000000 0.000000 1.000000
0.999503 0.019005 0.025151 0.000000 -0.000000 0.797835 -0.602876 18.228800 -0.031524 0.602576 0.797439 0.000000 0.000000 0.000000 0.000000 1.000000
0.999503 0.019005 0.025151 0.000000 -0.000000 0.797835 -0.602876 18.228800 -0.031524 0.602576 0.797439 0.000000 0.000000 0.000000 0.000000 1.000000
0.999503 0.019005 0.025151 -0.000000 -0.000000 0.797835 -0.602876 18.228800 -0.031524 0.602576 0.797439 -0.000000 0.000000 0.000000 0.000000 1.000000
0.999503 0.019005 0.025151 0.000000 -0.000000 0.797835 -0.602876 18.228800 -0.031524 0.602576 0.797439 -0.000000 0.000000 0.000000 0.000000 1.000000
0.999503 0.019005 0.025151 0.000000 0.000000 0.797835 -0.602875 18.228800 -0.031524 0.602576 0.797439 0.000000 0.000000 0.000000 0.000000 1.000000
0.999503 0.019005 0.025151 0.000000 -0.000000 0.797835 -0.602876 18.228800 -0.031524 0.602576 0.797439 0.000000 0.000000 0.000000 0.000000 1.000000
0.999503 0.019005 0.025151 0.000000 -0.000000 0.797835 -0.602875 18.228800 -0.031524 0.602576 0.797439 0.000000 0.000000 0.000000 0.000000 1.000000
0.999503 0.019005 0.025151 -0.000000 -0.000000 0.797835 -0.602875 18.228800 -0.031524 0.602576 0.797439 0.000000 0.000000 0.000000 0.000000 1.000000
0.999503 0.019005 0.025151 0.000000 -0.000000 0.797835 -0.602875 18.228800 -0.031524 0.602576 0.797439 0.000000 0.000000 0.000000 0.000000 1.000000
0.999503 0.019005 0.025151 0.000000 -0.000000 0.797835 -0.602875 18.228800 -0.031524 0.602576 0.797439 0.000000 0.000000 0.000000 0.000000 1.000000
0.999503 0.019005 0.025151 0.000000 -0.000000 0.797835 -0.602875 18.228800 -0.031524 0.602576 0.797439 0.000000 0.000000 0.000000 0.000000 1.000000
0.999503 0.019005 0.025151 0.000000 -0.000000 0.797835 -0.602875 18.228800 -0.031524 0.602576 0.797439 0.000000 0.000000 0.000000 0.000000 1.000000
0.999503 0.019005 0.025151 0.000000 -0.000000 0.797835 -0.602875 18.228800 -0.031524 0.602576 0.797439 0.000000 0.000000 0.000000 0.000000 1.000000
0.999503 0.019005 0.025151 0.000000 -0.000000 0.797835 -0.602875 18.228800 -0.031524 0.602576 0.797439 0.000000 0.000000 0.000000 0.000000 1.000000
0.999503 0.019005 0.025151 -0.000000 -0.000000 0.797835 -0.602875 18.228800 -0.031524 0.602576 0.797439 0.000000 0.000000 0.000000 0.000000 1.000000
0.999503 0.019005 0.025151 -0.000000 -0.000000 0.797835 -0.602875 18.228800 -0.031524 0.602576 0.797439 -0.000000 0.000000 0.000000 0.000000 1.000000
0.999503 0.019005 0.025151 0.000000 0.000000 0.797835 -0.602876 18.228800 -0.031524 0.602576 0.797439 -0.000000 0.000000 0.000000 0.000000 1.000000
0.999503 0.019005 0.025151 0.000000 0.000000 0.797835 -0.602876 18.228800 -0.031524 0.602576 0.797439 -0.000000 0.000000 0.000000 0.000000 1.000000
0.999503 0.019005 0.025151 0.000000 0.000000 0.797835 -0.602876 18.228800 -0.031524 0.602576 0.797439 0.000000 0.000000 0.000000 0.000000 1.000000
0.999503 0.019005 0.025151 0.000000 0.000000 0.797835 -0.602875 18.228800 -0.031523 0.602576 0.797439 -0.000000 0.000000 0.000000 0.000000 1.000000
0.999503 0.019005 0.025151 0.000000 -0.000000 0.797835 -0.602876 18.228800 -0.031524 0.602576 0.797439 -0.000000 0.000000 0.000000 0.000000 1.000000</float_array>
        <technique_common>
          <accessor source="#mixamorig_LeftToeBase-Matrix-animation-output-transform-array" count="184" stride="16">
            <param type="float4x4"/>
          </accessor>
        </technique_common>
      </source>
      <source id="mixamorig_LeftToeBase-Interpolations">
        <Name_array id="mixamorig_LeftToeBase-Interpolations-array" count="184">
 LINEAR LINEAR LINEAR LINEAR LINEAR LINEAR LINEAR LINEAR LINEAR LINEAR LINEAR
LINEAR LINEAR LINEAR LINEAR LINEAR LINEAR LINEAR LINEAR LINEAR LINEAR LINEAR LINEAR
LINEAR LINEAR LINEAR LINEAR LINEAR LINEAR LINEAR LINEAR LINEAR LINEAR LINEAR LINEAR
LINEAR LINEAR LINEAR LINEAR LINEAR LINEAR LINEAR LINEAR LINEAR LINEAR LINEAR LINEAR
LINEAR LINEAR LINEAR LINEAR LINEAR LINEAR LINEAR LINEAR LINEAR LINEAR LINEAR LINEAR
LINEAR LINEAR LINEAR LINEAR LINEAR LINEAR LINEAR LINEAR LINEAR LINEAR LINEAR LINEAR
LINEAR LINEAR LINEAR LINEAR LINEAR LINEAR LINEAR LINEAR LINEAR LINEAR LINEAR LINEAR
LINEAR LINEAR LINEAR LINEAR LINEAR LINEAR LINEAR LINEAR LINEAR LINEAR LINEAR LINEAR
LINEAR LINEAR LINEAR LINEAR LINEAR LINEAR LINEAR LINEAR LINEAR LINEAR LINEAR LINEAR
LINEAR LINEAR LINEAR LINEAR LINEAR LINEAR LINEAR LINEAR LINEAR LINEAR LINEAR LINEAR
LINEAR LINEAR LINEAR LINEAR LINEAR LINEAR LINEAR LINEAR LINEAR LINEAR LINEAR LINEAR
LINEAR LINEAR LINEAR LINEAR LINEAR LINEAR LINEAR LINEAR LINEAR LINEAR LINEAR LINEAR
LINEAR LINEAR LINEAR LINEAR LINEAR LINEAR LINEAR LINEAR LINEAR LINEAR LINEAR LINEAR
LINEAR LINEAR LINEAR LINEAR LINEAR LINEAR LINEAR LINEAR LINEAR LINEAR LINEAR LINEAR
LINEAR LINEAR LINEAR LINEAR LINEAR LINEAR LINEAR LINEAR LINEAR LINEAR LINEAR LINEAR
LINEAR LINEAR LINEAR LINEAR LINEAR</Name_array>
        <technique_common>
          <accessor source="#mixamorig_LeftToeBase-Interpolations-array" count="184">
            <param type="name"/>
          </accessor>
        </technique_common>
      </source>
      <sampler id="mixamorig_LeftToeBase-Matrix-animation-transform">
        <input semantic="INPUT" source="#mixamorig_LeftToeBase-Matrix-animation-input"/>
        <input semantic="OUTPUT" source="#mixamorig_LeftToeBase-Matrix-animation-output-transform"/>
        <input semantic="INTERPOLATION" source="#mixamorig_LeftToeBase-Interpolations"/>
      </sampler>
      <channel source="#mixamorig_LeftToeBase-Matrix-animation-transform" target="mixamorig_LeftToeBase/matrix"/>
    </animation>
    <animation id="mixamorig_RightUpLeg-anim" name="mixamorig_RightUpLeg">
      <source id="mixamorig_RightUpLeg-Matrix-animation-input">
        <float_array id="mixamorig_RightUpLeg-Matrix-animation-input-array" count="184">

0.000000 0.033333 0.066667 0.100000 0.133333 0.166667 0.200000 0.233333 0.266667 0.300000 0.333333 0.366667 0.400000 0.433333 0.466667 0.500000
0.533333 0.566667 0.600000 0.633333 0.666667 0.700000 0.733333 0.766667 0.800000 0.833333 0.866667 0.900000 0.933333 0.966667 1.000000 1.033333
1.066667 1.100000 1.133333 1.166667 1.200000 1.233333 1.266667 1.300000 1.333333 1.366667 1.400000 1.433333 1.466667 1.500000 1.533333 1.566667
1.600000 1.633333 1.666667 1.700000 1.733333 1.766667 1.800000 1.833333 1.866667 1.900000 1.933333 1.966667 2.000000 2.033333 2.066667 2.100000
2.133333 2.166667 2.200000 2.233333 2.266667 2.300000 2.333333 2.366667 2.400000 2.433333 2.466667 2.500000 2.533333 2.566667 2.600000 2.633333
2.666667 2.700000 2.733333 2.766667 2.800000 2.833333 2.866667 2.900000 2.933333 2.966667 3.000000 3.033333 3.066667 3.100000 3.133333 3.166667
3.200000 3.233333 3.266667 3.300000 3.333333 3.366667 3.400000 3.433333 3.466667 3.500000 3.533333 3.566667 3.600000 3.633333 3.666667 3.700000
3.733333 3.766667 3.800000 3.833333 3.866667 3.900000 3.933333 3.966667 4.000000 4.033333 4.066667 4.100000 4.133333 4.166667 4.200000 4.233333
4.266667 4.300000 4.333333 4.366667 4.400000 4.433333 4.466667 4.500000 4.533333 4.566667 4.600000 4.633333 4.666667 4.700000 4.733333 4.766667
4.800000 4.833333 4.866667 4.900000 4.933333 4.966667 5.000000 5.033333 5.066667 5.100000 5.133333 5.166667 5.200000 5.233333 5.266667 5.300000
5.333333 5.366667 5.400000 5.433333 5.466667 5.500000 5.533333 5.566667 5.600000 5.633333 5.666667 5.700000 5.733333 5.766667 5.800000 5.833333
5.866667 5.900000 5.933333 5.966667 6.000000 6.033333 6.066667 6.100000</float_array>
        <technique_common>
          <accessor source="#mixamorig_RightUpLeg-Matrix-animation-input-array" count="184">
            <param name="TIME" type="float"/>
          </accessor>
        </technique_common>
      </source>
      <source id="mixamorig_RightUpLeg-Matrix-animation-output-transform">
        <float_array id="mixamorig_RightUpLeg-Matrix-animation-output-transform-array" count="2944">

-0.958391 -0.173055 -0.227023 -10.928400 0.142572 -0.979175 0.144532 -5.879300 -0.247307 0.106151 0.963105 0.373200 0.000000 0.000000 0.000000 1.000000
-0.958059 -0.173999 -0.227698 -10.928400 0.143407 -0.979023 0.144735 -5.879300 -0.248106 0.106011 0.962915 0.373200 0.000000 0.000000 0.000000 1.000000
-0.957838 -0.174686 -0.228104 -10.928400 0.144011 -0.978904 0.144944 -5.879300 -0.248611 0.105983 0.962788 0.373200 0.000000 0.000000 0.000000 1.000000
-0.957837 -0.174874 -0.227964 -10.928400 0.144154 -0.978845 0.145195 -5.879300 -0.248533 0.106211 0.962783 0.373200 0.000000 0.000000 0.000000 1.000000
-0.957909 -0.174900 -0.227642 -10.928400 0.144145 -0.978806 0.145472 -5.879300 -0.248260 0.106535 0.962817 0.373200 0.000000 0.000000 0.000000 1.000000
-0.958001 -0.174866 -0.227281 -10.928400 0.144092 -0.978779 0.145703 -5.879300 -0.247936 0.106835 0.962868 0.373200 0.000000 0.000000 0.000000 1.000000
-0.958059 -0.174878 -0.227027 -10.928400 0.144102 -0.978760 0.145819 -5.879300 -0.247706 0.106988 0.962910 0.373200 0.000000 0.000000 0.000000 1.000000
-0.958068 -0.174969 -0.226919 -10.928400 0.144209 -0.978745 0.145812 -5.879300 -0.247609 0.106974 0.962936 0.373200 0.000000 0.000000 0.000000 1.000000
-0.958057 -0.175087 -0.226874 -10.928400 0.144355 -0.978735 0.145736 -5.879300 -0.247566 0.106873 0.962958 0.373200 0.000000 0.000000 0.000000 1.000000
-0.958041 -0.175202 -0.226854 -10.928400 0.144508 -0.978732 0.145606 -5.879300 -0.247540 0.106715 0.962983 0.373200 0.000000 0.000000 0.000000 1.000000
-0.958033 -0.175283 -0.226822 -10.928400 0.144638 -0.978738 0.145437 -5.879300 -0.247492 0.106527 0.963016 0.373200 0.000000 0.000000 0.000000 1.000000
-0.958049 -0.175301 -0.226740 -10.928400 0.144715 -0.978755 0.145244 -5.879300 -0.247384 0.106339 0.963064 0.373200 0.000000 0.000000 0.000000 1.000000
-0.958253 -0.174737 -0.226313 -10.928400 0.144347 -0.978902 0.144620 -5.879300 -0.246809 0.105915 0.963259 0.373200 0.000000 0.000000 0.000000 1.000000
-0.958369 -0.174194 -0.226241 -10.928400 0.144055 -0.979091 0.143628 -5.879300 -0.246530 0.105057 0.963424 0.373200 0.000000 0.000000 0.000000 1.000000
-0.958464 -0.173668 -0.226243 -10.928400 0.143789 -0.979286 0.142562 -5.879300 -0.246315 0.104109 0.963582 0.373200 0.000000 0.000000 0.000000 1.000000
-0.958493 -0.173347 -0.226366 -10.928400 0.143737 -0.979457 0.141430 -5.879300 -0.246232 0.103023 0.963720 0.373200 0.000000 0.000000 0.000000 1.000000
-0.958460 -0.173236 -0.226591 -10.928400 0.143899 -0.979602 0.140257 -5.879300 -0.246267 0.101825 0.963838 0.373200 0.000000 0.000000 0.000000 1.000000
-0.958404 -0.173197 -0.226859 -10.928400 0.144135 -0.979738 0.139065 -5.879300 -0.246348 0.100583 0.963948 0.373200 0.000000 0.000000 0.000000 1.000000
-0.958333 -0.173202 -0.227155 -10.928400 0.144417 -0.979866 0.137860 -5.879300 -0.246459 0.099311 0.964051 0.373200 0.000000 0.000000 0.000000 1.000000
-0.958255 -0.173229 -0.227464 -10.928400 0.144722 -0.979992 0.136646 -5.879300 -0.246584 0.098022 0.964152 0.373200 0.000000 0.000000 0.000000 1.000000
-0.958178 -0.173250 -0.227770 -10.928400 0.145024 -0.980116 0.135427 -5.879300 -0.246704 0.096731 0.964251 0.373200 0.000000 0.000000 0.000000 1.000000
-0.958111 -0.173242 -0.228059 -10.928400 0.145299 -0.980243 0.134208 -5.879300 -0.246804 0.095449 0.964353 0.373200 0.000000 0.000000 0.000000 1.000000
-0.958061 -0.173179 -0.228314 -10.928400 0.145519 -0.980376 0.132993 -5.879300 -0.246866 0.094192 0.964461 0.373200 0.000000 0.000000 0.000000 1.000000
-0.958192 -0.172570 -0.228228 -10.928400 0.145223 -0.980588 0.131748 -5.879300 -0.246533 0.093096 0.964653 0.373200 0.000000 0.000000 0.000000 1.000000
-0.958293 -0.171956 -0.228268 -10.928400 0.144974 -0.980825 0.130249 -5.879300 -0.246289 0.091724 0.964846 0.373200 0.000000 0.000000 0.000000 1.000000
-0.958390 -0.171246 -0.228392 -10.928400 0.144783 -0.981136 0.128100 -5.879300 -0.246020 0.089703 0.965105 0.373200 0.000000 0.000000 0.000000 1.000000
-0.958522 -0.170247 -0.228585 -10.928400 0.144625 -0.981606 0.124632 -5.879300 -0.245599 0.086403 0.965513 0.373200 0.000000 0.000000 0.000000 1.000000
-0.958690 -0.168991 -0.228814 -10.928400 0.144439 -0.982184 0.120220 -5.879300 -0.245053 0.082204 0.966018 0.373200 0.000000 0.000000 0.000000 1.000000
-0.959004 -0.166735 -0.229152 -10.928400 0.144073 -0.983161 0.112419 -5.879300 -0.244038 0.074796 0.966877 0.373200 0.000000 0.000000 0.000000 1.000000
-0.959465 -0.163718 -0.229397 -10.928400 0.143309 -0.984295 0.103082 -5.879300 -0.242670 0.066029 0.967859 0.373200 0.000000 0.000000 0.000000 1.000000
-0.960097 -0.160754 -0.228849 -10.928400 0.142479 -0.985289 0.094365 -5.879300 -0.240652 0.057994 0.968877 0.373200 0.000000 0.000000 0.000000 1.000000
-0.960840 -0.158108 -0.227571 -10.928400 0.141753 -0.986106 0.086606 -5.879300 -0.238102 0.050956 0.969902 0.373200 0.000000 0.000000 0.000000 1.000000
-0.961960 -0.154944 -0.225002 -10.928400 0.140324 -0.986895 0.079675 -5.879300 -0.234398 0.045071 0.971095 0.373200 0.000000 0.000000 0.000000 1.000000
-0.962720 -0.153119 -0.222991 -10.928400 0.140147 -0.987438 0.072978 -5.879300 -0.231364 0.039006 0.972085 0.373200 0.000000 0.000000 0.000000 1.000000
-0.961538 -0.157728 -0.224872 -10.928400 0.145183 -0.986827 0.071378 -5.879300 -0.233168 0.035985 0.971771 0.373200 0.000000 0.000000 0.000000 1.000000
-0.960039 -0.163197 -0.227357 -10.928400 0.150984 -0.986038 0.070234 -5.879300 -0.235645 0.033100 0.971275 0.373200 0.000000 0.000000 0.000000 1.000000
-0.958398 -0.169078 -0.229969 -10.928400 0.156946 -0.985109 0.070196 -5.879300 -0.238413 0.031183 0.970663 0.373200 0.000000 0.000000 0.000000 1.000000
-0.956805 -0.174938 -0.232207 -10.928400 0.162477 -0.984089 0.071899 -5.879300 -0.241091 0.031065 0.970005 0.373200 0.000000 0.000000 0.000000 1.000000
-0.955515 -0.181795 -0.232255 -10.928400 0.165846 -0.982341 0.086613 -5.879300 -0.243899 0.044242 0.968791 0.373200 0.000000 0.000000 0.000000 1.000000
-0.956858 -0.181066 -0.227240 -10.928400 0.160468 -0.981309 0.106216 -5.879300 -0.242225 0.065169 0.968029 0.373200 0.000000 0.000000 0.000000 1.000000
-0.958414 -0.179649 -0.221741 -10.928400 0.153630 -0.979591 0.129614 -5.879300 -0.240501 0.090158 0.966453 0.373200 0.000000 0.000000 0.000000 1.000000
-0.958618 -0.183161 -0.217953 -10.928400 0.148320 -0.974769 0.166812 -5.879300 -0.243007 0.127582 0.961598 0.373200 0.000000 0.000000 0.000000 1.000000
-0.953749 -0.206915 -0.218057 -10.928400 0.160824 -0.964078 0.211397 -5.879300 -0.253965 0.166551 0.952766 0.373200 0.000000 0.000000 0.000000 1.000000
-0.953258 -0.216881 -0.210387 -10.928400 0.162308 -0.954834 0.248895 -5.879300 -0.254865 0.203114 0.945404 0.373200 0.000000 0.000000 0.000000 1.000000
-0.954575 -0.220745 -0.200145 -10.928400 0.159114 -0.945538 0.283973 -5.879300 -0.251930 0.239228 0.937711 0.373200 0.000000 0.000000 0.000000 1.000000
-0.958428 -0.215688 -0.186801 -10.928400 0.148707 -0.936313 0.318127 -5.879300 -0.243520 0.277123 0.929463 0.373200 0.000000 0.000000 0.000000 1.000000
-0.962189 -0.208750 -0.174973 -10.928400 0.137514 -0.926790 0.349500 -5.879300 -0.235121 0.312224 0.920453 0.373200 0.000000 0.000000 0.000000 1.000000
-0.963419 -0.208527 -0.168346 -10.928400 0.132733 -0.916971 0.376226 -5.879300 -0.232821 0.340118 0.911106 0.373200 0.000000 0.000000 0.000000 1.000000
-0.963662 -0.210352 -0.164643 -10.928400 0.130105 -0.907910 0.398462 -5.879300 -0.233299 0.362562 0.902286 0.373200 0.000000 0.000000 0.000000 1.000000
-0.963364 -0.212533 -0.163581 -10.928400 0.127550 -0.899611 0.417650 -5.879300 -0.235924 0.381484 0.893762 0.373200 0.000000 0.000000 0.000000 1.000000
-0.962950 -0.213855 -0.164297 -10.928400 0.125565 -0.894707 0.428642 -5.879300 -0.238664 0.392131 0.888410 0.373200 0.000000 0.000000 0.000000 1.000000
-0.962862 -0.212994 -0.165924 -10.928400 0.124486 -0.895545 0.427203 -5.879300 -0.239584 0.390682 0.888801 0.373200 0.000000 0.000000 0.000000 1.000000
-0.962921 -0.211050 -0.168051 -10.928400 0.123591 -0.898792 0.420594 -5.879300 -0.239809 0.384229 0.891549 0.373200 0.000000 0.000000 0.000000 1.000000
-0.963498 -0.207251 -0.169466 -10.928400 0.120833 -0.901518 0.415529 -5.879300 -0.238895 0.379884 0.893654 0.373200 0.000000 0.000000 0.000000 1.000000
-0.964956 -0.200489 -0.169303 -10.928400 0.114173 -0.901688 0.417042 -5.879300 -0.236271 0.383098 0.892979 0.373200 0.000000 0.000000 0.000000 1.000000
-0.967538 -0.188990 -0.167790 -10.928400 0.103634 -0.902225 0.418628 -5.879300 -0.230501 0.387650 0.892523 0.373200 0.000000 0.000000 0.000000 1.000000
-0.972939 -0.163916 -0.162851 -10.928400 0.084382 -0.908180 0.409985 -5.879300 -0.215102 0.385149 0.897436 0.373200 0.000000 0.000000 0.000000 1.000000
-0.974617 -0.150981 -0.165309 -10.928400 0.076003 -0.917660 0.390031 -5.879300 -0.210584 0.367567 0.905842 0.373200 0.000000 0.000000 0.000000 1.000000
-0.975930 -0.138942 -0.168093 -10.928400 0.068441 -0.926967 0.368846 -5.879300 -0.207064 0.348464 0.914165 0.373200 0.000000 0.000000 0.000000 1.000000
-0.976964 -0.127740 -0.170949 -10.928400 0.061721 -0.935960 0.346655 -5.879300 -0.204283 0.328118 0.922284 0.373200 0.000000 0.000000 0.000000 1.000000
-0.977796 -0.117336 -0.173632 -10.928400 0.055860 -0.944509 0.323701 -5.879300 -0.201979 0.306814 0.930091 0.373200 0.000000 0.000000 0.000000 1.000000
-0.978497 -0.107711 -0.175906 -10.928400 0.050875 -0.952504 0.300246 -5.879300 -0.199891 0.284840 0.937502 0.373200 0.000000 0.000000 0.000000 1.000000
-0.977560 -0.108990 -0.180270 -10.928400 0.057279 -0.961035 0.270426 -5.879300 -0.202720 0.254032 0.945713 0.373200 0.000000 0.000000 0.000000 1.000000
-0.975199 -0.117867 -0.187337 -10.928400 0.071701 -0.969001 0.236425 -5.879300 -0.209396 0.217129 0.953419 0.373200 0.000000 0.000000 0.000000 1.000000
-0.972250 -0.128243 -0.195660 -10.928400 0.088302 -0.975664 0.200707 -5.879300 -0.216637 0.177860 0.959914 0.373200 0.000000 0.000000 0.000000 1.000000
-0.969444 -0.137657 -0.203047 -10.928400 0.103628 -0.980040 0.169657 -5.879300 -0.222349 0.143431 0.964359 0.373200 0.000000 0.000000 0.000000 1.000000
-0.967155 -0.144260 -0.209284 -10.928400 0.116075 -0.983143 0.141271 -5.879300 -0.226135 0.112338 0.967596 0.373200 0.000000 0.000000 0.000000 1.000000
-0.966625 -0.144317 -0.211681 -10.928400 0.121765 -0.985754 0.116023 -5.879300 -0.225410 0.086376 0.970428 0.373200 0.000000 0.000000 0.000000 1.000000
-0.966675 -0.142445 -0.212716 -10.928400 0.124726 -0.987673 0.094581 -5.879300 -0.223567 0.064898 0.972526 0.373200 0.000000 0.000000 0.000000 1.000000
-0.966259 -0.142150 -0.214794 -10.928400 0.128066 -0.988678 0.078194 -5.879300 -0.223478 0.048048 0.973524 0.373200 0.000000 0.000000 0.000000 1.000000
-0.965784 -0.141907 -0.217081 -10.928400 0.130510 -0.989245 0.066042 -5.879300 -0.224118 0.035451 0.973917 0.373200 0.000000 0.000000 0.000000 1.000000
-0.965203 -0.141616 -0.219838 -10.928400 0.131893 -0.989544 0.058372 -5.879300 -0.225806 0.027346 0.973788 0.373200 0.000000 0.000000 0.000000 1.000000
-0.964816 -0.140599 -0.222175 -10.928400 0.132007 -0.989823 0.053139 -5.879300 -0.227385 0.021941 0.973558 0.373200 0.000000 0.000000 0.000000 1.000000
-0.965112 -0.137570 -0.222783 -10.928400 0.130021 -0.990335 0.048279 -5.879300 -0.227272 0.017628 0.973672 0.373200 0.000000 0.000000 0.000000 1.000000
-0.965477 -0.134300 -0.223198 -10.928400 0.127638 -0.990841 0.044079 -5.879300 -0.227074 0.014069 0.973776 0.373200 0.000000 0.000000 0.000000 1.000000
-0.965334 -0.132440 -0.224921 -10.928400 0.126624 -0.991138 0.040153 -5.879300 -0.228245 0.010281 0.973549 0.373200 0.000000 0.000000 0.000000 1.000000
-0.965085 -0.130970 -0.226843 -10.928400 0.125968 -0.991364 0.036452 -5.879300 -0.229659 0.006604 0.973249 0.373200 0.000000 0.000000 0.000000 1.000000
-0.965041 -0.129467 -0.227890 -10.928400 0.125253 -0.991579 0.032921 -5.879300 -0.230233 0.003226 0.973130 0.373200 0.000000 0.000000 0.000000 1.000000
-0.964965 -0.128575 -0.228715 -10.928400 0.125179 -0.991700 0.029358 -5.879300 -0.230591 -0.000301 0.973051 0.373200 0.000000 0.000000 0.000000 1.000000
-0.965023 -0.127762 -0.228928 -10.928400 0.125140 -0.991798 0.025996 -5.879300 -0.230372 -0.003562 0.973096 0.373200 0.000000 0.000000 0.000000 1.000000
-0.965235 -0.126655 -0.228647 -10.928400 0.124836 -0.991923 0.022463 -5.879300 -0.229646 -0.006861 0.973250 0.373200 0.000000 0.000000 0.000000 1.000000
-0.965451 -0.125410 -0.228423 -10.928400 0.124625 -0.992042 0.017914 -5.879300 -0.228852 -0.011172 0.973397 0.373200 0.000000 0.000000 0.000000 1.000000
-0.965331 -0.124445 -0.229456 -10.928400 0.124903 -0.992089 0.012587 -5.879300 -0.229207 -0.016509 0.973238 0.373200 0.000000 0.000000 0.000000 1.000000
-0.965171 -0.123525 -0.230622 -10.928400 0.125249 -0.992099 0.007204 -5.879300 -0.229690 -0.021932 0.973017 0.373200 0.000000 0.000000 0.000000 1.000000
-0.964993 -0.122596 -0.231858 -10.928400 0.125614 -0.992078 0.001760 -5.879300 -0.230237 -0.027426 0.972748 0.373200 0.000000 0.000000 0.000000 1.000000
-0.964819 -0.121608 -0.233098 -10.928400 0.125945 -0.992030 -0.003754 -5.879300 -0.230784 -0.032979 0.972446 0.373200 0.000000 0.000000 0.000000 1.000000
-0.964671 -0.120514 -0.234278 -10.928400 0.126193 -0.991962 -0.009345 -5.879300 -0.231269 -0.038579 0.972125 0.373200 0.000000 0.000000 0.000000 1.000000
-0.964685 -0.118542 -0.235225 -10.928400 0.125765 -0.991933 -0.015891 -5.879300 -0.231444 -0.044912 0.971811 0.373200 0.000000 0.000000 0.000000 1.000000
-0.964719 -0.116518 -0.236094 -10.928400 0.125488 -0.991822 -0.023274 -5.879300 -0.231452 -0.052079 0.971451 0.373200 0.000000 0.000000 0.000000 1.000000
-0.965043 -0.113357 -0.236310 -10.928400 0.124535 -0.991671 -0.032872 -5.879300 -0.230615 -0.061152 0.971122 0.373200 0.000000 0.000000 0.000000 1.000000
-0.965308 -0.110416 -0.236619 -10.928400 0.124025 -0.991331 -0.043375 -5.879300 -0.229779 -0.071217 0.970634 0.373200 0.000000 0.000000 0.000000 1.000000
-0.965247 -0.108696 -0.237664 -10.928400 0.125121 -0.990610 -0.055106 -5.879300 -0.229443 -0.082927 0.969783 0.373200 0.000000 0.000000 0.000000 1.000000
-0.965088 -0.107368 -0.238908 -10.928400 0.126723 -0.989663 -0.067144 -5.879300 -0.229229 -0.095075 0.968718 0.373200 0.000000 0.000000 0.000000 1.000000
-0.965009 -0.105574 -0.240023 -10.928400 0.127935 -0.988589 -0.079531 -5.879300 -0.228887 -0.107456 0.967504 0.373200 0.000000 0.000000 0.000000 1.000000
-0.964909 -0.104461 -0.240910 -10.928400 0.129315 -0.987535 -0.089735 -5.879300 -0.228534 -0.117739 0.966390 0.373200 0.000000 0.000000 0.000000 1.000000
-0.964739 -0.104601 -0.241530 -10.928400 0.131153 -0.986648 -0.096568 -5.879300 -0.228204 -0.124841 0.965576 0.373200 0.000000 0.000000 0.000000 1.000000
-0.964539 -0.105138 -0.242095 -10.928400 0.133170 -0.985783 -0.102460 -5.879300 -0.227881 -0.131066 0.964827 0.373200 0.000000 0.000000 0.000000 1.000000
-0.964349 -0.105873 -0.242534 -10.928400 0.135097 -0.985018 -0.107179 -5.879300 -0.227553 -0.136123 0.964204 0.373200 0.000000 0.000000 0.000000 1.000000
-0.964208 -0.106608 -0.242771 -10.928400 0.136665 -0.984436 -0.110496 -5.879300 -0.227213 -0.139719 0.963770 0.373200 0.000000 0.000000 0.000000 1.000000
-0.964211 -0.107221 -0.242489 -10.928400 0.137563 -0.984160 -0.111826 -5.879300 -0.226658 -0.141182 0.963688 0.373200 0.000000 0.000000 0.000000 1.000000
-0.964286 -0.107956 -0.241865 -10.928400 0.137981 -0.984216 -0.110812 -5.879300 -0.226085 -0.140227 0.963962 0.373200 0.000000 0.000000 0.000000 1.000000
-0.964227 -0.109159 -0.241558 -10.928400 0.138402 -0.984518 -0.107559 -5.879300 -0.226077 -0.137144 0.964407 0.373200 0.000000 0.000000 0.000000 1.000000
-0.964033 -0.110719 -0.241624 -10.928400 0.138985 -0.984901 -0.103214 -5.879300 -0.226548 -0.133084 0.964865 0.373200 0.000000 0.000000 0.000000 1.000000
-0.963837 -0.112287 -0.241683 -10.928400 0.139570 -0.985266 -0.098849 -5.879300 -0.227022 -0.129006 0.965307 0.373200 0.000000 0.000000 0.000000 1.000000
-0.963639 -0.113863 -0.241734 -10.928400 0.140157 -0.985613 -0.094465 -5.879300 -0.227500 -0.124911 0.965734 0.373200 0.000000 0.000000 0.000000 1.000000
-0.963440 -0.115447 -0.241777 -10.928400 0.140744 -0.985941 -0.090062 -5.879300 -0.227980 -0.120798 0.966143 0.373200 0.000000 0.000000 0.000000 1.000000
-0.963239 -0.117038 -0.241812 -10.928400 0.141333 -0.986251 -0.085641 -5.879300 -0.228464 -0.116669 0.966536 0.373200 0.000000 0.000000 0.000000 1.000000
-0.963036 -0.118635 -0.241840 -10.928400 0.141923 -0.986541 -0.081204 -5.879300 -0.228951 -0.112525 0.966912 0.373200 0.000000 0.000000 0.000000 1.000000
-0.962832 -0.120240 -0.241859 -10.928400 0.142514 -0.986813 -0.076749 -5.879300 -0.229441 -0.108365 0.967271 0.373200 0.000000 0.000000 0.000000 1.000000
-0.962627 -0.121852 -0.241870 -10.928400 0.143106 -0.987064 -0.072280 -5.879300 -0.229934 -0.104191 0.967613 0.373200 0.000000 0.000000 0.000000 1.000000
-0.962420 -0.123470 -0.241873 -10.928400 0.143699 -0.987297 -0.067795 -5.879300 -0.230430 -0.100004 0.967937 0.373200 0.000000 0.000000 0.000000 1.000000
-0.962212 -0.125093 -0.241867 -10.928400 0.144292 -0.987509 -0.063295 -5.879300 -0.230928 -0.095803 0.968243 0.373200 0.000000 0.000000 0.000000 1.000000
-0.962002 -0.126723 -0.241853 -10.928400 0.144886 -0.987701 -0.058783 -5.879300 -0.231429 -0.091590 0.968531 0.373200 0.000000 0.000000 0.000000 1.000000
-0.961791 -0.128358 -0.241830 -10.928400 0.145481 -0.987872 -0.054257 -5.879300 -0.231933 -0.087366 0.968801 0.373200 0.000000 0.000000 0.000000 1.000000
-0.961579 -0.129998 -0.241798 -10.928400 0.146075 -0.988023 -0.049720 -5.879300 -0.232438 -0.083130 0.969052 0.373200 0.000000 0.000000 0.000000 1.000000
-0.961366 -0.131643 -0.241757 -10.928400 0.146670 -0.988154 -0.045171 -5.879300 -0.232946 -0.078884 0.969285 0.373200 0.000000 0.000000 0.000000 1.000000
-0.961151 -0.133292 -0.241707 -10.928400 0.147265 -0.988263 -0.040611 -5.879300 -0.233457 -0.074628 0.969499 0.373200 0.000000 0.000000 0.000000 1.000000
-0.960935 -0.134946 -0.241648 -10.928400 0.147860 -0.988351 -0.036041 -5.879300 -0.233969 -0.070363 0.969694 0.373200 0.000000 0.000000 0.000000 1.000000
-0.960718 -0.136604 -0.241580 -10.928400 0.148454 -0.988419 -0.031463 -5.879300 -0.234484 -0.066090 0.969871 0.373200 0.000000 0.000000 0.000000 1.000000
-0.960500 -0.138266 -0.241502 -10.928400 0.149049 -0.988465 -0.026875 -5.879300 -0.235000 -0.061809 0.970028 0.373200 0.000000 0.000000 0.000000 1.000000
-0.960280 -0.139931 -0.241415 -10.928400 0.149643 -0.988489 -0.022280 -5.879300 -0.235519 -0.057522 0.970166 0.373200 0.000000 0.000000 0.000000 1.000000
-0.960060 -0.141599 -0.241319 -10.928400 0.150236 -0.988492 -0.017679 -5.879300 -0.236039 -0.053227 0.970285 0.373200 0.000000 0.000000 0.000000 1.000000
-0.959838 -0.143270 -0.241213 -10.928400 0.150829 -0.988473 -0.013071 -5.879300 -0.236560 -0.048928 0.970384 0.373200 0.000000 0.000000 0.000000 1.000000
-0.959616 -0.144943 -0.241098 -10.928400 0.151421 -0.988433 -0.008457 -5.879300 -0.237084 -0.044623 0.970464 0.373200 0.000000 0.000000 0.000000 1.000000
-0.959393 -0.146619 -0.240973 -10.928400 0.152012 -0.988371 -0.003839 -5.879300 -0.237608 -0.040314 0.970524 0.373200 0.000000 0.000000 0.000000 1.000000
-0.959169 -0.148296 -0.240839 -10.928400 0.152602 -0.988287 0.000784 -5.879300 -0.238134 -0.036001 0.970565 0.373200 0.000000 0.000000 0.000000 1.000000
-0.958944 -0.149976 -0.240695 -10.928400 0.153191 -0.988182 0.005409 -5.879300 -0.238662 -0.031685 0.970586 0.373200 0.000000 0.000000 0.000000 1.000000
-0.958718 -0.151656 -0.240542 -10.928400 0.153778 -0.988054 0.010037 -5.879300 -0.239190 -0.027367 0.970587 0.373200 0.000000 0.000000 0.000000 1.000000
-0.958491 -0.153338 -0.240378 -10.928400 0.154365 -0.987905 0.014667 -5.879300 -0.239720 -0.023048 0.970568 0.373200 0.000000 0.000000 0.000000 1.000000
-0.958264 -0.155020 -0.240206 -10.928400 0.154950 -0.987734 0.019298 -5.879300 -0.240251 -0.018727 0.970530 0.373200 0.000000 0.000000 0.000000 1.000000
-0.958036 -0.156702 -0.240023 -10.928400 0.155533 -0.987541 0.023929 -5.879300 -0.240782 -0.014406 0.970472 0.373200 0.000000 0.000000 0.000000 1.000000
-0.957808 -0.158384 -0.239831 -10.928400 0.156114 -0.987326 0.028560 -5.879300 -0.241315 -0.010086 0.970394 0.373200 0.000000 0.000000 0.000000 1.000000
-0.957578 -0.160067 -0.239629 -10.928400 0.156694 -0.987089 0.033190 -5.879300 -0.241848 -0.005767 0.970297 0.373200 0.000000 0.000000 0.000000 1.000000
-0.957349 -0.161748 -0.239418 -10.928400 0.157272 -0.986831 0.037817 -5.879300 -0.242382 -0.001449 0.970180 0.373200 0.000000 0.000000 0.000000 1.000000
-0.957119 -0.163429 -0.239197 -10.928400 0.157848 -0.986551 0.042442 -5.879300 -0.242916 0.002866 0.970043 0.373200 0.000000 0.000000 0.000000 1.000000
-0.956888 -0.165108 -0.238966 -10.928400 0.158421 -0.986249 0.047064 -5.879300 -0.243451 0.007178 0.969887 0.373200 0.000000 0.000000 0.000000 1.000000
-0.956657 -0.166786 -0.238726 -10.928400 0.158992 -0.985926 0.051681 -5.879300 -0.243986 0.011486 0.969711 0.373200 0.000000 0.000000 0.000000 1.000000
-0.956425 -0.168462 -0.238476 -10.928400 0.159561 -0.985582 0.056294 -5.879300 -0.244521 0.015789 0.969515 0.373200 0.000000 0.000000 0.000000 1.000000
-0.956194 -0.170136 -0.238217 -10.928400 0.160127 -0.985216 0.060901 -5.879300 -0.245057 0.020088 0.969301 0.373200 0.000000 0.000000 0.000000 1.000000
-0.955962 -0.171807 -0.237949 -10.928400 0.160691 -0.984829 0.065501 -5.879300 -0.245592 0.024380 0.969067 0.373200 0.000000 0.000000 0.000000 1.000000
-0.955729 -0.173476 -0.237671 -10.928400 0.161252 -0.984421 0.070095 -5.879300 -0.246128 0.028667 0.968813 0.373200 0.000000 0.000000 0.000000 1.000000
-0.955497 -0.175141 -0.237384 -10.928400 0.161810 -0.983992 0.074680 -5.879300 -0.246664 0.032946 0.968541 0.373200 0.000000 0.000000 0.000000 1.000000
-0.955264 -0.176803 -0.237088 -10.928400 0.162365 -0.983542 0.079257 -5.879300 -0.247199 0.037217 0.968250 0.373200 0.000000 0.000000 0.000000 1.000000
-0.955032 -0.178460 -0.236783 -10.928400 0.162917 -0.983072 0.083825 -5.879300 -0.247734 0.041480 0.967940 0.373200 0.000000 0.000000 0.000000 1.000000
-0.954799 -0.180114 -0.236468 -10.928400 0.163466 -0.982582 0.088383 -5.879300 -0.248269 0.045733 0.967611 0.373200 0.000000 0.000000 0.000000 1.000000
-0.954567 -0.181764 -0.236145 -10.928400 0.164012 -0.982071 0.092930 -5.879300 -0.248803 0.049977 0.967264 0.373200 0.000000 0.000000 0.000000 1.000000
-0.954334 -0.183408 -0.235813 -10.928400 0.164554 -0.981541 0.097466 -5.879300 -0.249336 0.054211 0.966898 0.373200 0.000000 0.000000 0.000000 1.000000
-0.954102 -0.185048 -0.235473 -10.928400 0.165092 -0.980991 0.101989 -5.879300 -0.249869 0.058433 0.966515 0.373200 0.000000 0.000000 0.000000 1.000000
-0.953869 -0.186682 -0.235123 -10.928400 0.165627 -0.980421 0.106499 -5.879300 -0.250402 0.062644 0.966113 0.373200 0.000000 0.000000 0.000000 1.000000
-0.953637 -0.188310 -0.234766 -10.928400 0.166158 -0.979832 0.110996 -5.879300 -0.250933 0.066842 0.965694 0.373200 0.000000 0.000000 0.000000 1.000000
-0.953406 -0.189933 -0.234400 -10.928400 0.166685 -0.979224 0.115479 -5.879300 -0.251463 0.071027 0.965257 0.373200 0.000000 0.000000 0.000000 1.000000
-0.953174 -0.191549 -0.234026 -10.928400 0.167209 -0.978598 0.119946 -5.879300 -0.251993 0.075199 0.964803 0.373200 0.000000 0.000000 0.000000 1.000000
-0.953203 -0.190135 -0.235058 -10.928400 0.165317 -0.978752 0.121307 -5.879300 -0.253128 0.076771 0.964382 0.373200 0.000000 0.000000 0.000000 1.000000
-0.953259 -0.188743 -0.235954 -10.928400 0.163293 -0.978844 0.123285 -5.879300 -0.254231 0.078993 0.963912 0.373200 0.000000 0.000000 0.000000 1.000000
-0.953328 -0.187405 -0.236739 -10.928400 0.161307 -0.978912 0.125344 -5.879300 -0.255237 0.081307 0.963454 0.373200 0.000000 0.000000 0.000000 1.000000
-0.953458 -0.186304 -0.237082 -10.928400 0.159654 -0.978943 0.127204 -5.879300 -0.255789 0.083433 0.963126 0.373200 0.000000 0.000000 0.000000 1.000000
-0.953688 -0.184480 -0.237586 -10.928400 0.157772 -0.979266 0.127067 -5.879300 -0.256101 0.083698 0.963020 0.373200 0.000000 0.000000 0.000000 1.000000
-0.953961 -0.182479 -0.238033 -10.928400 0.155986 -0.979702 0.125909 -5.879300 -0.256177 0.082982 0.963061 0.373200 0.000000 0.000000 0.000000 1.000000
-0.954306 -0.180309 -0.238303 -10.928400 0.154545 -0.980317 0.122859 -5.879300 -0.255765 0.080417 0.963389 0.373200 0.000000 0.000000 0.000000 1.000000
-0.954665 -0.178338 -0.238348 -10.928400 0.153328 -0.980887 0.119794 -5.879300 -0.255156 0.077817 0.963763 0.373200 0.000000 0.000000 0.000000 1.000000
-0.954995 -0.177010 -0.238016 -10.928400 0.152312 -0.981193 0.118581 -5.879300 -0.254529 0.076992 0.963995 0.373200 0.000000 0.000000 0.000000 1.000000
-0.955277 -0.176099 -0.237559 -10.928400 0.151466 -0.981348 0.118383 -5.879300 -0.253975 0.077107 0.964132 0.373200 0.000000 0.000000 0.000000 1.000000
-0.955367 -0.176053 -0.237234 -10.928400 0.150957 -0.981201 0.120233 -5.879300 -0.253941 0.079054 0.963984 0.373200 0.000000 0.000000 0.000000 1.000000
-0.955313 -0.176569 -0.237066 -10.928400 0.150686 -0.980859 0.123329 -5.879300 -0.254305 0.082095 0.963634 0.373200 0.000000 0.000000 0.000000 1.000000
-0.955376 -0.177046 -0.236456 -10.928400 0.150492 -0.980533 0.126126 -5.879300 -0.254183 0.084913 0.963421 0.373200 0.000000 0.000000 0.000000 1.000000
-0.955462 -0.177508 -0.235760 -10.928400 0.150308 -0.980205 0.128864 -5.879300 -0.253967 0.087688 0.963230 0.373200 0.000000 0.000000 0.000000 1.000000
-0.955576 -0.177881 -0.235015 -10.928400 0.150053 -0.979887 0.131551 -5.879300 -0.253689 0.090442 0.963048 0.373200 0.000000 0.000000 0.000000 1.000000
-0.955830 -0.177796 -0.234047 -10.928400 0.149419 -0.979654 0.133986 -5.879300 -0.253107 0.093097 0.962949 0.373200 0.000000 0.000000 0.000000 1.000000
-0.956068 -0.177631 -0.233197 -10.928400 0.148809 -0.979470 0.135990 -5.879300 -0.252566 0.095314 0.962874 0.373200 0.000000 0.000000 0.000000 1.000000
-0.956444 -0.176835 -0.232259 -10.928400 0.147732 -0.979443 0.137359 -5.879300 -0.251775 0.097064 0.962906 0.373200 0.000000 0.000000 0.000000 1.000000
-0.956637 -0.176949 -0.231375 -10.928400 0.147262 -0.979146 0.139957 -5.879300 -0.251315 0.099816 0.962745 0.373200 0.000000 0.000000 0.000000 1.000000
-0.956795 -0.177218 -0.230514 -10.928400 0.146906 -0.978798 0.142732 -5.879300 -0.250922 0.102701 0.962544 0.373200 0.000000 0.000000 0.000000 1.000000
-0.956929 -0.177313 -0.229884 -10.928400 0.146571 -0.978566 0.144657 -5.879300 -0.250606 0.104732 0.962407 0.373200 0.000000 0.000000 0.000000 1.000000
-0.957049 -0.177183 -0.229486 -10.928400 0.146225 -0.978471 0.145649 -5.879300 -0.250352 0.105836 0.962353 0.373200 0.000000 0.000000 0.000000 1.000000
-0.957158 -0.177003 -0.229168 -10.928400 0.145893 -0.978415 0.146356 -5.879300 -0.250127 0.106652 0.962321 0.373200 0.000000 0.000000 0.000000 1.000000
-0.957262 -0.176780 -0.228908 -10.928400 0.145566 -0.978389 0.146851 -5.879300 -0.249922 0.107253 0.962308 0.373200 0.000000 0.000000 0.000000 1.000000
-0.957363 -0.176521 -0.228683 -10.928400 0.145234 -0.978385 0.147206 -5.879300 -0.249725 0.107717 0.962307 0.373200 0.000000 0.000000 0.000000 1.000000
-0.957467 -0.176233 -0.228470 -10.928400 0.144890 -0.978393 0.147494 -5.879300 -0.249527 0.108118 0.962313 0.373200 0.000000 0.000000 0.000000 1.000000
-0.957578 -0.175923 -0.228246 -10.928400 0.144522 -0.978403 0.147788 -5.879300 -0.249316 0.108532 0.962321 0.373200 0.000000 0.000000 0.000000 1.000000
-0.957738 -0.175084 -0.228219 -10.928400 0.143898 -0.978629 0.146899 -5.879300 -0.249061 0.107850 0.962464 0.373200 0.000000 0.000000 0.000000 1.000000
-0.957875 -0.174381 -0.228183 -10.928400 0.143370 -0.978813 0.146182 -5.879300 -0.248840 0.107309 0.962582 0.373200 0.000000 0.000000 0.000000 1.000000
-0.958005 -0.173709 -0.228148 -10.928400 0.142866 -0.978990 0.145492 -5.879300 -0.248628 0.106788 0.962694 0.373200 0.000000 0.000000 0.000000 1.000000
-0.958114 -0.173109 -0.228148 -10.928400 0.142451 -0.979165 0.144723 -5.879300 -0.248447 0.106161 0.962810 0.373200 0.000000 0.000000 0.000000 1.000000
-0.958109 -0.172876 -0.228343 -10.928400 0.142503 -0.979335 0.143514 -5.879300 -0.248434 0.104963 0.962945 0.373200 0.000000 0.000000 0.000000 1.000000</float_array>
        <technique_common>
          <accessor source="#mixamorig_RightUpLeg-Matrix-animation-output-transform-array" count="184" stride="16">
            <param type="float4x4"/>
          </accessor>
        </technique_common>
      </source>
      <source id="mixamorig_RightUpLeg-Interpolations">
        <Name_array id="mixamorig_RightUpLeg-Interpolations-array" count="184">
 LINEAR LINEAR LINEAR LINEAR LINEAR LINEAR LINEAR LINEAR LINEAR LINEAR LINEAR
LINEAR LINEAR LINEAR LINEAR LINEAR LINEAR LINEAR LINEAR LINEAR LINEAR LINEAR LINEAR
LINEAR LINEAR LINEAR LINEAR LINEAR LINEAR LINEAR LINEAR LINEAR LINEAR LINEAR LINEAR
LINEAR LINEAR LINEAR LINEAR LINEAR LINEAR LINEAR LINEAR LINEAR LINEAR LINEAR LINEAR
LINEAR LINEAR LINEAR LINEAR LINEAR LINEAR LINEAR LINEAR LINEAR LINEAR LINEAR LINEAR
LINEAR LINEAR LINEAR LINEAR LINEAR LINEAR LINEAR LINEAR LINEAR LINEAR LINEAR LINEAR
LINEAR LINEAR LINEAR LINEAR LINEAR LINEAR LINEAR LINEAR LINEAR LINEAR LINEAR LINEAR
LINEAR LINEAR LINEAR LINEAR LINEAR LINEAR LINEAR LINEAR LINEAR LINEAR LINEAR LINEAR
LINEAR LINEAR LINEAR LINEAR LINEAR LINEAR LINEAR LINEAR LINEAR LINEAR LINEAR LINEAR
LINEAR LINEAR LINEAR LINEAR LINEAR LINEAR LINEAR LINEAR LINEAR LINEAR LINEAR LINEAR
LINEAR LINEAR LINEAR LINEAR LINEAR LINEAR LINEAR LINEAR LINEAR LINEAR LINEAR LINEAR
LINEAR LINEAR LINEAR LINEAR LINEAR LINEAR LINEAR LINEAR LINEAR LINEAR LINEAR LINEAR
LINEAR LINEAR LINEAR LINEAR LINEAR LINEAR LINEAR LINEAR LINEAR LINEAR LINEAR LINEAR
LINEAR LINEAR LINEAR LINEAR LINEAR LINEAR LINEAR LINEAR LINEAR LINEAR LINEAR LINEAR
LINEAR LINEAR LINEAR LINEAR LINEAR LINEAR LINEAR LINEAR LINEAR LINEAR LINEAR LINEAR
LINEAR LINEAR LINEAR LINEAR LINEAR</Name_array>
        <technique_common>
          <accessor source="#mixamorig_RightUpLeg-Interpolations-array" count="184">
            <param type="name"/>
          </accessor>
        </technique_common>
      </source>
      <sampler id="mixamorig_RightUpLeg-Matrix-animation-transform">
        <input semantic="INPUT" source="#mixamorig_RightUpLeg-Matrix-animation-input"/>
        <input semantic="OUTPUT" source="#mixamorig_RightUpLeg-Matrix-animation-output-transform"/>
        <input semantic="INTERPOLATION" source="#mixamorig_RightUpLeg-Interpolations"/>
      </sampler>
      <channel source="#mixamorig_RightUpLeg-Matrix-animation-transform" target="mixamorig_RightUpLeg/matrix"/>
    </animation>
    <animation id="mixamorig_RightLeg-anim" name="mixamorig_RightLeg">
      <source id="mixamorig_RightLeg-Matrix-animation-input">
        <float_array id="mixamorig_RightLeg-Matrix-animation-input-array" count="184">

0.000000 0.033333 0.066667 0.100000 0.133333 0.166667 0.200000 0.233333 0.266667 0.300000 0.333333 0.366667 0.400000 0.433333 0.466667 0.500000
0.533333 0.566667 0.600000 0.633333 0.666667 0.700000 0.733333 0.766667 0.800000 0.833333 0.866667 0.900000 0.933333 0.966667 1.000000 1.033333
1.066667 1.100000 1.133333 1.166667 1.200000 1.233333 1.266667 1.300000 1.333333 1.366667 1.400000 1.433333 1.466667 1.500000 1.533333 1.566667
1.600000 1.633333 1.666667 1.700000 1.733333 1.766667 1.800000 1.833333 1.866667 1.900000 1.933333 1.966667 2.000000 2.033333 2.066667 2.100000
2.133333 2.166667 2.200000 2.233333 2.266667 2.300000 2.333333 2.366667 2.400000 2.433333 2.466667 2.500000 2.533333 2.566667 2.600000 2.633333
2.666667 2.700000 2.733333 2.766667 2.800000 2.833333 2.866667 2.900000 2.933333 2.966667 3.000000 3.033333 3.066667 3.100000 3.133333 3.166667
3.200000 3.233333 3.266667 3.300000 3.333333 3.366667 3.400000 3.433333 3.466667 3.500000 3.533333 3.566667 3.600000 3.633333 3.666667 3.700000
3.733333 3.766667 3.800000 3.833333 3.866667 3.900000 3.933333 3.966667 4.000000 4.033333 4.066667 4.100000 4.133333 4.166667 4.200000 4.233333
4.266667 4.300000 4.333333 4.366667 4.400000 4.433333 4.466667 4.500000 4.533333 4.566667 4.600000 4.633333 4.666667 4.700000 4.733333 4.766667
4.800000 4.833333 4.866667 4.900000 4.933333 4.966667 5.000000 5.033333 5.066667 5.100000 5.133333 5.166667 5.200000 5.233333 5.266667 5.300000
5.333333 5.366667 5.400000 5.433333 5.466667 5.500000 5.533333 5.566667 5.600000 5.633333 5.666667 5.700000 5.733333 5.766667 5.800000 5.833333
5.866667 5.900000 5.933333 5.966667 6.000000 6.033333 6.066667 6.100000</float_array>
        <technique_common>
          <accessor source="#mixamorig_RightLeg-Matrix-animation-input-array" count="184">
            <param name="TIME" type="float"/>
          </accessor>
        </technique_common>
      </source>
      <source id="mixamorig_RightLeg-Matrix-animation-output-transform">
        <float_array id="mixamorig_RightLeg-Matrix-animation-output-transform-array" count="2944">

0.994743 -0.043464 0.092720 0.000000 -0.015536 0.830913 0.556185 42.926701 -0.101216 -0.554702 0.825870 0.000000 0.000000 0.000000 0.000000 1.000000
0.994844 -0.044431 0.091171 0.000000 -0.013859 0.830948 0.556177 42.926701 -0.100470 -0.554573 0.826048 0.000000 0.000000 0.000000 0.000000 1.000000
0.994911 -0.045028 0.090134 0.000000 -0.012791 0.830896 0.556281 42.926701 -0.099940 -0.554603 0.826091 0.000000 0.000000 0.000000 0.000000 1.000000
0.994925 -0.044887 0.090054 0.000000 -0.012901 0.830695 0.556579 42.926701 -0.099790 -0.554916 0.825900 -0.000000 0.000000 0.000000 0.000000 1.000000
0.994923 -0.044499 0.090272 0.000000 -0.013389 0.830453 0.556928 42.926701 -0.099749 -0.555309 0.825640 0.000000 0.000000 0.000000 0.000000 1.000000
0.994907 -0.044050 0.090662 0.000000 -0.014033 0.830161 0.557347 42.926701 -0.099815 -0.555780 0.825315 0.000000 0.000000 0.000000 0.000000 1.000000
0.994882 -0.043724 0.091097 0.000000 -0.014611 0.829812 0.557852 42.926701 -0.099985 -0.556327 0.824926 0.000000 0.000000 0.000000 0.000000 1.000000
0.994846 -0.043569 0.091556 -0.000000 -0.015072 0.829394 0.558461 42.926701 -0.100268 -0.556963 0.824463 0.000000 0.000000 0.000000 0.000000 1.000000
0.994801 -0.043483 0.092086 0.000000 -0.015527 0.828920 0.559152 42.926701 -0.100646 -0.557675 0.823935 0.000000 0.000000 0.000000 0.000000 1.000000
0.994750 -0.043423 0.092665 0.000000 -0.015992 0.828420 0.559879 42.926701 -0.101077 -0.558422 0.823376 0.000000 0.000000 0.000000 0.000000 1.000000
0.994697 -0.043346 0.093270 -0.000000 -0.016487 0.827925 0.560596 42.926701 -0.101520 -0.559161 0.822820 0.000000 0.000000 0.000000 0.000000 1.000000
0.994646 -0.043208 0.093879 0.000000 -0.017028 0.827466 0.561258 42.926701 -0.101932 -0.559851 0.822300 0.000000 0.000000 0.000000 0.000000 1.000000
0.994592 -0.042614 0.094716 0.000000 -0.018037 0.827229 0.561576 42.926701 -0.102283 -0.560247 0.821986 0.000000 0.000000 0.000000 0.000000 1.000000
0.994537 -0.042422 0.095380 0.000000 -0.018590 0.827117 0.561723 42.926701 -0.102720 -0.560427 0.821809 0.000000 0.000000 0.000000 0.000000 1.000000
0.994488 -0.042303 0.095938 0.000000 -0.019020 0.827031 0.561834 42.926701 -0.103111 -0.560562 0.821668 -0.000000 0.000000 0.000000 0.000000 1.000000
0.994553 -0.042126 0.095342 -0.000000 -0.018836 0.826998 0.561889 42.926701 -0.102518 -0.560624 0.821700 0.000000 0.000000 0.000000 0.000000 1.000000
0.994729 -0.041871 0.093601 0.000000 -0.018062 0.827006 0.561902 42.926701 -0.100936 -0.560631 0.821891 0.000000 0.000000 0.000000 0.000000 1.000000
0.994936 -0.041604 0.091498 -0.000000 -0.017091 0.827027 0.561902 42.926701 -0.099049 -0.560621 0.822128 0.000000 0.000000 0.000000 0.000000 1.000000
0.995161 -0.041328 0.089145 -0.000000 -0.015986 0.827059 0.561887 42.926701 -0.096949 -0.560593 0.822396 0.000000 0.000000 0.000000 0.000000 1.000000
0.995393 -0.041042 0.086653 -0.000000 -0.014809 0.827103 0.561856 42.926701 -0.094731 -0.560550 0.822684 0.000000 0.000000 0.000000 0.000000 1.000000
0.995621 -0.040747 0.084136 0.000000 -0.013624 0.827156 0.561808 42.926701 -0.092486 -0.560494 0.822978 0.000000 0.000000 0.000000 0.000000 1.000000
0.995836 -0.040444 0.081705 0.000000 -0.012493 0.827217 0.561744 42.926701 -0.090307 -0.560425 0.823267 0.000000 0.000000 0.000000 0.000000 1.000000
0.996029 -0.040134 0.079472 0.000000 -0.011480 0.827285 0.561665 42.926701 -0.088288 -0.560347 0.823539 0.000000 0.000000 0.000000 0.000000 1.000000
0.996120 -0.039606 0.078585 0.000000 -0.011380 0.827527 0.561310 42.926701 -0.087263 -0.560027 0.823866 0.000000 0.000000 0.000000 0.000000 1.000000
0.996221 -0.039222 0.077492 0.000000 -0.011053 0.827718 0.561036 42.926701 -0.086147 -0.559772 0.824156 0.000000 0.000000 0.000000 0.000000 1.000000
0.996314 -0.038641 0.076582 0.000000 -0.010996 0.827894 0.560777 42.926701 -0.085071 -0.559552 0.824418 -0.000000 0.000000 0.000000 0.000000 1.000000
0.996338 -0.037855 0.076667 0.000000 -0.011637 0.828281 0.560192 42.926701 -0.084708 -0.559033 0.824807 0.000000 0.000000 0.000000 0.000000 1.000000
0.996356 -0.036906 0.076894 -0.000000 -0.012469 0.828825 0.559368 42.926701 -0.084375 -0.558289 0.825345 0.000000 0.000000 0.000000 0.000000 1.000000
0.996417 -0.035348 0.076834 0.000000 -0.013560 0.829948 0.557676 42.926701 -0.083481 -0.556720 0.826495 0.000000 0.000000 0.000000 0.000000 1.000000
0.996432 -0.033389 0.077511 -0.000000 -0.015376 0.831222 0.555728 42.926701 -0.082984 -0.554937 0.827743 0.000000 0.000000 0.000000 0.000000 1.000000
0.996419 -0.030255 0.078951 0.000000 -0.018663 0.832046 0.554392 42.926701 -0.082464 -0.553880 0.828502 -0.000000 0.000000 0.000000 0.000000 1.000000
0.996377 -0.026248 0.080895 0.000000 -0.023062 0.832155 0.554063 42.926701 -0.081860 -0.553921 0.828535 0.000000 0.000000 0.000000 0.000000 1.000000
0.996177 -0.021470 0.084681 0.000000 -0.029227 0.831566 0.554656 42.926701 -0.082327 -0.555010 0.827759 0.000000 0.000000 0.000000 0.000000 1.000000
0.996034 -0.017984 0.087141 -0.000000 -0.033717 0.830039 0.556685 42.926701 -0.082342 -0.557415 0.826140 0.000000 0.000000 0.000000 0.000000 1.000000
0.996128 -0.019211 0.085784 0.000000 -0.032924 0.823278 0.566683 42.926701 -0.081511 -0.567313 0.819458 0.000000 0.000000 0.000000 0.000000 1.000000
0.996248 -0.021082 0.083932 0.000000 -0.031410 0.815642 0.577704 42.926701 -0.080637 -0.578173 0.811920 0.000000 0.000000 0.000000 0.000000 1.000000
0.996396 -0.023094 0.081619 -0.000000 -0.029536 0.807548 0.589062 42.926701 -0.079515 -0.589350 0.803955 0.000000 0.000000 0.000000 0.000000 1.000000
0.996574 -0.024751 0.078911 0.000000 -0.027662 0.799451 0.600095 42.926701 -0.077938 -0.600222 0.796027 -0.000000 0.000000 0.000000 0.000000 1.000000
0.997021 -0.024902 0.072998 0.000000 -0.024949 0.791431 0.610749 42.926701 -0.072982 -0.610751 0.788452 0.000000 0.000000 0.000000 0.000000 1.000000
0.996760 -0.023124 0.077043 0.000000 -0.029342 0.787269 0.615911 42.926701 -0.074896 -0.616176 0.784039 -0.000000 0.000000 0.000000 0.000000 1.000000
0.996318 -0.022370 0.082767 -0.000000 -0.034064 0.782613 0.621576 42.926701 -0.078680 -0.622106 0.778969 -0.000000 0.000000 0.000000 0.000000 1.000000
0.995827 -0.028376 0.086732 0.000000 -0.033352 0.771505 0.635348 42.926701 -0.084943 -0.635590 0.767340 -0.000000 0.000000 0.000000 0.000000 1.000000
0.995915 -0.037749 0.082029 0.000000 -0.024828 0.758933 0.650695 42.926701 -0.086817 -0.650073 0.754896 0.000000 0.000000 0.000000 0.000000 1.000000
0.995347 -0.044067 0.085684 -0.000000 -0.022572 0.757889 0.651993 42.926701 -0.093670 -0.650894 0.753368 0.000000 0.000000 0.000000 0.000000 1.000000
0.994583 -0.048118 0.092142 0.000000 -0.024080 0.755651 0.654531 42.926701 -0.101122 -0.653204 0.750399 0.000000 0.000000 0.000000 0.000000 1.000000
0.993770 -0.047290 0.100921 0.000000 -0.032288 0.744527 0.666811 42.926701 -0.106672 -0.665915 0.738362 0.000000 0.000000 0.000000 0.000000 1.000000
0.992661 -0.046910 0.111460 -0.000000 -0.042538 0.727342 0.684955 42.926701 -0.113201 -0.684670 0.720009 0.000000 0.000000 0.000000 0.000000 1.000000
0.990836 -0.052847 0.124306 0.000000 -0.051578 0.702522 0.709790 42.926701 -0.124838 -0.709697 0.693358 0.000000 0.000000 0.000000 0.000000 1.000000
0.989098 -0.060871 0.134087 0.000000 -0.058137 0.675183 0.735356 42.926701 -0.135295 -0.735134 0.664284 -0.000000 0.000000 0.000000 0.000000 1.000000
0.988639 -0.067502 0.134299 0.000000 -0.058732 0.648973 0.758541 42.926701 -0.138359 -0.757811 0.637635 -0.000000 0.000000 0.000000 0.000000 1.000000
0.988793 -0.071839 0.130872 0.000000 -0.056911 0.629041 0.775286 42.926701 -0.138019 -0.774045 0.617903 -0.000000 0.000000 0.000000 0.000000 1.000000
0.989099 -0.072851 0.127966 0.000000 -0.055395 0.621106 0.781767 42.926701 -0.136433 -0.780334 0.610300 0.000000 0.000000 0.000000 0.000000 1.000000
0.989536 -0.072446 0.124783 0.000000 -0.053591 0.618424 0.784016 42.926701 -0.133968 -0.782499 0.608070 0.000000 0.000000 0.000000 0.000000 1.000000
0.989863 -0.072371 0.122206 0.000000 -0.051849 0.616923 0.785313 42.926701 -0.132226 -0.783689 0.606917 0.000000 0.000000 0.000000 0.000000 1.000000
0.989902 -0.074135 0.120826 -0.000000 -0.049820 0.616031 0.786144 42.926701 -0.132713 -0.784225 0.606117 0.000000 0.000000 0.000000 0.000000 1.000000
0.989800 -0.075269 0.120960 0.000000 -0.048949 0.617679 0.784906 42.926701 -0.133794 -0.782820 0.607694 0.000000 0.000000 0.000000 0.000000 1.000000
0.989610 -0.070526 0.125292 0.000000 -0.054007 0.625277 0.778532 42.926701 -0.133249 -0.777210 0.614971 0.000000 0.000000 0.000000 0.000000 1.000000
0.989804 -0.067819 0.125252 0.000000 -0.052657 0.642838 0.764190 42.926701 -0.132343 -0.762994 0.632713 -0.000000 0.000000 0.000000 0.000000 1.000000
0.990009 -0.065509 0.124864 0.000000 -0.050666 0.661124 0.748564 42.926701 -0.131588 -0.747412 0.651199 0.000000 0.000000 0.000000 0.000000 1.000000
0.990247 -0.063331 0.124098 0.000000 -0.048273 0.679584 0.732008 42.926701 -0.130693 -0.730859 0.669899 0.000000 0.000000 0.000000 0.000000 1.000000
0.990542 -0.061021 0.122891 0.000000 -0.045715 0.697708 0.714922 42.926701 -0.129367 -0.713779 0.688320 -0.000000 0.000000 0.000000 0.000000 1.000000
0.990920 -0.058315 0.121152 -0.000000 -0.043230 0.715029 0.697757 42.926701 -0.127317 -0.696658 0.706015 0.000000 0.000000 0.000000 0.000000 1.000000
0.992193 -0.051772 0.113456 -0.000000 -0.039799 0.730734 0.681501 42.926701 -0.118189 -0.680696 0.722969 0.000000 0.000000 0.000000 0.000000 1.000000
0.992788 -0.045945 0.110728 0.000000 -0.039730 0.745350 0.665489 42.926701 -0.113106 -0.665089 0.738149 0.000000 0.000000 0.000000 0.000000 1.000000
0.992482 -0.041625 0.115096 -0.000000 -0.043641 0.758221 0.650536 42.926701 -0.114347 -0.650668 0.750704 0.000000 0.000000 0.000000 0.000000 1.000000
0.991197 -0.038928 0.126547 -0.000000 -0.051342 0.767998 0.638392 42.926701 -0.122039 -0.639269 0.759238 -0.000000 0.000000 0.000000 0.000000 1.000000
0.989915 -0.035475 0.137149 0.000000 -0.059025 0.776813 0.626960 42.926701 -0.128781 -0.628732 0.766884 -0.000000 0.000000 0.000000 0.000000 1.000000
0.989524 -0.029058 0.141414 0.000000 -0.064959 0.785160 0.615876 42.926701 -0.128929 -0.618611 0.775047 0.000000 0.000000 0.000000 0.000000 1.000000
0.989386 -0.023091 0.143467 0.000000 -0.069360 0.792528 0.605879 42.926701 -0.127692 -0.609399 0.782514 0.000000 0.000000 0.000000 0.000000 1.000000
0.988898 -0.020668 0.147153 -0.000000 -0.072222 0.798599 0.597514 42.926701 -0.129866 -0.601508 0.788240 0.000000 0.000000 0.000000 0.000000 1.000000
0.988731 -0.019959 0.148368 0.000000 -0.072425 0.803601 0.590746 42.926701 -0.131019 -0.594834 0.793099 0.000000 0.000000 0.000000 0.000000 1.000000
0.989569 -0.020625 0.142577 0.000000 -0.067605 0.807468 0.586025 42.926701 -0.127213 -0.589551 0.797650 0.000000 0.000000 0.000000 0.000000 1.000000
0.990655 -0.021618 0.134667 0.000000 -0.061464 0.810657 0.582286 42.926701 -0.121757 -0.585122 0.801753 -0.000000 0.000000 0.000000 0.000000 1.000000
0.991547 -0.020900 0.128050 0.000000 -0.057548 0.813701 0.578428 42.926701 -0.116283 -0.580908 0.805620 0.000000 0.000000 0.000000 0.000000 1.000000
0.992251 -0.020684 0.122517 0.000000 -0.054016 0.816185 0.575261 42.926701 -0.111895 -0.577421 0.808743 0.000000 0.000000 0.000000 0.000000 1.000000
0.992561 -0.023158 0.119524 0.000000 -0.049999 0.817596 0.573617 42.926701 -0.111006 -0.575326 0.810357 0.000000 0.000000 0.000000 0.000000 1.000000
0.992713 -0.026270 0.117607 0.000000 -0.046142 0.818708 0.572353 42.926701 -0.111321 -0.573608 0.811530 0.000000 0.000000 0.000000 0.000000 1.000000
0.992837 -0.028071 0.116135 0.000000 -0.043481 0.820471 0.570032 42.926701 -0.111287 -0.570999 0.813373 0.000000 0.000000 0.000000 0.000000 1.000000
0.992909 -0.028923 0.115306 0.000000 -0.041973 0.822186 0.567670 42.926701 -0.111222 -0.568484 0.815141 0.000000 0.000000 0.000000 0.000000 1.000000
0.993012 -0.028350 0.114559 0.000000 -0.041659 0.824021 0.565025 42.926701 -0.110417 -0.565849 0.817082 0.000000 0.000000 0.000000 0.000000 1.000000
0.993093 -0.026929 0.114197 0.000000 -0.042123 0.826584 0.561235 42.926701 -0.109507 -0.562169 0.819741 0.000000 0.000000 0.000000 0.000000 1.000000
0.993152 -0.025118 0.114096 0.000000 -0.042994 0.829500 0.556850 42.926701 -0.108630 -0.557942 0.822739 0.000000 0.000000 0.000000 0.000000 1.000000
0.993446 -0.024904 0.111555 0.000000 -0.041156 0.832580 0.552374 42.926701 -0.106635 -0.553345 0.826098 0.000000 0.000000 0.000000 0.000000 1.000000
0.993759 -0.024886 0.108739 0.000000 -0.039017 0.835680 0.547829 42.926701 -0.104504 -0.548653 0.829493 -0.000000 0.000000 0.000000 0.000000 1.000000
0.994074 -0.024999 0.105795 0.000000 -0.036725 0.838753 0.543272 42.926701 -0.102318 -0.543938 0.832864 0.000000 0.000000 0.000000 0.000000 1.000000
0.994376 -0.025172 0.102873 0.000000 -0.034429 0.841755 0.538760 42.926701 -0.100155 -0.539272 0.836155 -0.000000 0.000000 0.000000 0.000000 1.000000
0.994653 -0.025329 0.100117 0.000000 -0.032277 0.844643 0.534356 42.926701 -0.098097 -0.534730 0.839310 0.000000 0.000000 0.000000 0.000000 1.000000
0.994830 -0.025457 0.098312 0.000000 -0.030829 0.846684 0.531202 42.926701 -0.096762 -0.531486 0.841522 -0.000000 0.000000 0.000000 0.000000 1.000000
0.994827 -0.025744 0.098271 0.000000 -0.030345 0.847888 0.529307 42.926701 -0.096949 -0.529551 0.842720 0.000000 0.000000 0.000000 0.000000 1.000000
0.994768 -0.024691 0.099130 0.000000 -0.031653 0.848107 0.528879 42.926701 -0.097131 -0.529250 0.842888 -0.000000 0.000000 0.000000 0.000000 1.000000
0.994758 -0.023337 0.099555 0.000000 -0.033069 0.847868 0.529174 42.926701 -0.096758 -0.529693 0.842652 0.000000 0.000000 0.000000 0.000000 1.000000
0.994895 -0.022028 0.098484 0.000000 -0.033786 0.846871 0.530725 42.926701 -0.095094 -0.531342 0.841803 0.000000 0.000000 0.000000 0.000000 1.000000
0.995125 -0.020491 0.096468 0.000000 -0.034194 0.845804 0.532397 42.926701 -0.092503 -0.533100 0.840980 0.000000 0.000000 0.000000 0.000000 1.000000
0.995470 -0.018480 0.093263 0.000000 -0.034227 0.845501 0.532875 42.926701 -0.088701 -0.533654 0.841039 0.000000 0.000000 0.000000 0.000000 1.000000
0.995794 -0.016295 0.090165 0.000000 -0.034453 0.845256 0.533250 42.926701 -0.084902 -0.534114 0.841139 0.000000 0.000000 0.000000 0.000000 1.000000
0.996029 -0.014050 0.087913 0.000000 -0.035226 0.844692 0.534093 42.926701 -0.081763 -0.535069 0.840843 0.000000 0.000000 0.000000 0.000000 1.000000
0.996248 -0.011712 0.085751 -0.000000 -0.036128 0.844066 0.535021 42.926701 -0.078645 -0.536112 0.840476 0.000000 0.000000 0.000000 0.000000 1.000000
0.996404 -0.009538 0.084193 0.000000 -0.037224 0.843347 0.536078 42.926701 -0.076117 -0.537284 0.839959 -0.000000 0.000000 0.000000 0.000000 1.000000
0.996456 -0.007787 0.083753 0.000000 -0.038577 0.842506 0.537304 42.926701 -0.074747 -0.538631 0.839220 0.000000 0.000000 0.000000 0.000000 1.000000
0.996267 -0.006603 0.086076 0.000000 -0.041014 0.841154 0.539237 42.926701 -0.075964 -0.540755 0.837743 0.000000 0.000000 0.000000 0.000000 1.000000
0.995916 -0.006050 0.090077 0.000000 -0.043869 0.839608 0.541418 42.926701 -0.078905 -0.543159 0.835914 0.000000 0.000000 0.000000 0.000000 1.000000
0.995723 -0.006225 0.092175 0.000000 -0.044969 0.838894 0.542434 42.926701 -0.080702 -0.544259 0.835026 0.000000 0.000000 0.000000 0.000000 1.000000
0.995724 -0.006788 0.092124 0.000000 -0.044464 0.838941 0.542403 42.926701 -0.080968 -0.544180 0.835052 -0.000000 0.000000 0.000000 0.000000 1.000000
0.995726 -0.007354 0.092063 0.000000 -0.043949 0.838995 0.542362 42.926701 -0.081229 -0.544090 0.835085 0.000000 0.000000 0.000000 0.000000 1.000000
0.995728 -0.007924 0.091991 0.000000 -0.043424 0.839054 0.542313 42.926701 -0.081483 -0.543991 0.835126 0.000000 0.000000 0.000000 0.000000 1.000000
0.995731 -0.008498 0.091910 0.000000 -0.042891 0.839119 0.542254 42.926701 -0.081731 -0.543881 0.835173 0.000000 0.000000 0.000000 0.000000 1.000000
0.995734 -0.009075 0.091818 0.000000 -0.042348 0.839190 0.542187 42.926701 -0.081974 -0.543763 0.835226 0.000000 0.000000 0.000000 0.000000 1.000000
0.995738 -0.009656 0.091718 0.000000 -0.041796 0.839266 0.542112 42.926701 -0.082210 -0.543636 0.835286 0.000000 0.000000 0.000000 0.000000 1.000000
0.995742 -0.010240 0.091609 0.000000 -0.041235 0.839347 0.542030 42.926701 -0.082442 -0.543500 0.835351 0.000000 0.000000 0.000000 0.000000 1.000000
0.995747 -0.010827 0.091490 0.000000 -0.040666 0.839433 0.541940 42.926701 -0.082668 -0.543356 0.835423 0.000000 0.000000 0.000000 0.000000 1.000000
0.995752 -0.011418 0.091363 0.000000 -0.040089 0.839523 0.541843 42.926701 -0.082888 -0.543204 0.835499 -0.000000 0.000000 0.000000 0.000000 1.000000
0.995758 -0.012012 0.091228 -0.000000 -0.039504 0.839618 0.541739 42.926701 -0.083104 -0.543044 0.835582 -0.000000 0.000000 0.000000 0.000000 1.000000
0.995763 -0.012609 0.091084 0.000000 -0.038911 0.839717 0.541628 42.926701 -0.083314 -0.542878 0.835669 0.000000 0.000000 0.000000 0.000000 1.000000
0.995769 -0.013209 0.090933 0.000000 -0.038310 0.839820 0.541512 42.926701 -0.083520 -0.542705 0.835761 0.000000 0.000000 0.000000 0.000000 1.000000
0.995776 -0.013812 0.090774 -0.000000 -0.037702 0.839926 0.541390 42.926701 -0.083721 -0.542525 0.835857 0.000000 0.000000 0.000000 0.000000 1.000000
0.995782 -0.014418 0.090607 0.000000 -0.037087 0.840036 0.541262 42.926701 -0.083917 -0.542340 0.835958 0.000000 0.000000 0.000000 0.000000 1.000000
0.995789 -0.015026 0.090434 0.000000 -0.036465 0.840148 0.541129 42.926701 -0.084109 -0.542148 0.836063 0.000000 0.000000 0.000000 0.000000 1.000000
0.995796 -0.015638 0.090253 0.000000 -0.035837 0.840264 0.540992 42.926701 -0.084297 -0.541952 0.836171 0.000000 0.000000 0.000000 0.000000 1.000000
0.995803 -0.016252 0.090066 0.000000 -0.035202 0.840382 0.540850 42.926701 -0.084480 -0.541750 0.836283 0.000000 0.000000 0.000000 0.000000 1.000000
0.995810 -0.016869 0.089872 0.000000 -0.034560 0.840503 0.540703 42.926701 -0.084659 -0.541544 0.836399 -0.000000 0.000000 0.000000 0.000000 1.000000
0.995818 -0.017489 0.089672 0.000000 -0.033913 0.840626 0.540554 42.926701 -0.084834 -0.541334 0.836517 0.000000 0.000000 0.000000 0.000000 1.000000
0.995825 -0.018111 0.089466 -0.000000 -0.033260 0.840751 0.540400 42.926701 -0.085006 -0.541120 0.836638 0.000000 0.000000 0.000000 0.000000 1.000000
0.995833 -0.018735 0.089255 -0.000000 -0.032601 0.840877 0.540244 42.926701 -0.085174 -0.540902 0.836762 0.000000 0.000000 0.000000 0.000000 1.000000
0.995840 -0.019362 0.089038 0.000000 -0.031937 0.841005 0.540084 42.926701 -0.085338 -0.540681 0.836888 0.000000 0.000000 0.000000 0.000000 1.000000
0.995848 -0.019991 0.088815 0.000000 -0.031268 0.841134 0.539923 42.926701 -0.085499 -0.540458 0.837016 -0.000000 0.000000 0.000000 0.000000 1.000000
0.995855 -0.020622 0.088588 0.000000 -0.030594 0.841264 0.539759 42.926701 -0.085656 -0.540231 0.837146 0.000000 0.000000 0.000000 0.000000 1.000000
0.995862 -0.021255 0.088355 0.000000 -0.029915 0.841394 0.539593 42.926701 -0.085811 -0.540003 0.837277 0.000000 0.000000 0.000000 0.000000 1.000000
0.995869 -0.021891 0.088118 0.000000 -0.029232 0.841526 0.539426 42.926701 -0.085962 -0.539773 0.837410 0.000000 0.000000 0.000000 0.000000 1.000000
0.995877 -0.022528 0.087877 0.000000 -0.028545 0.841657 0.539257 42.926701 -0.086111 -0.539542 0.837544 -0.000000 0.000000 0.000000 0.000000 1.000000
0.995884 -0.023168 0.087631 0.000000 -0.027853 0.841789 0.539088 42.926701 -0.086256 -0.539310 0.837678 0.000000 0.000000 0.000000 0.000000 1.000000
0.995890 -0.023809 0.087382 0.000000 -0.027158 0.841920 0.538919 42.926701 -0.086400 -0.539077 0.837813 0.000000 0.000000 0.000000 0.000000 1.000000
0.995897 -0.024452 0.087129 0.000000 -0.026459 0.842051 0.538749 42.926701 -0.086540 -0.538844 0.837949 0.000000 0.000000 0.000000 0.000000 1.000000
0.995903 -0.025097 0.086872 -0.000000 -0.025757 0.842181 0.538580 42.926701 -0.086679 -0.538611 0.838084 0.000000 0.000000 0.000000 0.000000 1.000000
0.995909 -0.025743 0.086612 -0.000000 -0.025052 0.842310 0.538411 42.926701 -0.086815 -0.538378 0.838220 0.000000 0.000000 0.000000 0.000000 1.000000
0.995915 -0.026391 0.086349 -0.000000 -0.024343 0.842438 0.538243 42.926701 -0.086949 -0.538146 0.838355 -0.000000 0.000000 0.000000 0.000000 1.000000
0.995921 -0.027041 0.086083 0.000000 -0.023632 0.842565 0.538076 42.926701 -0.087081 -0.537916 0.838489 0.000000 0.000000 0.000000 0.000000 1.000000
0.995926 -0.027691 0.085815 0.000000 -0.022919 0.842690 0.537911 42.926701 -0.087211 -0.537687 0.838622 0.000000 0.000000 0.000000 0.000000 1.000000
0.995931 -0.028344 0.085544 0.000000 -0.022203 0.842813 0.537748 42.926701 -0.087339 -0.537460 0.838754 -0.000000 0.000000 0.000000 0.000000 1.000000
0.995936 -0.028997 0.085271 -0.000000 -0.021486 0.842934 0.537587 42.926701 -0.087466 -0.537235 0.838885 0.000000 0.000000 0.000000 0.000000 1.000000
0.995940 -0.029651 0.084996 0.000000 -0.020766 0.843053 0.537429 42.926701 -0.087592 -0.537012 0.839015 0.000000 0.000000 0.000000 0.000000 1.000000
0.995944 -0.030307 0.084720 -0.000000 -0.020045 0.843170 0.537274 42.926701 -0.087716 -0.536793 0.839142 -0.000000 0.000000 0.000000 0.000000 1.000000
0.995947 -0.030964 0.084441 0.000000 -0.019323 0.843283 0.537122 42.926701 -0.087839 -0.536577 0.839267 0.000000 0.000000 0.000000 0.000000 1.000000
0.995950 -0.031621 0.084162 0.000000 -0.018599 0.843394 0.536974 42.926701 -0.087961 -0.536364 0.839390 0.000000 0.000000 0.000000 0.000000 1.000000
0.995953 -0.032279 0.083881 0.000000 -0.017875 0.843501 0.536829 42.926701 -0.088082 -0.536156 0.839511 0.000000 0.000000 0.000000 0.000000 1.000000
0.995955 -0.032938 0.083599 0.000000 -0.017149 0.843606 0.536689 42.926701 -0.088203 -0.535952 0.839628 0.000000 0.000000 0.000000 0.000000 1.000000
0.995957 -0.033598 0.083317 -0.000000 -0.016424 0.843706 0.536554 42.926701 -0.088322 -0.535753 0.839743 0.000000 0.000000 0.000000 0.000000 1.000000
0.995958 -0.034258 0.083034 -0.000000 -0.015698 0.843803 0.536424 42.926701 -0.088441 -0.535559 0.839854 0.000000 0.000000 0.000000 0.000000 1.000000
0.995958 -0.034919 0.082751 0.000000 -0.014972 0.843895 0.536299 42.926701 -0.088560 -0.535371 0.839962 -0.000000 0.000000 0.000000 0.000000 1.000000
0.995958 -0.035580 0.082468 0.000000 -0.014246 0.843983 0.536180 42.926701 -0.088679 -0.535188 0.840065 0.000000 0.000000 0.000000 0.000000 1.000000
0.995958 -0.036242 0.082185 0.000000 -0.013521 0.844067 0.536067 42.926701 -0.088797 -0.535012 0.840165 0.000000 0.000000 0.000000 0.000000 1.000000
0.995957 -0.036903 0.081902 0.000000 -0.012796 0.844146 0.535961 42.926701 -0.088916 -0.534842 0.840261 0.000000 0.000000 0.000000 0.000000 1.000000
0.995955 -0.037565 0.081619 0.000000 -0.012072 0.844220 0.535861 42.926701 -0.089034 -0.534679 0.840352 0.000000 0.000000 0.000000 0.000000 1.000000
0.996197 -0.039868 0.077479 0.000000 -0.008070 0.843153 0.537612 42.926701 -0.086760 -0.536193 0.839625 0.000000 0.000000 0.000000 0.000000 1.000000
0.996513 -0.041850 0.072180 0.000000 -0.003746 0.841794 0.539785 42.926701 -0.083351 -0.538174 0.838702 0.000000 0.000000 0.000000 0.000000 1.000000
0.996778 -0.043664 0.067287 0.000000 0.000213 0.840290 0.542137 42.926701 -0.080212 -0.540376 0.837592 0.000000 0.000000 0.000000 0.000000 1.000000
0.996827 -0.045059 0.065614 0.000000 0.002015 0.838361 0.545112 42.926701 -0.079570 -0.543250 0.835792 -0.000000 0.000000 0.000000 0.000000 1.000000
0.996860 -0.046492 0.064104 0.000000 0.003862 0.837090 0.547052 42.926701 -0.079095 -0.545086 0.834641 0.000000 0.000000 0.000000 0.000000 1.000000
0.996831 -0.047676 0.063674 -0.000000 0.004969 0.836236 0.548348 42.926701 -0.079390 -0.546294 0.833823 0.000000 0.000000 0.000000 0.000000 1.000000
0.996658 -0.048217 0.065945 -0.000000 0.004164 0.836176 0.548446 42.926701 -0.081586 -0.546338 0.833582 0.000000 0.000000 0.000000 0.000000 1.000000
0.996409 -0.048432 0.069452 -0.000000 0.002437 0.836316 0.548243 42.926701 -0.084636 -0.546105 0.833431 -0.000000 0.000000 0.000000 0.000000 1.000000
0.996122 -0.048466 0.073434 0.000000 0.000246 0.836141 0.548514 42.926701 -0.087986 -0.546369 0.832911 0.000000 0.000000 0.000000 0.000000 1.000000
0.995823 -0.048466 0.077380 0.000000 -0.001989 0.835777 0.549066 42.926701 -0.091284 -0.546926 0.832189 -0.000000 0.000000 0.000000 0.000000 1.000000
0.995638 -0.048805 0.079516 0.000000 -0.003045 0.834816 0.550520 42.926701 -0.093249 -0.548361 0.831026 0.000000 0.000000 0.000000 0.000000 1.000000
0.995574 -0.049485 0.079892 0.000000 -0.002904 0.833526 0.552473 42.926701 -0.093931 -0.550260 0.829693 0.000000 0.000000 0.000000 0.000000 1.000000
0.995462 -0.049482 0.081283 0.000000 -0.003796 0.832846 0.553492 42.926701 -0.095084 -0.551289 0.828879 -0.000000 0.000000 0.000000 0.000000 1.000000
0.995338 -0.049354 0.082866 0.000000 -0.004880 0.832290 0.554319 42.926701 -0.096326 -0.552139 0.828169 -0.000000 0.000000 0.000000 0.000000 1.000000
0.995209 -0.049219 0.084474 0.000000 -0.005960 0.831881 0.554922 42.926701 -0.097585 -0.552767 0.827602 0.000000 0.000000 0.000000 0.000000 1.000000
0.995073 -0.049079 0.086148 0.000000 -0.006951 0.832214 0.554410 42.926701 -0.098904 -0.552277 0.827773 0.000000 0.000000 0.000000 0.000000 1.000000
0.994898 -0.048999 0.088187 0.000000 -0.008075 0.832652 0.553737 42.926701 -0.100562 -0.551624 0.828008 0.000000 0.000000 0.000000 0.000000 1.000000
0.994664 -0.048792 0.090899 0.000000 -0.009654 0.833207 0.552877 42.926701 -0.102713 -0.550805 0.828290 0.000000 0.000000 0.000000 0.000000 1.000000
0.994517 -0.048349 0.092729 0.000000 -0.011116 0.832815 0.553439 42.926701 -0.103984 -0.551435 0.827712 0.000000 0.000000 0.000000 0.000000 1.000000
0.994390 -0.047866 0.094330 -0.000000 -0.012517 0.832252 0.554257 42.926701 -0.105037 -0.552328 0.826983 -0.000000 0.000000 0.000000 0.000000 1.000000
0.994359 -0.047398 0.094892 -0.000000 -0.013311 0.831780 0.554946 42.926701 -0.105233 -0.553079 0.826456 0.000000 0.000000 0.000000 0.000000 1.000000
0.994427 -0.046947 0.094396 0.000000 -0.013471 0.831458 0.555425 42.926701 -0.104562 -0.553601 0.826192 0.000000 0.000000 0.000000 0.000000 1.000000
0.994536 -0.046488 0.093474 -0.000000 -0.013393 0.831164 0.555866 42.926701 -0.103533 -0.554080 0.826000 0.000000 0.000000 0.000000 0.000000 1.000000
0.994668 -0.046031 0.092291 0.000000 -0.013163 0.830894 0.556275 42.926701 -0.102290 -0.554524 0.825857 0.000000 0.000000 0.000000 0.000000 1.000000
0.994806 -0.045585 0.091016 -0.000000 -0.012867 0.830642 0.556659 42.926701 -0.100977 -0.554938 0.825740 0.000000 0.000000 0.000000 0.000000 1.000000
0.994934 -0.045160 0.089813 0.000000 -0.012591 0.830402 0.557023 42.926701 -0.099736 -0.555332 0.825626 0.000000 0.000000 0.000000 0.000000 1.000000
0.995038 -0.044765 0.088851 0.000000 -0.012423 0.830168 0.557375 42.926701 -0.098712 -0.555713 0.825493 0.000000 0.000000 0.000000 0.000000 1.000000
0.994990 -0.044786 0.089381 0.000000 -0.012704 0.830155 0.557388 42.926701 -0.099163 -0.555732 0.825427 0.000000 0.000000 0.000000 0.000000 1.000000
0.994983 -0.044722 0.089495 -0.000000 -0.012807 0.830234 0.557268 42.926701 -0.099224 -0.555618 0.825496 0.000000 0.000000 0.000000 0.000000 1.000000
0.994982 -0.044644 0.089538 -0.000000 -0.012879 0.830331 0.557122 42.926701 -0.099218 -0.555480 0.825589 0.000000 0.000000 0.000000 0.000000 1.000000
0.994973 -0.044581 0.089671 0.000000 -0.012990 0.830417 0.556991 42.926701 -0.099296 -0.555356 0.825663 0.000000 0.000000 0.000000 0.000000 1.000000
0.994914 -0.044611 0.090312 0.000000 -0.013320 0.830444 0.556943 42.926701 -0.099845 -0.555313 0.825626 0.000000 0.000000 0.000000 0.000000 1.000000</float_array>
        <technique_common>
          <accessor source="#mixamorig_RightLeg-Matrix-animation-output-transform-array" count="184" stride="16">
            <param type="float4x4"/>
          </accessor>
        </technique_common>
      </source>
      <source id="mixamorig_RightLeg-Interpolations">
        <Name_array id="mixamorig_RightLeg-Interpolations-array" count="184">
 LINEAR LINEAR LINEAR LINEAR LINEAR LINEAR LINEAR LINEAR LINEAR LINEAR LINEAR
LINEAR LINEAR LINEAR LINEAR LINEAR LINEAR LINEAR LINEAR LINEAR LINEAR LINEAR LINEAR
LINEAR LINEAR LINEAR LINEAR LINEAR LINEAR LINEAR LINEAR LINEAR LINEAR LINEAR LINEAR
LINEAR LINEAR LINEAR LINEAR LINEAR LINEAR LINEAR LINEAR LINEAR LINEAR LINEAR LINEAR
LINEAR LINEAR LINEAR LINEAR LINEAR LINEAR LINEAR LINEAR LINEAR LINEAR LINEAR LINEAR
LINEAR LINEAR LINEAR LINEAR LINEAR LINEAR LINEAR LINEAR LINEAR LINEAR LINEAR LINEAR
LINEAR LINEAR LINEAR LINEAR LINEAR LINEAR LINEAR LINEAR LINEAR LINEAR LINEAR LINEAR
LINEAR LINEAR LINEAR LINEAR LINEAR LINEAR LINEAR LINEAR LINEAR LINEAR LINEAR LINEAR
LINEAR LINEAR LINEAR LINEAR LINEAR LINEAR LINEAR LINEAR LINEAR LINEAR LINEAR LINEAR
LINEAR LINEAR LINEAR LINEAR LINEAR LINEAR LINEAR LINEAR LINEAR LINEAR LINEAR LINEAR
LINEAR LINEAR LINEAR LINEAR LINEAR LINEAR LINEAR LINEAR LINEAR LINEAR LINEAR LINEAR
LINEAR LINEAR LINEAR LINEAR LINEAR LINEAR LINEAR LINEAR LINEAR LINEAR LINEAR LINEAR
LINEAR LINEAR LINEAR LINEAR LINEAR LINEAR LINEAR LINEAR LINEAR LINEAR LINEAR LINEAR
LINEAR LINEAR LINEAR LINEAR LINEAR LINEAR LINEAR LINEAR LINEAR LINEAR LINEAR LINEAR
LINEAR LINEAR LINEAR LINEAR LINEAR LINEAR LINEAR LINEAR LINEAR LINEAR LINEAR LINEAR
LINEAR LINEAR LINEAR LINEAR LINEAR</Name_array>
        <technique_common>
          <accessor source="#mixamorig_RightLeg-Interpolations-array" count="184">
            <param type="name"/>
          </accessor>
        </technique_common>
      </source>
      <sampler id="mixamorig_RightLeg-Matrix-animation-transform">
        <input semantic="INPUT" source="#mixamorig_RightLeg-Matrix-animation-input"/>
        <input semantic="OUTPUT" source="#mixamorig_RightLeg-Matrix-animation-output-transform"/>
        <input semantic="INTERPOLATION" source="#mixamorig_RightLeg-Interpolations"/>
      </sampler>
      <channel source="#mixamorig_RightLeg-Matrix-animation-transform" target="mixamorig_RightLeg/matrix"/>
    </animation>
    <animation id="mixamorig_RightFoot-anim" name="mixamorig_RightFoot">
      <source id="mixamorig_RightFoot-Matrix-animation-input">
        <float_array id="mixamorig_RightFoot-Matrix-animation-input-array" count="184">

0.000000 0.033333 0.066667 0.100000 0.133333 0.166667 0.200000 0.233333 0.266667 0.300000 0.333333 0.366667 0.400000 0.433333 0.466667 0.500000
0.533333 0.566667 0.600000 0.633333 0.666667 0.700000 0.733333 0.766667 0.800000 0.833333 0.866667 0.900000 0.933333 0.966667 1.000000 1.033333
1.066667 1.100000 1.133333 1.166667 1.200000 1.233333 1.266667 1.300000 1.333333 1.366667 1.400000 1.433333 1.466667 1.500000 1.533333 1.566667
1.600000 1.633333 1.666667 1.700000 1.733333 1.766667 1.800000 1.833333 1.866667 1.900000 1.933333 1.966667 2.000000 2.033333 2.066667 2.100000
2.133333 2.166667 2.200000 2.233333 2.266667 2.300000 2.333333 2.366667 2.400000 2.433333 2.466667 2.500000 2.533333 2.566667 2.600000 2.633333
2.666667 2.700000 2.733333 2.766667 2.800000 2.833333 2.866667 2.900000 2.933333 2.966667 3.000000 3.033333 3.066667 3.100000 3.133333 3.166667
3.200000 3.233333 3.266667 3.300000 3.333333 3.366667 3.400000 3.433333 3.466667 3.500000 3.533333 3.566667 3.600000 3.633333 3.666667 3.700000
3.733333 3.766667 3.800000 3.833333 3.866667 3.900000 3.933333 3.966667 4.000000 4.033333 4.066667 4.100000 4.133333 4.166667 4.200000 4.233333
4.266667 4.300000 4.333333 4.366667 4.400000 4.433333 4.466667 4.500000 4.533333 4.566667 4.600000 4.633333 4.666667 4.700000 4.733333 4.766667
4.800000 4.833333 4.866667 4.900000 4.933333 4.966667 5.000000 5.033333 5.066667 5.100000 5.133333 5.166667 5.200000 5.233333 5.266667 5.300000
5.333333 5.366667 5.400000 5.433333 5.466667 5.500000 5.533333 5.566667 5.600000 5.633333 5.666667 5.700000 5.733333 5.766667 5.800000 5.833333
5.866667 5.900000 5.933333 5.966667 6.000000 6.033333 6.066667 6.100000</float_array>
        <technique_common>
          <accessor source="#mixamorig_RightFoot-Matrix-animation-input-array" count="184">
            <param name="TIME" type="float"/>
          </accessor>
        </technique_common>
      </source>
      <source id="mixamorig_RightFoot-Matrix-animation-output-transform">
        <float_array id="mixamorig_RightFoot-Matrix-animation-output-transform-array" count="2944">

0.984427 0.082998 0.154966 -0.000000 0.127211 0.272069 -0.953832 37.820801 -0.121328 0.958692 0.257273 -0.000000 0.000000 0.000000 0.000000 1.000000
0.984529 0.083423 0.154091 0.000000 0.126239 0.272183 -0.953929 37.820801 -0.121520 0.958622 0.257441 -0.000000 0.000000 0.000000 0.000000 1.000000
0.984599 0.083719 0.153482 0.000000 0.125558 0.272293 -0.953987 37.820801 -0.121659 0.958565 0.257588 0.000000 0.000000 0.000000 0.000000 1.000000
0.984609 0.083761 0.153389 0.000000 0.125438 0.272443 -0.953960 37.820801 -0.121695 0.958519 0.257743 0.000000 0.000000 0.000000 0.000000 1.000000
0.984601 0.083722 0.153462 0.000000 0.125496 0.272623 -0.953901 37.820801 -0.121700 0.958471 0.257918 -0.000000 0.000000 0.000000 0.000000 1.000000
0.984585 0.083653 0.153603 0.000000 0.125635 0.272736 -0.953851 37.820801 -0.121685 0.958445 0.258022 0.000000 0.000000 0.000000 0.000000 1.000000
0.984572 0.083608 0.153710 0.000000 0.125758 0.272686 -0.953849 37.820801 -0.121664 0.958463 0.257965 0.000000 0.000000 0.000000 0.000000 1.000000
0.984565 0.083603 0.153759 0.000000 0.125837 0.272449 -0.953906 37.820801 -0.121641 0.958531 0.257723 0.000000 0.000000 0.000000 0.000000 1.000000
0.984558 0.083610 0.153799 0.000000 0.125918 0.272095 -0.953996 37.820801 -0.121611 0.958631 0.257365 -0.000000 0.000000 0.000000 0.000000 1.000000
0.984551 0.083616 0.153843 0.000000 0.126013 0.271674 -0.954104 37.820801 -0.121574 0.958750 0.256940 -0.000000 0.000000 0.000000 0.000000 1.000000
0.984541 0.083612 0.153909 0.000000 0.126133 0.271234 -0.954213 37.820801 -0.121529 0.958875 0.256495 0.000000 0.000000 0.000000 0.000000 1.000000
0.984528 0.083583 0.154010 0.000000 0.126291 0.270826 -0.954308 37.820801 -0.121474 0.958993 0.256080 0.000000 0.000000 0.000000 0.000000 1.000000
0.984478 0.083345 0.154456 0.000000 0.126835 0.270425 -0.954350 37.820801 -0.121309 0.959127 0.255656 0.000000 0.000000 0.000000 0.000000 1.000000
0.984456 0.083294 0.154623 0.000000 0.127059 0.270042 -0.954428 37.820801 -0.121253 0.959239 0.255261 0.000000 0.000000 0.000000 0.000000 1.000000
0.984441 0.083284 0.154723 0.000000 0.127206 0.269659 -0.954517 37.820801 -0.121219 0.959348 0.254869 -0.000000 0.000000 0.000000 0.000000 1.000000
0.984453 0.083387 0.154591 -0.000000 0.127106 0.269232 -0.954651 37.820801 -0.121227 0.959458 0.254448 -0.000000 0.000000 0.000000 0.000000 1.000000
0.984490 0.083592 0.154243 -0.000000 0.126777 0.268753 -0.954830 37.820801 -0.121270 0.959575 0.253987 0.000000 0.000000 0.000000 0.000000 1.000000
0.984536 0.083833 0.153821 0.000000 0.126369 0.268250 -0.955025 37.820801 -0.121325 0.959695 0.253508 -0.000000 0.000000 0.000000 0.000000 1.000000
0.984587 0.084098 0.153349 0.000000 0.125908 0.267734 -0.955231 37.820801 -0.121390 0.959816 0.253019 -0.000000 0.000000 0.000000 0.000000 1.000000
0.984641 0.084376 0.152849 0.000000 0.125417 0.267218 -0.955440 37.820801 -0.121460 0.959935 0.252532 -0.000000 0.000000 0.000000 0.000000 1.000000
0.984695 0.084653 0.152346 -0.000000 0.124922 0.266714 -0.955645 37.820801 -0.121531 0.960051 0.252057 -0.000000 0.000000 0.000000 0.000000 1.000000
0.984747 0.084919 0.151863 -0.000000 0.124447 0.266232 -0.955842 37.820801 -0.121600 0.960161 0.251604 0.000000 0.000000 0.000000 0.000000 1.000000
0.984793 0.085161 0.151425 0.000000 0.124017 0.265786 -0.956022 37.820801 -0.121663 0.960263 0.251183 -0.000000 0.000000 0.000000 0.000000 1.000000
0.984803 0.085213 0.151335 0.000000 0.123910 0.265835 -0.956022 37.820801 -0.121696 0.960245 0.251236 -0.000000 0.000000 0.000000 0.000000 1.000000
0.984830 0.085319 0.151099 0.000000 0.123644 0.265913 -0.956035 37.820801 -0.121747 0.960214 0.251330 0.000000 0.000000 0.000000 0.000000 1.000000
0.984838 0.085391 0.151002 0.000000 0.123527 0.265949 -0.956040 37.820801 -0.121796 0.960198 0.251369 0.000000 0.000000 0.000000 0.000000 1.000000
0.984821 0.085373 0.151127 0.000000 0.123588 0.266461 -0.955889 37.820801 -0.121877 0.960057 0.251866 -0.000000 0.000000 0.000000 0.000000 1.000000
0.984795 0.085312 0.151329 0.000000 0.123718 0.267100 -0.955694 37.820801 -0.121952 0.959885 0.252484 0.000000 0.000000 0.000000 0.000000 1.000000
0.984756 0.085119 0.151690 0.000000 0.124018 0.267891 -0.955434 37.820801 -0.121962 0.959682 0.253251 -0.000000 0.000000 0.000000 0.000000 1.000000
0.984688 0.084769 0.152328 0.000000 0.124618 0.268742 -0.955117 37.820801 -0.121901 0.959475 0.254063 -0.000000 0.000000 0.000000 0.000000 1.000000
0.984539 0.084006 0.153710 0.000000 0.126060 0.269481 -0.954719 37.820801 -0.121624 0.959335 0.254725 -0.000000 0.000000 0.000000 0.000000 1.000000
0.984329 0.083130 0.155517 0.000000 0.128004 0.269755 -0.954383 37.820801 -0.121289 0.959334 0.254887 -0.000000 0.000000 0.000000 0.000000 1.000000
0.984031 0.081932 0.158016 -0.000000 0.130758 0.269579 -0.954060 37.820801 -0.120766 0.959486 0.254561 -0.000000 0.000000 0.000000 0.000000 1.000000
0.983837 0.081213 0.159588 0.000000 0.132647 0.268139 -0.954204 37.820801 -0.120285 0.959951 0.253033 0.000000 0.000000 0.000000 0.000000 1.000000
0.984029 0.082675 0.157643 0.000000 0.131088 0.262559 -0.955970 37.820801 -0.120426 0.961368 0.247528 -0.000000 0.000000 0.000000 0.000000 1.000000
0.984263 0.084382 0.155262 -0.000000 0.129131 0.256330 -0.957925 37.820801 -0.120630 0.962899 0.241399 -0.000000 0.000000 0.000000 0.000000 1.000000
0.984536 0.086274 0.152466 0.000000 0.126747 0.249990 -0.959917 37.820801 -0.120931 0.964397 0.235189 -0.000000 0.000000 0.000000 0.000000 1.000000
0.984844 0.088299 0.149283 0.000000 0.123907 0.244083 -0.961806 37.820801 -0.121364 0.965726 0.229443 0.000000 0.000000 0.000000 0.000000 1.000000
0.985476 0.091795 0.142868 -0.000000 0.117260 0.240696 -0.963491 37.820801 -0.122831 0.966250 0.226437 0.000000 0.000000 0.000000 0.000000 1.000000
0.986191 0.093100 0.136966 0.000000 0.111020 0.242034 -0.963895 37.820801 -0.122889 0.965791 0.228356 0.000000 0.000000 0.000000 0.000000 1.000000
0.986483 0.096519 0.132421 0.000000 0.105529 0.244024 -0.964010 37.820801 -0.125359 0.964954 0.230540 0.000000 0.000000 0.000000 0.000000 1.000000
0.984556 0.112535 0.134108 -0.000000 0.103388 0.244435 -0.964138 37.820801 -0.141280 0.963113 0.229025 -0.000000 0.000000 0.000000 0.000000 1.000000
0.984408 0.120677 0.127975 0.000000 0.095451 0.244633 -0.964906 37.820801 -0.147748 0.962077 0.229300 -0.000000 0.000000 0.000000 0.000000 1.000000
0.986587 0.117704 0.113101 0.000000 0.079912 0.255902 -0.963394 37.820801 -0.142338 0.959510 0.243064 -0.000000 0.000000 0.000000 0.000000 1.000000
0.988258 0.115159 0.100422 0.000000 0.066695 0.266197 -0.961609 37.820801 -0.137470 0.957015 0.255390 -0.000000 0.000000 0.000000 0.000000 1.000000
0.987915 0.119366 0.098875 -0.000000 0.063721 0.268737 -0.961104 37.820801 -0.141295 0.955789 0.257883 0.000000 0.000000 0.000000 0.000000 1.000000
0.986945 0.125075 0.101466 -0.000000 0.065257 0.265420 -0.961922 37.820801 -0.147244 0.955986 0.253793 -0.000000 0.000000 0.000000 0.000000 1.000000
0.986612 0.126967 0.102355 -0.000000 0.067362 0.254309 -0.964774 37.820801 -0.148524 0.958752 0.242352 0.000000 0.000000 0.000000 0.000000 1.000000
0.985416 0.132528 0.106729 -0.000000 0.072533 0.240239 -0.968000 37.820801 -0.153928 0.961624 0.227123 -0.000000 0.000000 0.000000 0.000000 1.000000
0.980937 0.152465 0.120483 0.000000 0.083977 0.226531 -0.970377 37.820801 -0.175242 0.961997 0.209409 0.000000 0.000000 0.000000 0.000000 1.000000
0.975856 0.172276 0.134261 -0.000000 0.095590 0.215839 -0.971739 37.820801 -0.196386 0.961111 0.194160 -0.000000 0.000000 0.000000 0.000000 1.000000
0.973083 0.181263 0.142311 -0.000000 0.102768 0.211415 -0.971979 37.820801 -0.206271 0.960441 0.187096 -0.000000 0.000000 0.000000 0.000000 1.000000
0.971210 0.186291 0.148482 0.000000 0.108350 0.209657 -0.971753 37.820801 -0.212159 0.959864 0.183437 -0.000000 0.000000 0.000000 0.000000 1.000000
0.970197 0.188256 0.152572 0.000000 0.112221 0.208980 -0.971460 37.820801 -0.214768 0.959629 0.181626 -0.000000 0.000000 0.000000 0.000000 1.000000
0.971016 0.184214 0.152291 0.000000 0.112543 0.209718 -0.971263 37.820801 -0.210859 0.960252 0.182908 -0.000000 0.000000 0.000000 0.000000 1.000000
0.973036 0.175885 0.149217 0.000000 0.110492 0.212432 -0.970909 37.820801 -0.202466 0.961216 0.187270 -0.000000 0.000000 0.000000 0.000000 1.000000
0.975653 0.164790 0.144727 -0.000000 0.106904 0.218863 -0.969882 37.820801 -0.191502 0.961740 0.195918 0.000000 0.000000 0.000000 0.000000 1.000000
0.976721 0.159015 0.143979 0.000000 0.105845 0.226549 -0.968231 37.820801 -0.186581 0.960932 0.204445 0.000000 0.000000 0.000000 0.000000 1.000000
0.977644 0.153744 0.143438 0.000000 0.104928 0.234439 -0.966451 37.820801 -0.182213 0.959896 0.213066 -0.000000 0.000000 0.000000 0.000000 1.000000
0.978448 0.148839 0.143129 0.000000 0.104238 0.242330 -0.964578 37.820801 -0.178251 0.958709 0.221593 -0.000000 0.000000 0.000000 0.000000 1.000000
0.979156 0.144159 0.143081 0.000000 0.103859 0.250021 -0.962654 37.820801 -0.174548 0.957448 0.229837 0.000000 0.000000 0.000000 0.000000 1.000000
0.979787 0.139562 0.143316 -0.000000 0.103877 0.257310 -0.960729 37.820801 -0.170958 0.956198 0.237612 -0.000000 0.000000 0.000000 0.000000 1.000000
0.979459 0.136989 0.147967 0.000000 0.108365 0.261238 -0.959172 37.820801 -0.170051 0.955504 0.241027 0.000000 0.000000 0.000000 0.000000 1.000000
0.978728 0.133590 0.155710 0.000000 0.116445 0.263158 -0.957700 37.820801 -0.168915 0.955459 0.242004 0.000000 0.000000 0.000000 0.000000 1.000000
0.977794 0.128239 0.165753 0.000000 0.127546 0.263425 -0.956211 37.820801 -0.166287 0.956118 0.241219 0.000000 0.000000 0.000000 0.000000 1.000000
0.976717 0.120991 0.177158 -0.000000 0.140916 0.260832 -0.955044 37.820801 -0.161761 0.957772 0.237710 -0.000000 0.000000 0.000000 0.000000 1.000000
0.975289 0.115253 0.188487 -0.000000 0.153886 0.257773 -0.953872 37.820801 -0.158523 0.959307 0.233668 -0.000000 0.000000 0.000000 0.000000 1.000000
0.972988 0.115344 0.199973 0.000000 0.165539 0.255162 -0.952622 37.820801 -0.160905 0.959994 0.229176 -0.000000 0.000000 0.000000 0.000000 1.000000
0.971143 0.115622 0.208595 -0.000000 0.174353 0.252594 -0.951734 37.820801 -0.162731 0.960639 0.225146 0.000000 0.000000 0.000000 0.000000 1.000000
0.971398 0.110084 0.210400 0.000000 0.177830 0.249932 -0.951793 37.820801 -0.157363 0.961985 0.223207 0.000000 0.000000 0.000000 0.000000 1.000000
0.972431 0.103978 0.208726 0.000000 0.178033 0.247052 -0.952507 37.820801 -0.150606 0.963407 0.221730 0.000000 0.000000 0.000000 0.000000 1.000000
0.973458 0.101393 0.205181 0.000000 0.175639 0.243814 -0.953785 37.820801 -0.146733 0.964507 0.219534 0.000000 0.000000 0.000000 0.000000 1.000000
0.974513 0.099916 0.200853 0.000000 0.172249 0.240333 -0.955285 37.820801 -0.143720 0.965535 0.216997 0.000000 0.000000 0.000000 0.000000 1.000000
0.975299 0.098452 0.197734 0.000000 0.170052 0.236658 -0.956596 37.820801 -0.140974 0.966592 0.214070 -0.000000 0.000000 0.000000 0.000000 1.000000
0.976018 0.097221 0.194775 0.000000 0.167972 0.232800 -0.957909 37.820801 -0.138472 0.967653 0.210886 -0.000000 0.000000 0.000000 0.000000 1.000000
0.976798 0.096049 0.191417 0.000000 0.165517 0.228615 -0.959343 37.820801 -0.135905 0.968767 0.207413 -0.000000 0.000000 0.000000 0.000000 1.000000
0.977528 0.094995 0.188189 0.000000 0.163121 0.224621 -0.960696 37.820801 -0.133532 0.969805 0.204078 0.000000 0.000000 0.000000 0.000000 1.000000
0.978006 0.094300 0.186042 -0.000000 0.161487 0.222177 -0.961540 37.820801 -0.132008 0.970435 0.202062 0.000000 0.000000 0.000000 0.000000 1.000000
0.978391 0.093090 0.184620 0.000000 0.160655 0.219811 -0.962223 37.820801 -0.130155 0.971091 0.200106 0.000000 0.000000 0.000000 0.000000 1.000000
0.978779 0.091031 0.183588 0.000000 0.160329 0.217754 -0.962745 37.820801 -0.127617 0.971749 0.198538 0.000000 0.000000 0.000000 0.000000 1.000000
0.979024 0.089091 0.183235 -0.000000 0.160480 0.216913 -0.962910 37.820801 -0.125533 0.972117 0.198066 -0.000000 0.000000 0.000000 0.000000 1.000000
0.979225 0.086712 0.183300 0.000000 0.161056 0.216631 -0.962877 37.820801 -0.123201 0.972395 0.198165 -0.000000 0.000000 0.000000 0.000000 1.000000
0.979652 0.084725 0.181944 -0.000000 0.160179 0.216178 -0.963125 37.820801 -0.120933 0.972671 0.198208 0.000000 0.000000 0.000000 0.000000 1.000000
0.980108 0.082728 0.180402 0.000000 0.159117 0.215735 -0.963400 37.820801 -0.118619 0.972941 0.198280 -0.000000 0.000000 0.000000 0.000000 1.000000
0.980564 0.080784 0.178799 -0.000000 0.157988 0.215263 -0.963692 37.820801 -0.116339 0.973209 0.198316 -0.000000 0.000000 0.000000 0.000000 1.000000
0.980992 0.078954 0.177262 0.000000 0.156908 0.214722 -0.963989 37.820801 -0.114173 0.973479 0.198252 0.000000 0.000000 0.000000 0.000000 1.000000
0.981365 0.077301 0.175919 -0.000000 0.155994 0.214072 -0.964282 37.820801 -0.112199 0.973754 0.198024 0.000000 0.000000 0.000000 0.000000 1.000000
0.981325 0.077468 0.176067 0.000000 0.156307 0.212340 -0.964614 37.820801 -0.112113 0.974120 0.196265 0.000000 0.000000 0.000000 0.000000 1.000000
0.981187 0.077478 0.176831 0.000000 0.157337 0.209888 -0.964983 37.820801 -0.111879 0.974651 0.193749 0.000000 0.000000 0.000000 0.000000 1.000000
0.980918 0.076851 0.178587 0.000000 0.159596 0.206297 -0.965386 37.820801 -0.111033 0.975467 0.190096 0.000000 0.000000 0.000000 0.000000 1.000000
0.980617 0.076182 0.180518 0.000000 0.162084 0.202246 -0.965829 37.820801 -0.110088 0.976367 0.185978 0.000000 0.000000 0.000000 0.000000 1.000000
0.980305 0.075734 0.182392 0.000000 0.164553 0.197432 -0.966407 37.820801 -0.109199 0.977387 0.181081 0.000000 0.000000 0.000000 0.000000 1.000000
0.980004 0.075383 0.184148 0.000000 0.166870 0.192745 -0.966956 37.820801 -0.108386 0.978349 0.176312 0.000000 0.000000 0.000000 0.000000 1.000000
0.979761 0.075137 0.185536 0.000000 0.168700 0.188968 -0.967384 37.820801 -0.107747 0.979104 0.172468 0.000000 0.000000 0.000000 0.000000 1.000000
0.979529 0.074829 0.186879 0.000000 0.170392 0.186127 -0.967638 37.820801 -0.107190 0.979672 0.169567 0.000000 0.000000 0.000000 0.000000 1.000000
0.979268 0.074333 0.188439 0.000000 0.172242 0.184065 -0.967705 37.820801 -0.106617 0.980099 0.167446 0.000000 0.000000 0.000000 0.000000 1.000000
0.978996 0.073784 0.190060 -0.000000 0.174133 0.182258 -0.967709 37.820801 -0.106041 0.980478 0.165582 -0.000000 0.000000 0.000000 0.000000 1.000000
0.978726 0.073214 0.191665 0.000000 0.175970 0.180806 -0.967649 37.820801 -0.105499 0.980790 0.164076 0.000000 0.000000 0.000000 0.000000 1.000000
0.978471 0.072652 0.193175 0.000000 0.177664 0.179805 -0.967526 37.820801 -0.105027 0.981016 0.163026 0.000000 0.000000 0.000000 0.000000 1.000000
0.978184 0.071976 0.194873 0.000000 0.179502 0.179352 -0.967270 37.820801 -0.104571 0.981148 0.162520 -0.000000 0.000000 0.000000 0.000000 1.000000
0.977920 0.071286 0.196446 0.000000 0.181139 0.179643 -0.966911 37.820801 -0.104218 0.981146 0.162764 -0.000000 0.000000 0.000000 0.000000 1.000000
0.977848 0.070951 0.196924 0.000000 0.181531 0.180928 -0.966598 37.820801 -0.104210 0.980934 0.164041 -0.000000 0.000000 0.000000 0.000000 1.000000
0.977930 0.070919 0.196530 -0.000000 0.180948 0.182800 -0.966355 37.820801 -0.104459 0.980589 0.165932 0.000000 0.000000 0.000000 0.000000 1.000000
0.978012 0.070891 0.196132 0.000000 0.180358 0.184682 -0.966107 37.820801 -0.104710 0.980238 0.167835 0.000000 0.000000 0.000000 0.000000 1.000000
0.978094 0.070865 0.195729 0.000000 0.179762 0.186574 -0.965855 37.820801 -0.104963 0.979882 0.169748 -0.000000 0.000000 0.000000 0.000000 1.000000
0.978177 0.070842 0.195321 0.000000 0.179159 0.188476 -0.965598 37.820801 -0.105219 0.979519 0.171671 0.000000 0.000000 0.000000 0.000000 1.000000
0.978261 0.070823 0.194908 0.000000 0.178550 0.190387 -0.965336 37.820801 -0.105476 0.979151 0.173603 0.000000 0.000000 0.000000 0.000000 1.000000
0.978345 0.070807 0.194492 0.000000 0.177934 0.192307 -0.965069 37.820801 -0.105736 0.978777 0.175544 0.000000 0.000000 0.000000 0.000000 1.000000
0.978430 0.070794 0.194071 0.000000 0.177313 0.194236 -0.964797 37.820801 -0.105997 0.978397 0.177493 -0.000000 0.000000 0.000000 0.000000 1.000000
0.978515 0.070784 0.193646 0.000000 0.176685 0.196172 -0.964520 37.820801 -0.106261 0.978011 0.179451 -0.000000 0.000000 0.000000 0.000000 1.000000
0.978600 0.070778 0.193216 0.000000 0.176052 0.198116 -0.964238 37.820801 -0.106526 0.977620 0.181415 -0.000000 0.000000 0.000000 0.000000 1.000000
0.978686 0.070775 0.192783 -0.000000 0.175413 0.200066 -0.963952 37.820801 -0.106793 0.977223 0.183387 0.000000 0.000000 0.000000 0.000000 1.000000
0.978772 0.070775 0.192347 0.000000 0.174769 0.202023 -0.963661 37.820801 -0.107062 0.976820 0.185365 -0.000000 0.000000 0.000000 0.000000 1.000000
0.978858 0.070779 0.191906 0.000000 0.174119 0.203986 -0.963365 37.820801 -0.107332 0.976412 0.187350 -0.000000 0.000000 0.000000 0.000000 1.000000
0.978944 0.070786 0.191462 0.000000 0.173464 0.205955 -0.963064 37.820801 -0.107604 0.975998 0.189339 0.000000 0.000000 0.000000 0.000000 1.000000
0.979031 0.070797 0.191014 0.000000 0.172804 0.207928 -0.962759 37.820801 -0.107878 0.975579 0.191334 -0.000000 0.000000 0.000000 0.000000 1.000000
0.979118 0.070812 0.190563 0.000000 0.172138 0.209905 -0.962449 37.820801 -0.108153 0.975154 0.193333 0.000000 0.000000 0.000000 0.000000 1.000000
0.979205 0.070830 0.190109 0.000000 0.171468 0.211887 -0.962134 37.820801 -0.108429 0.974724 0.195336 0.000000 0.000000 0.000000 0.000000 1.000000
0.979292 0.070851 0.189652 -0.000000 0.170794 0.213872 -0.961815 37.820801 -0.108707 0.974289 0.197342 0.000000 0.000000 0.000000 0.000000 1.000000
0.979379 0.070876 0.189191 0.000000 0.170114 0.215860 -0.961491 37.820801 -0.108986 0.973848 0.199352 0.000000 0.000000 0.000000 0.000000 1.000000
0.979466 0.070905 0.188728 -0.000000 0.169431 0.217851 -0.961163 37.820801 -0.109266 0.973403 0.201364 0.000000 0.000000 0.000000 0.000000 1.000000
0.979554 0.070938 0.188262 0.000000 0.168743 0.219844 -0.960830 37.820801 -0.109547 0.972953 0.203378 0.000000 0.000000 0.000000 0.000000 1.000000
0.979641 0.070974 0.187794 -0.000000 0.168051 0.221838 -0.960493 37.820801 -0.109830 0.972497 0.205394 0.000000 0.000000 0.000000 0.000000 1.000000
0.979728 0.071014 0.187322 -0.000000 0.167355 0.223833 -0.960152 37.820801 -0.110113 0.972037 0.207411 -0.000000 0.000000 0.000000 0.000000 1.000000
0.979816 0.071057 0.186849 0.000000 0.166655 0.225829 -0.959806 37.820801 -0.110397 0.971572 0.209429 0.000000 0.000000 0.000000 0.000000 1.000000
0.979903 0.071105 0.186373 0.000000 0.165952 0.227825 -0.959456 37.820801 -0.110682 0.971102 0.211446 0.000000 0.000000 0.000000 0.000000 1.000000
0.979990 0.071156 0.185894 -0.000000 0.165245 0.229820 -0.959102 37.820801 -0.110968 0.970628 0.213463 0.000000 0.000000 0.000000 0.000000 1.000000
0.980077 0.071211 0.185414 0.000000 0.164535 0.231815 -0.958744 37.820801 -0.111255 0.970150 0.215480 -0.000000 0.000000 0.000000 0.000000 1.000000
0.980164 0.071269 0.184931 0.000000 0.163821 0.233808 -0.958382 37.820801 -0.111542 0.969667 0.217495 0.000000 0.000000 0.000000 0.000000 1.000000
0.980251 0.071332 0.184447 -0.000000 0.163104 0.235800 -0.958016 37.820801 -0.111830 0.969180 0.219508 0.000000 0.000000 0.000000 0.000000 1.000000
0.980337 0.071398 0.183961 0.000000 0.162385 0.237789 -0.957647 37.820801 -0.112118 0.968689 0.221519 0.000000 0.000000 0.000000 0.000000 1.000000
0.980423 0.071468 0.183473 0.000000 0.161662 0.239775 -0.957274 37.820801 -0.112407 0.968194 0.223527 0.000000 0.000000 0.000000 0.000000 1.000000
0.980509 0.071542 0.182983 -0.000000 0.160937 0.241758 -0.956897 37.820801 -0.112696 0.967696 0.225532 -0.000000 0.000000 0.000000 0.000000 1.000000
0.980595 0.071620 0.182492 0.000000 0.160209 0.243737 -0.956517 37.820801 -0.112986 0.967193 0.227534 0.000000 0.000000 0.000000 0.000000 1.000000
0.980681 0.071701 0.182000 0.000000 0.159479 0.245713 -0.956134 37.820801 -0.113275 0.966687 0.229531 0.000000 0.000000 0.000000 0.000000 1.000000
0.980766 0.071786 0.181506 0.000000 0.158747 0.247683 -0.955747 37.820801 -0.113565 0.966178 0.231523 -0.000000 0.000000 0.000000 0.000000 1.000000
0.980851 0.071875 0.181011 0.000000 0.158012 0.249648 -0.955358 37.820801 -0.113855 0.965666 0.233510 0.000000 0.000000 0.000000 0.000000 1.000000
0.980936 0.071968 0.180515 0.000000 0.157276 0.251607 -0.954965 37.820801 -0.114145 0.965150 0.235492 0.000000 0.000000 0.000000 0.000000 1.000000
0.981020 0.072064 0.180018 0.000000 0.156538 0.253561 -0.954569 37.820801 -0.114435 0.964631 0.237467 -0.000000 0.000000 0.000000 0.000000 1.000000
0.981104 0.072164 0.179519 -0.000000 0.155798 0.255508 -0.954171 37.820801 -0.114725 0.964110 0.239437 0.000000 0.000000 0.000000 0.000000 1.000000
0.981188 0.072268 0.179021 0.000000 0.155056 0.257447 -0.953771 37.820801 -0.115015 0.963586 0.241398 0.000000 0.000000 0.000000 0.000000 1.000000
0.981271 0.072375 0.178521 0.000000 0.154314 0.259379 -0.953368 37.820801 -0.115305 0.963060 0.243353 0.000000 0.000000 0.000000 0.000000 1.000000
0.981353 0.072486 0.178021 0.000000 0.153569 0.261303 -0.952962 37.820801 -0.115594 0.962531 0.245299 -0.000000 0.000000 0.000000 0.000000 1.000000
0.981436 0.072601 0.177520 0.000000 0.152824 0.263219 -0.952555 37.820801 -0.115883 0.962000 0.247237 0.000000 0.000000 0.000000 0.000000 1.000000
0.981517 0.072720 0.177018 -0.000000 0.152078 0.265125 -0.952145 37.820801 -0.116172 0.961468 0.249166 -0.000000 0.000000 0.000000 0.000000 1.000000
0.981599 0.072842 0.176517 0.000000 0.151331 0.267022 -0.951734 37.820801 -0.116460 0.960933 0.251086 0.000000 0.000000 0.000000 0.000000 1.000000
0.981680 0.072967 0.176015 0.000000 0.150584 0.268910 -0.951321 37.820801 -0.116747 0.960398 0.252995 -0.000000 0.000000 0.000000 0.000000 1.000000
0.981760 0.073096 0.175512 0.000000 0.149835 0.270786 -0.950907 37.820801 -0.117034 0.959860 0.254895 0.000000 0.000000 0.000000 0.000000 1.000000
0.981840 0.073229 0.175010 0.000000 0.149087 0.272652 -0.950491 37.820801 -0.117320 0.959322 0.256783 0.000000 0.000000 0.000000 0.000000 1.000000
0.981919 0.073365 0.174508 0.000000 0.148338 0.274507 -0.950075 37.820801 -0.117606 0.958782 0.258661 0.000000 0.000000 0.000000 0.000000 1.000000
0.981998 0.073505 0.174005 0.000000 0.147589 0.276350 -0.949657 37.820801 -0.117890 0.958242 0.260526 0.000000 0.000000 0.000000 0.000000 1.000000
0.982076 0.073648 0.173503 -0.000000 0.146841 0.278180 -0.949238 37.820801 -0.118174 0.957701 0.262380 0.000000 0.000000 0.000000 0.000000 1.000000
0.982521 0.075633 0.170097 0.000000 0.143455 0.274696 -0.950770 37.820801 -0.118634 0.958552 0.259044 0.000000 0.000000 0.000000 0.000000 1.000000
0.982972 0.077710 0.166512 0.000000 0.139933 0.270749 -0.952425 37.820801 -0.119096 0.959508 0.255265 0.000000 0.000000 0.000000 0.000000 1.000000
0.983387 0.079670 0.163103 0.000000 0.136625 0.266731 -0.954038 37.820801 -0.119513 0.960472 0.251415 -0.000000 0.000000 0.000000 0.000000 1.000000
0.983653 0.081048 0.160806 0.000000 0.134532 0.262847 -0.955412 37.820801 -0.119702 0.961427 0.247646 -0.000000 0.000000 0.000000 0.000000 1.000000
0.983926 0.082489 0.158384 0.000000 0.132168 0.260060 -0.956504 37.820801 -0.120091 0.962063 0.244977 -0.000000 0.000000 0.000000 0.000000 1.000000
0.984145 0.083662 0.156392 0.000000 0.130217 0.257852 -0.957369 37.820801 -0.120422 0.962555 0.242870 -0.000000 0.000000 0.000000 0.000000 1.000000
0.984238 0.084147 0.155550 0.000000 0.129445 0.256523 -0.957831 37.820801 -0.120501 0.962868 0.241588 -0.000000 0.000000 0.000000 0.000000 1.000000
0.984261 0.084275 0.155330 0.000000 0.129308 0.255656 -0.958081 37.820801 -0.120453 0.963088 0.240735 -0.000000 0.000000 0.000000 0.000000 1.000000
0.984238 0.084184 0.155529 0.000000 0.129612 0.254954 -0.958227 37.820801 -0.120321 0.963282 0.240024 0.000000 0.000000 0.000000 0.000000 1.000000
0.984196 0.084012 0.155887 -0.000000 0.130078 0.254344 -0.958326 37.820801 -0.120160 0.963458 0.239397 0.000000 0.000000 0.000000 0.000000 1.000000
0.984192 0.084040 0.155894 0.000000 0.130173 0.253582 -0.958515 37.820801 -0.120085 0.963656 0.238633 0.000000 0.000000 0.000000 0.000000 1.000000
0.984238 0.084279 0.155477 0.000000 0.129803 0.252827 -0.958765 37.820801 -0.120113 0.963834 0.237902 0.000000 0.000000 0.000000 0.000000 1.000000
0.984223 0.084150 0.155641 0.000000 0.129954 0.253151 -0.958659 37.820801 -0.120072 0.963760 0.238221 -0.000000 0.000000 0.000000 0.000000 1.000000
0.984197 0.083952 0.155914 0.000000 0.130201 0.253689 -0.958483 37.820801 -0.120020 0.963636 0.238750 0.000000 0.000000 0.000000 0.000000 1.000000
0.984172 0.083743 0.156179 -0.000000 0.130418 0.254425 -0.958258 37.820801 -0.119983 0.963460 0.239476 0.000000 0.000000 0.000000 0.000000 1.000000
0.984163 0.083503 0.156365 0.000000 0.130444 0.256138 -0.957798 37.820801 -0.120031 0.963027 0.241189 -0.000000 0.000000 0.000000 0.000000 1.000000
0.984145 0.083265 0.156604 0.000000 0.130517 0.257879 -0.957321 37.820801 -0.120096 0.962583 0.242923 -0.000000 0.000000 0.000000 0.000000 1.000000
0.984104 0.082908 0.157053 0.000000 0.130820 0.259655 -0.956800 37.820801 -0.120106 0.962136 0.244681 0.000000 0.000000 0.000000 0.000000 1.000000
0.984048 0.082540 0.157598 0.000000 0.131321 0.260615 -0.956470 37.820801 -0.120020 0.961908 0.245618 -0.000000 0.000000 0.000000 0.000000 1.000000
0.983991 0.082182 0.158139 0.000000 0.131836 0.261416 -0.956180 37.820801 -0.119920 0.961721 0.246396 -0.000000 0.000000 0.000000 0.000000 1.000000
0.983976 0.082022 0.158318 0.000000 0.131961 0.262128 -0.955968 37.820801 -0.119910 0.961541 0.247104 -0.000000 0.000000 0.000000 0.000000 1.000000
0.984004 0.082069 0.158114 0.000000 0.131667 0.262803 -0.955823 37.820801 -0.119997 0.961353 0.247794 -0.000000 0.000000 0.000000 0.000000 1.000000
0.984049 0.082191 0.157774 0.000000 0.131226 0.263452 -0.955705 37.820801 -0.120116 0.961165 0.248464 0.000000 0.000000 0.000000 0.000000 1.000000
0.984103 0.082363 0.157345 0.000000 0.130687 0.264079 -0.955606 37.820801 -0.120258 0.960978 0.249117 0.000000 0.000000 0.000000 0.000000 1.000000
0.984162 0.082562 0.156871 -0.000000 0.130101 0.264687 -0.955518 37.820801 -0.120411 0.960793 0.249754 -0.000000 0.000000 0.000000 0.000000 1.000000
0.984220 0.082764 0.156399 0.000000 0.129517 0.265283 -0.955432 37.820801 -0.120565 0.960612 0.250377 0.000000 0.000000 0.000000 0.000000 1.000000
0.984272 0.082945 0.155975 -0.000000 0.128985 0.265869 -0.955341 37.820801 -0.120709 0.960434 0.250989 -0.000000 0.000000 0.000000 0.000000 1.000000
0.984312 0.083152 0.155613 -0.000000 0.128539 0.266208 -0.955307 37.820801 -0.120861 0.960322 0.251344 -0.000000 0.000000 0.000000 0.000000 1.000000
0.984337 0.083248 0.155405 0.000000 0.128298 0.266331 -0.955305 37.820801 -0.120917 0.960280 0.251479 0.000000 0.000000 0.000000 0.000000 1.000000
0.984358 0.083323 0.155228 -0.000000 0.128097 0.266411 -0.955310 37.820801 -0.120953 0.960251 0.251571 0.000000 0.000000 0.000000 0.000000 1.000000
0.984376 0.083384 0.155086 -0.000000 0.127936 0.266465 -0.955316 37.820801 -0.120983 0.960231 0.251634 -0.000000 0.000000 0.000000 0.000000 1.000000
0.984371 0.083380 0.155116 0.000000 0.127976 0.266393 -0.955331 37.820801 -0.120978 0.960251 0.251559 -0.000000 0.000000 0.000000 0.000000 1.000000</float_array>
        <technique_common>
          <accessor source="#mixamorig_RightFoot-Matrix-animation-output-transform-array" count="184" stride="16">
            <param type="float4x4"/>
          </accessor>
        </technique_common>
      </source>
      <source id="mixamorig_RightFoot-Interpolations">
        <Name_array id="mixamorig_RightFoot-Interpolations-array" count="184">
 LINEAR LINEAR LINEAR LINEAR LINEAR LINEAR LINEAR LINEAR LINEAR LINEAR LINEAR
LINEAR LINEAR LINEAR LINEAR LINEAR LINEAR LINEAR LINEAR LINEAR LINEAR LINEAR LINEAR
LINEAR LINEAR LINEAR LINEAR LINEAR LINEAR LINEAR LINEAR LINEAR LINEAR LINEAR LINEAR
LINEAR LINEAR LINEAR LINEAR LINEAR LINEAR LINEAR LINEAR LINEAR LINEAR LINEAR LINEAR
LINEAR LINEAR LINEAR LINEAR LINEAR LINEAR LINEAR LINEAR LINEAR LINEAR LINEAR LINEAR
LINEAR LINEAR LINEAR LINEAR LINEAR LINEAR LINEAR LINEAR LINEAR LINEAR LINEAR LINEAR
LINEAR LINEAR LINEAR LINEAR LINEAR LINEAR LINEAR LINEAR LINEAR LINEAR LINEAR LINEAR
LINEAR LINEAR LINEAR LINEAR LINEAR LINEAR LINEAR LINEAR LINEAR LINEAR LINEAR LINEAR
LINEAR LINEAR LINEAR LINEAR LINEAR LINEAR LINEAR LINEAR LINEAR LINEAR LINEAR LINEAR
LINEAR LINEAR LINEAR LINEAR LINEAR LINEAR LINEAR LINEAR LINEAR LINEAR LINEAR LINEAR
LINEAR LINEAR LINEAR LINEAR LINEAR LINEAR LINEAR LINEAR LINEAR LINEAR LINEAR LINEAR
LINEAR LINEAR LINEAR LINEAR LINEAR LINEAR LINEAR LINEAR LINEAR LINEAR LINEAR LINEAR
LINEAR LINEAR LINEAR LINEAR LINEAR LINEAR LINEAR LINEAR LINEAR LINEAR LINEAR LINEAR
LINEAR LINEAR LINEAR LINEAR LINEAR LINEAR LINEAR LINEAR LINEAR LINEAR LINEAR LINEAR
LINEAR LINEAR LINEAR LINEAR LINEAR LINEAR LINEAR LINEAR LINEAR LINEAR LINEAR LINEAR
LINEAR LINEAR LINEAR LINEAR LINEAR</Name_array>
        <technique_common>
          <accessor source="#mixamorig_RightFoot-Interpolations-array" count="184">
            <param type="name"/>
          </accessor>
        </technique_common>
      </source>
      <sampler id="mixamorig_RightFoot-Matrix-animation-transform">
        <input semantic="INPUT" source="#mixamorig_RightFoot-Matrix-animation-input"/>
        <input semantic="OUTPUT" source="#mixamorig_RightFoot-Matrix-animation-output-transform"/>
        <input semantic="INTERPOLATION" source="#mixamorig_RightFoot-Interpolations"/>
      </sampler>
      <channel source="#mixamorig_RightFoot-Matrix-animation-transform" target="mixamorig_RightFoot/matrix"/>
    </animation>
    <animation id="mixamorig_RightToeBase-anim" name="mixamorig_RightToeBase">
      <source id="mixamorig_RightToeBase-Matrix-animation-input">
        <float_array id="mixamorig_RightToeBase-Matrix-animation-input-array" count="184">

0.000000 0.033333 0.066667 0.100000 0.133333 0.166667 0.200000 0.233333 0.266667 0.300000 0.333333 0.366667 0.400000 0.433333 0.466667 0.500000
0.533333 0.566667 0.600000 0.633333 0.666667 0.700000 0.733333 0.766667 0.800000 0.833333 0.866667 0.900000 0.933333 0.966667 1.000000 1.033333
1.066667 1.100000 1.133333 1.166667 1.200000 1.233333 1.266667 1.300000 1.333333 1.366667 1.400000 1.433333 1.466667 1.500000 1.533333 1.566667
1.600000 1.633333 1.666667 1.700000 1.733333 1.766667 1.800000 1.833333 1.866667 1.900000 1.933333 1.966667 2.000000 2.033333 2.066667 2.100000
2.133333 2.166667 2.200000 2.233333 2.266667 2.300000 2.333333 2.366667 2.400000 2.433333 2.466667 2.500000 2.533333 2.566667 2.600000 2.633333
2.666667 2.700000 2.733333 2.766667 2.800000 2.833333 2.866667 2.900000 2.933333 2.966667 3.000000 3.033333 3.066667 3.100000 3.133333 3.166667
3.200000 3.233333 3.266667 3.300000 3.333333 3.366667 3.400000 3.433333 3.466667 3.500000 3.533333 3.566667 3.600000 3.633333 3.666667 3.700000
3.733333 3.766667 3.800000 3.833333 3.866667 3.900000 3.933333 3.966667 4.000000 4.033333 4.066667 4.100000 4.133333 4.166667 4.200000 4.233333
4.266667 4.300000 4.333333 4.366667 4.400000 4.433333 4.466667 4.500000 4.533333 4.566667 4.600000 4.633333 4.666667 4.700000 4.733333 4.766667
4.800000 4.833333 4.866667 4.900000 4.933333 4.966667 5.000000 5.033333 5.066667 5.100000 5.133333 5.166667 5.200000 5.233333 5.266667 5.300000
5.333333 5.366667 5.400000 5.433333 5.466667 5.500000 5.533333 5.566667 5.600000 5.633333 5.666667 5.700000 5.733333 5.766667 5.800000 5.833333
5.866667 5.900000 5.933333 5.966667 6.000000 6.033333 6.066667 6.100000</float_array>
        <technique_common>
          <accessor source="#mixamorig_RightToeBase-Matrix-animation-input-array" count="184">
            <param name="TIME" type="float"/>
          </accessor>
        </technique_common>
      </source>
      <source id="mixamorig_RightToeBase-Matrix-animation-output-transform">
        <float_array id="mixamorig_RightToeBase-Matrix-animation-output-transform-array" count="2944">

0.999559 -0.017546 -0.023954 0.000000 -0.000000 0.806728 -0.590923 18.605301 0.029692 0.590663 0.806372 0.000000 0.000000 0.000000 0.000000 1.000000
0.999559 -0.017546 -0.023954 0.000000 -0.000000 0.806728 -0.590923 18.605301 0.029692 0.590662 0.806372 -0.000000 0.000000 0.000000 0.000000 1.000000
0.999559 -0.017546 -0.023954 -0.000000 -0.000001 0.806728 -0.590923 18.605301 0.029692 0.590662 0.806373 0.000000 0.000000 0.000000 0.000000 1.000000
0.999559 -0.017545 -0.023954 -0.000000 -0.000001 0.806728 -0.590922 18.605301 0.029692 0.590662 0.806373 0.000000 0.000000 0.000000 0.000000 1.000000
0.999559 -0.017545 -0.023954 0.000000 -0.000001 0.806729 -0.590922 18.605301 0.029692 0.590662 0.806373 -0.000000 0.000000 0.000000 0.000000 1.000000
0.999559 -0.017545 -0.023954 0.000000 -0.000001 0.806729 -0.590922 18.605301 0.029692 0.590662 0.806373 0.000000 0.000000 0.000000 0.000000 1.000000
0.999559 -0.017545 -0.023954 0.000000 -0.000001 0.806729 -0.590922 18.605301 0.029692 0.590662 0.806373 -0.000000 0.000000 0.000000 0.000000 1.000000
0.999559 -0.017545 -0.023954 0.000000 -0.000001 0.806729 -0.590922 18.605301 0.029692 0.590662 0.806373 0.000000 0.000000 0.000000 0.000000 1.000000
0.999559 -0.017545 -0.023954 -0.000000 -0.000001 0.806728 -0.590922 18.605301 0.029692 0.590662 0.806373 0.000000 0.000000 0.000000 0.000000 1.000000
0.999559 -0.017545 -0.023954 0.000000 -0.000001 0.806728 -0.590922 18.605301 0.029692 0.590662 0.806373 0.000000 0.000000 0.000000 0.000000 1.000000
0.999559 -0.017545 -0.023954 0.000000 -0.000001 0.806728 -0.590923 18.605301 0.029692 0.590662 0.806373 0.000000 0.000000 0.000000 0.000000 1.000000
0.999559 -0.017545 -0.023954 0.000000 -0.000001 0.806728 -0.590923 18.605301 0.029692 0.590662 0.806373 0.000000 0.000000 0.000000 0.000000 1.000000
0.999559 -0.017545 -0.023954 0.000000 -0.000001 0.806728 -0.590922 18.605301 0.029692 0.590662 0.806373 -0.000000 0.000000 0.000000 0.000000 1.000000
0.999559 -0.017545 -0.023954 -0.000000 -0.000001 0.806728 -0.590922 18.605301 0.029692 0.590662 0.806373 0.000000 0.000000 0.000000 0.000000 1.000000
0.999559 -0.017545 -0.023954 0.000000 -0.000001 0.806728 -0.590923 18.605301 0.029692 0.590662 0.806373 -0.000000 0.000000 0.000000 0.000000 1.000000
0.999559 -0.017545 -0.023954 -0.000000 -0.000001 0.806728 -0.590922 18.605301 0.029692 0.590662 0.806373 0.000000 0.000000 0.000000 0.000000 1.000000
0.999559 -0.017545 -0.023954 0.000000 -0.000001 0.806729 -0.590921 18.605301 0.029693 0.590661 0.806373 0.000000 0.000000 0.000000 0.000000 1.000000
0.999559 -0.017546 -0.023954 -0.000000 -0.000001 0.806730 -0.590921 18.605301 0.029693 0.590660 0.806374 0.000000 0.000000 0.000000 0.000000 1.000000
0.999559 -0.017546 -0.023955 0.000000 -0.000001 0.806731 -0.590919 18.605301 0.029693 0.590659 0.806375 -0.000000 0.000000 0.000000 0.000000 1.000000
0.999559 -0.017546 -0.023955 0.000000 -0.000001 0.806731 -0.590918 18.605301 0.029693 0.590658 0.806376 -0.000000 0.000000 0.000000 0.000000 1.000000
0.999559 -0.017546 -0.023955 0.000000 -0.000001 0.806732 -0.590917 18.605301 0.029693 0.590657 0.806376 0.000000 0.000000 0.000000 0.000000 1.000000
0.999559 -0.017546 -0.023955 0.000000 -0.000001 0.806733 -0.590916 18.605301 0.029693 0.590656 0.806377 0.000000 0.000000 0.000000 0.000000 1.000000
0.999559 -0.017546 -0.023955 0.000000 -0.000001 0.806734 -0.590915 18.605301 0.029694 0.590655 0.806378 -0.000000 0.000000 0.000000 0.000000 1.000000
0.999559 -0.017546 -0.023955 0.000000 -0.000001 0.806734 -0.590915 18.605301 0.029694 0.590654 0.806378 0.000000 0.000000 0.000000 0.000000 1.000000
0.999559 -0.017546 -0.023955 0.000000 -0.000000 0.806734 -0.590915 18.605301 0.029694 0.590654 0.806378 0.000000 0.000000 0.000000 0.000000 1.000000
0.999559 -0.017546 -0.023955 -0.000000 -0.000000 0.806735 -0.590914 18.605301 0.029694 0.590653 0.806379 -0.000000 0.000000 0.000000 0.000000 1.000000
0.999559 -0.017546 -0.023955 0.000000 -0.000000 0.806734 -0.590914 18.605301 0.029694 0.590654 0.806378 0.000000 0.000000 0.000000 0.000000 1.000000
0.999559 -0.017546 -0.023955 0.000000 -0.000000 0.806734 -0.590915 18.605301 0.029694 0.590654 0.806378 0.000000 0.000000 0.000000 0.000000 1.000000
0.999559 -0.017546 -0.023955 0.000000 -0.000000 0.806734 -0.590915 18.605301 0.029694 0.590655 0.806378 0.000000 0.000000 0.000000 0.000000 1.000000
0.999559 -0.017546 -0.023955 0.000000 -0.000000 0.806733 -0.590916 18.605301 0.029694 0.590656 0.806377 0.000000 0.000000 0.000000 0.000000 1.000000
0.999559 -0.017546 -0.023955 0.000000 -0.000001 0.806731 -0.590919 18.605301 0.029693 0.590659 0.806375 -0.000000 0.000000 0.000000 0.000000 1.000000
0.999559 -0.017546 -0.023954 -0.000000 -0.000001 0.806729 -0.590921 18.605301 0.029693 0.590660 0.806374 -0.000000 0.000000 0.000000 0.000000 1.000000
0.999559 -0.017546 -0.023955 0.000000 -0.000000 0.806730 -0.590920 18.605301 0.029693 0.590659 0.806375 -0.000000 0.000000 0.000000 0.000000 1.000000
0.999559 -0.017546 -0.023955 0.000000 -0.000000 0.806733 -0.590916 18.605301 0.029694 0.590656 0.806377 0.000000 0.000000 0.000000 0.000000 1.000000
0.999559 -0.017546 -0.023955 0.000000 -0.000001 0.806732 -0.590917 18.605301 0.029693 0.590656 0.806377 -0.000000 0.000000 0.000000 0.000000 1.000000
0.999559 -0.017546 -0.023955 0.000000 -0.000001 0.806732 -0.590918 18.605301 0.029693 0.590657 0.806376 0.000000 0.000000 0.000000 0.000000 1.000000
0.999559 -0.017546 -0.023955 0.000000 -0.000001 0.806731 -0.590919 18.605301 0.029693 0.590658 0.806375 0.000000 0.000000 0.000000 0.000000 1.000000
0.999559 -0.017546 -0.023954 -0.000000 -0.000001 0.806730 -0.590920 18.605301 0.029693 0.590659 0.806374 -0.000000 0.000000 0.000000 0.000000 1.000000
0.999559 -0.017545 -0.023954 0.000000 -0.000001 0.806728 -0.590923 18.605301 0.029692 0.590662 0.806373 0.000000 0.000000 0.000000 0.000000 1.000000
0.999559 -0.017546 -0.023954 -0.000000 -0.000001 0.806730 -0.590921 18.605301 0.029693 0.590660 0.806374 -0.000000 0.000000 0.000000 0.000000 1.000000
0.999559 -0.017546 -0.023955 0.000000 -0.000001 0.806732 -0.590918 18.605301 0.029693 0.590657 0.806376 -0.000000 0.000000 0.000000 0.000000 1.000000
0.999559 -0.017546 -0.023955 0.000000 -0.000000 0.806734 -0.590914 18.605301 0.029694 0.590654 0.806379 -0.000000 0.000000 0.000000 0.000000 1.000000
0.999559 -0.017546 -0.023956 0.000000 -0.000000 0.806737 -0.590911 18.605301 0.029694 0.590651 0.806381 -0.000000 0.000000 0.000000 0.000000 1.000000
0.999559 -0.017547 -0.023957 0.000000 -0.000000 0.806740 -0.590907 18.605301 0.029695 0.590647 0.806384 0.000000 0.000000 0.000000 0.000000 1.000000
0.999559 -0.017547 -0.023957 0.000000 -0.000000 0.806742 -0.590904 18.605301 0.029696 0.590644 0.806386 0.000000 0.000000 0.000000 0.000000 1.000000
0.999559 -0.017547 -0.023957 0.000000 -0.000000 0.806741 -0.590906 18.605301 0.029696 0.590645 0.806385 0.000000 0.000000 0.000000 0.000000 1.000000
0.999559 -0.017547 -0.023956 -0.000000 -0.000000 0.806738 -0.590909 18.605301 0.029695 0.590648 0.806383 0.000000 0.000000 0.000000 0.000000 1.000000
0.999559 -0.017547 -0.023956 0.000000 -0.000000 0.806736 -0.590912 18.605301 0.029694 0.590652 0.806380 0.000000 0.000000 0.000000 0.000000 1.000000
0.999559 -0.017546 -0.023955 -0.000000 -0.000000 0.806734 -0.590915 18.605301 0.029694 0.590654 0.806378 -0.000000 0.000000 0.000000 0.000000 1.000000
0.999559 -0.017547 -0.023956 0.000000 -0.000000 0.806736 -0.590912 18.605301 0.029694 0.590651 0.806380 0.000000 0.000000 0.000000 0.000000 1.000000
0.999559 -0.017547 -0.023956 0.000000 -0.000000 0.806739 -0.590908 18.605301 0.029695 0.590647 0.806383 0.000000 0.000000 0.000000 0.000000 1.000000
0.999559 -0.017547 -0.023957 -0.000000 -0.000000 0.806741 -0.590905 18.605301 0.029696 0.590644 0.806386 -0.000000 0.000000 0.000000 0.000000 1.000000
0.999559 -0.017547 -0.023958 -0.000000 -0.000000 0.806744 -0.590902 18.605301 0.029696 0.590641 0.806388 0.000000 0.000000 0.000000 0.000000 1.000000
0.999559 -0.017548 -0.023958 0.000000 -0.000000 0.806745 -0.590900 18.605301 0.029697 0.590639 0.806389 0.000000 0.000000 0.000000 0.000000 1.000000
0.999559 -0.017548 -0.023958 0.000000 -0.000000 0.806744 -0.590901 18.605301 0.029697 0.590640 0.806388 0.000000 0.000000 0.000000 0.000000 1.000000
0.999559 -0.017547 -0.023957 -0.000000 -0.000000 0.806742 -0.590904 18.605301 0.029696 0.590643 0.806386 0.000000 0.000000 0.000000 0.000000 1.000000
0.999559 -0.017547 -0.023957 0.000000 -0.000000 0.806739 -0.590907 18.605301 0.029695 0.590647 0.806384 0.000000 0.000000 0.000000 0.000000 1.000000
0.999559 -0.017547 -0.023957 0.000000 -0.000000 0.806739 -0.590907 18.605301 0.029695 0.590647 0.806384 0.000000 0.000000 0.000000 0.000000 1.000000
0.999559 -0.017547 -0.023957 0.000000 -0.000000 0.806740 -0.590907 18.605301 0.029695 0.590647 0.806384 0.000000 0.000000 0.000000 0.000000 1.000000
0.999559 -0.017547 -0.023957 0.000000 -0.000000 0.806740 -0.590907 18.605301 0.029695 0.590646 0.806384 0.000000 0.000000 0.000000 0.000000 1.000000
0.999559 -0.017547 -0.023957 0.000000 -0.000000 0.806741 -0.590906 18.605301 0.029696 0.590645 0.806385 -0.000000 0.000000 0.000000 0.000000 1.000000
0.999559 -0.017547 -0.023957 0.000000 -0.000000 0.806742 -0.590904 18.605301 0.029696 0.590644 0.806386 0.000000 0.000000 0.000000 0.000000 1.000000
0.999559 -0.017548 -0.023958 0.000000 -0.000000 0.806747 -0.590898 18.605301 0.029697 0.590637 0.806391 0.000000 0.000000 0.000000 0.000000 1.000000
0.999559 -0.017548 -0.023958 0.000000 -0.000000 0.806748 -0.590896 18.605301 0.029697 0.590635 0.806392 0.000000 0.000000 0.000000 0.000000 1.000000
0.999559 -0.017548 -0.023958 0.000000 -0.000000 0.806746 -0.590899 18.605301 0.029697 0.590638 0.806390 0.000000 0.000000 0.000000 0.000000 1.000000
0.999559 -0.017547 -0.023957 0.000000 -0.000000 0.806743 -0.590903 18.605301 0.029696 0.590642 0.806387 -0.000000 0.000000 0.000000 0.000000 1.000000
0.999559 -0.017547 -0.023957 0.000000 -0.000000 0.806740 -0.590906 18.605301 0.029696 0.590645 0.806385 -0.000000 0.000000 0.000000 0.000000 1.000000
0.999559 -0.017547 -0.023956 0.000000 -0.000000 0.806739 -0.590908 18.605301 0.029695 0.590647 0.806383 0.000000 0.000000 0.000000 0.000000 1.000000
0.999559 -0.017547 -0.023956 0.000000 -0.000000 0.806739 -0.590908 18.605301 0.029695 0.590647 0.806383 -0.000000 0.000000 0.000000 0.000000 1.000000
0.999559 -0.017547 -0.023957 0.000000 -0.000000 0.806740 -0.590906 18.605301 0.029696 0.590646 0.806385 -0.000000 0.000000 0.000000 0.000000 1.000000
0.999559 -0.017547 -0.023957 0.000000 -0.000000 0.806742 -0.590904 18.605301 0.029696 0.590643 0.806386 0.000000 0.000000 0.000000 0.000000 1.000000
0.999559 -0.017547 -0.023957 0.000000 -0.000000 0.806742 -0.590904 18.605301 0.029696 0.590643 0.806386 0.000000 0.000000 0.000000 0.000000 1.000000
0.999559 -0.017547 -0.023957 0.000000 -0.000000 0.806742 -0.590904 18.605301 0.029696 0.590644 0.806386 0.000000 0.000000 0.000000 0.000000 1.000000
0.999559 -0.017547 -0.023957 0.000000 -0.000000 0.806740 -0.590906 18.605301 0.029695 0.590646 0.806384 0.000000 0.000000 0.000000 0.000000 1.000000
0.999559 -0.017547 -0.023956 0.000000 -0.000000 0.806738 -0.590909 18.605301 0.029695 0.590648 0.806383 0.000000 0.000000 0.000000 0.000000 1.000000
0.999559 -0.017546 -0.023956 0.000000 -0.000000 0.806737 -0.590911 18.605301 0.029695 0.590650 0.806381 0.000000 0.000000 0.000000 0.000000 1.000000
0.999559 -0.017546 -0.023956 0.000000 -0.000001 0.806736 -0.590912 18.605301 0.029694 0.590652 0.806380 -0.000000 0.000000 0.000000 0.000000 1.000000
0.999559 -0.017546 -0.023955 0.000000 -0.000000 0.806734 -0.590914 18.605301 0.029694 0.590654 0.806379 -0.000000 0.000000 0.000000 0.000000 1.000000
0.999559 -0.017546 -0.023955 -0.000000 -0.000000 0.806734 -0.590914 18.605301 0.029694 0.590654 0.806379 0.000000 0.000000 0.000000 0.000000 1.000000
0.999559 -0.017547 -0.023956 0.000000 -0.000000 0.806738 -0.590909 18.605301 0.029695 0.590649 0.806382 0.000000 0.000000 0.000000 0.000000 1.000000
0.999559 -0.017547 -0.023956 -0.000000 -0.000001 0.806739 -0.590908 18.605301 0.029695 0.590647 0.806383 0.000000 0.000000 0.000000 0.000000 1.000000
0.999559 -0.017547 -0.023956 0.000000 -0.000000 0.806737 -0.590911 18.605301 0.029695 0.590651 0.806381 -0.000000 0.000000 0.000000 0.000000 1.000000
0.999559 -0.017546 -0.023956 0.000000 -0.000000 0.806735 -0.590913 18.605301 0.029694 0.590652 0.806380 0.000000 0.000000 0.000000 0.000000 1.000000
0.999559 -0.017546 -0.023955 0.000000 -0.000000 0.806734 -0.590915 18.605301 0.029694 0.590655 0.806378 -0.000000 0.000000 0.000000 0.000000 1.000000
0.999559 -0.017546 -0.023955 -0.000000 -0.000000 0.806732 -0.590917 18.605301 0.029693 0.590657 0.806376 0.000000 0.000000 0.000000 0.000000 1.000000
0.999559 -0.017546 -0.023955 -0.000000 -0.000000 0.806732 -0.590917 18.605301 0.029693 0.590657 0.806377 0.000000 0.000000 0.000000 0.000000 1.000000
0.999559 -0.017546 -0.023955 0.000000 -0.000000 0.806735 -0.590914 18.605301 0.029694 0.590653 0.806379 0.000000 0.000000 0.000000 0.000000 1.000000
0.999559 -0.017549 -0.023962 0.000000 -0.000000 0.806761 -0.590878 18.605301 0.029701 0.590617 0.806405 0.000000 0.000000 0.000000 0.000000 1.000000
0.999559 -0.017550 -0.023962 0.000000 0.000000 0.806762 -0.590877 18.605301 0.029701 0.590616 0.806406 0.000000 0.000000 0.000000 0.000000 1.000000
0.999559 -0.017548 -0.023959 0.000000 -0.000000 0.806751 -0.590891 18.605301 0.029698 0.590631 0.806395 0.000000 0.000000 0.000000 0.000000 1.000000
0.999559 -0.017547 -0.023957 0.000000 -0.000000 0.806740 -0.590907 18.605301 0.029695 0.590646 0.806384 0.000000 0.000000 0.000000 0.000000 1.000000
0.999559 -0.017546 -0.023955 0.000000 -0.000000 0.806733 -0.590917 18.605301 0.029694 0.590656 0.806377 0.000000 0.000000 0.000000 0.000000 1.000000
0.999559 -0.017546 -0.023954 0.000000 -0.000001 0.806729 -0.590922 18.605301 0.029693 0.590661 0.806373 0.000000 0.000000 0.000000 0.000000 1.000000
0.999559 -0.017546 -0.023954 -0.000000 -0.000001 0.806729 -0.590922 18.605301 0.029693 0.590661 0.806373 -0.000000 0.000000 0.000000 0.000000 1.000000
0.999559 -0.017546 -0.023955 0.000000 -0.000000 0.806732 -0.590917 18.605301 0.029693 0.590656 0.806377 -0.000000 0.000000 0.000000 0.000000 1.000000
0.999559 -0.017547 -0.023957 -0.000000 -0.000000 0.806740 -0.590907 18.605301 0.029695 0.590647 0.806384 0.000000 0.000000 0.000000 0.000000 1.000000
0.999559 -0.017548 -0.023959 0.000000 -0.000000 0.806748 -0.590895 18.605301 0.029698 0.590635 0.806392 0.000000 0.000000 0.000000 0.000000 1.000000
0.999559 -0.017549 -0.023960 0.000000 -0.000000 0.806757 -0.590884 18.605301 0.029700 0.590623 0.806401 0.000000 0.000000 0.000000 0.000000 1.000000
0.999559 -0.017550 -0.023962 0.000000 -0.000000 0.806763 -0.590876 18.605301 0.029701 0.590615 0.806407 0.000000 0.000000 0.000000 0.000000 1.000000
0.999559 -0.017550 -0.023962 -0.000000 0.000000 0.806765 -0.590873 18.605301 0.029702 0.590612 0.806409 0.000000 0.000000 0.000000 0.000000 1.000000
0.999559 -0.017550 -0.023962 0.000000 0.000000 0.806764 -0.590874 18.605301 0.029701 0.590614 0.806408 0.000000 0.000000 0.000000 0.000000 1.000000
0.999559 -0.017550 -0.023962 0.000000 0.000000 0.806762 -0.590876 18.605301 0.029701 0.590615 0.806406 0.000000 0.000000 0.000000 0.000000 1.000000
0.999559 -0.017550 -0.023962 -0.000000 0.000000 0.806762 -0.590877 18.605301 0.029701 0.590616 0.806406 0.000000 0.000000 0.000000 0.000000 1.000000
0.999559 -0.017550 -0.023961 0.000000 0.000000 0.806761 -0.590878 18.605301 0.029701 0.590617 0.806405 0.000000 0.000000 0.000000 0.000000 1.000000
0.999559 -0.017550 -0.023961 0.000000 0.000000 0.806760 -0.590879 18.605301 0.029701 0.590618 0.806404 -0.000000 0.000000 0.000000 0.000000 1.000000
0.999559 -0.017549 -0.023961 0.000000 0.000000 0.806759 -0.590880 18.605301 0.029700 0.590619 0.806404 0.000000 0.000000 0.000000 0.000000 1.000000
0.999559 -0.017549 -0.023961 0.000000 0.000000 0.806759 -0.590881 18.605301 0.029700 0.590620 0.806403 0.000000 0.000000 0.000000 0.000000 1.000000
0.999559 -0.017549 -0.023961 0.000000 0.000000 0.806758 -0.590882 18.605301 0.029700 0.590621 0.806402 0.000000 0.000000 0.000000 0.000000 1.000000
0.999559 -0.017549 -0.023961 0.000000 0.000000 0.806757 -0.590883 18.605301 0.029700 0.590622 0.806401 0.000000 0.000000 0.000000 0.000000 1.000000
0.999559 -0.017549 -0.023960 0.000000 0.000000 0.806757 -0.590884 18.605301 0.029700 0.590623 0.806401 0.000000 0.000000 0.000000 0.000000 1.000000
0.999559 -0.017549 -0.023960 0.000000 0.000000 0.806756 -0.590885 18.605301 0.029700 0.590624 0.806400 0.000000 0.000000 0.000000 0.000000 1.000000
0.999559 -0.017549 -0.023960 0.000000 0.000000 0.806755 -0.590886 18.605301 0.029699 0.590625 0.806399 0.000000 0.000000 0.000000 0.000000 1.000000
0.999559 -0.017549 -0.023960 0.000000 0.000000 0.806754 -0.590887 18.605301 0.029699 0.590626 0.806398 0.000000 0.000000 0.000000 0.000000 1.000000
0.999559 -0.017549 -0.023960 0.000000 0.000000 0.806754 -0.590888 18.605301 0.029699 0.590627 0.806398 -0.000000 0.000000 0.000000 0.000000 1.000000
0.999559 -0.017549 -0.023960 0.000000 0.000000 0.806753 -0.590889 18.605301 0.029699 0.590628 0.806397 0.000000 0.000000 0.000000 0.000000 1.000000
0.999559 -0.017549 -0.023959 0.000000 0.000000 0.806752 -0.590890 18.605301 0.029699 0.590629 0.806396 0.000000 0.000000 0.000000 0.000000 1.000000
0.999559 -0.017549 -0.023959 0.000000 -0.000000 0.806751 -0.590891 18.605301 0.029698 0.590630 0.806395 0.000000 0.000000 0.000000 0.000000 1.000000
0.999559 -0.017548 -0.023959 -0.000000 -0.000000 0.806751 -0.590892 18.605301 0.029698 0.590631 0.806395 -0.000000 0.000000 0.000000 0.000000 1.000000
0.999559 -0.017548 -0.023959 -0.000000 -0.000000 0.806750 -0.590893 18.605301 0.029698 0.590632 0.806394 0.000000 0.000000 0.000000 0.000000 1.000000
0.999559 -0.017548 -0.023959 0.000000 -0.000000 0.806749 -0.590894 18.605301 0.029698 0.590634 0.806393 0.000000 0.000000 0.000000 0.000000 1.000000
0.999559 -0.017548 -0.023959 0.000000 -0.000000 0.806748 -0.590895 18.605301 0.029698 0.590635 0.806393 0.000000 0.000000 0.000000 0.000000 1.000000
0.999559 -0.017548 -0.023958 0.000000 -0.000000 0.806748 -0.590896 18.605301 0.029697 0.590636 0.806392 0.000000 0.000000 0.000000 0.000000 1.000000
0.999559 -0.017548 -0.023958 -0.000000 -0.000000 0.806747 -0.590897 18.605301 0.029697 0.590637 0.806391 0.000000 0.000000 0.000000 0.000000 1.000000
0.999559 -0.017548 -0.023958 0.000000 -0.000000 0.806746 -0.590898 18.605301 0.029697 0.590638 0.806390 0.000000 0.000000 0.000000 0.000000 1.000000
0.999559 -0.017548 -0.023958 -0.000000 -0.000000 0.806745 -0.590899 18.605301 0.029697 0.590639 0.806390 0.000000 0.000000 0.000000 0.000000 1.000000
0.999559 -0.017548 -0.023958 0.000000 -0.000000 0.806745 -0.590900 18.605301 0.029697 0.590640 0.806389 -0.000000 0.000000 0.000000 0.000000 1.000000
0.999559 -0.017548 -0.023958 -0.000000 -0.000000 0.806744 -0.590901 18.605301 0.029696 0.590641 0.806388 0.000000 0.000000 0.000000 0.000000 1.000000
0.999559 -0.017548 -0.023957 -0.000000 -0.000000 0.806743 -0.590902 18.605301 0.029696 0.590642 0.806387 0.000000 0.000000 0.000000 0.000000 1.000000
0.999559 -0.017547 -0.023957 0.000000 -0.000000 0.806742 -0.590903 18.605301 0.029696 0.590643 0.806386 0.000000 0.000000 0.000000 0.000000 1.000000
0.999559 -0.017547 -0.023957 0.000000 -0.000000 0.806742 -0.590905 18.605301 0.029696 0.590644 0.806386 0.000000 0.000000 0.000000 0.000000 1.000000
0.999559 -0.017547 -0.023957 -0.000000 -0.000000 0.806741 -0.590906 18.605301 0.029696 0.590645 0.806385 0.000000 0.000000 0.000000 0.000000 1.000000
0.999559 -0.017547 -0.023957 0.000000 -0.000000 0.806740 -0.590907 18.605301 0.029695 0.590646 0.806384 0.000000 0.000000 0.000000 0.000000 1.000000
0.999559 -0.017547 -0.023956 0.000000 -0.000000 0.806739 -0.590908 18.605301 0.029695 0.590647 0.806383 0.000000 0.000000 0.000000 0.000000 1.000000
0.999559 -0.017547 -0.023956 0.000000 -0.000000 0.806738 -0.590909 18.605301 0.029695 0.590648 0.806383 -0.000000 0.000000 0.000000 0.000000 1.000000
0.999559 -0.017547 -0.023956 0.000000 -0.000000 0.806738 -0.590910 18.605301 0.029695 0.590649 0.806382 0.000000 0.000000 0.000000 0.000000 1.000000
0.999559 -0.017547 -0.023956 -0.000000 -0.000000 0.806737 -0.590911 18.605301 0.029695 0.590650 0.806381 0.000000 0.000000 0.000000 0.000000 1.000000
0.999559 -0.017547 -0.023956 0.000000 -0.000000 0.806736 -0.590912 18.605301 0.029695 0.590651 0.806380 0.000000 0.000000 0.000000 0.000000 1.000000
0.999559 -0.017547 -0.023956 -0.000000 -0.000000 0.806735 -0.590913 18.605301 0.029694 0.590652 0.806380 0.000000 0.000000 0.000000 0.000000 1.000000
0.999559 -0.017546 -0.023955 0.000000 -0.000000 0.806735 -0.590914 18.605301 0.029694 0.590653 0.806379 0.000000 0.000000 0.000000 0.000000 1.000000
0.999559 -0.017546 -0.023955 0.000000 -0.000000 0.806734 -0.590915 18.605301 0.029694 0.590654 0.806378 0.000000 0.000000 0.000000 0.000000 1.000000
0.999559 -0.017546 -0.023955 0.000000 -0.000000 0.806733 -0.590916 18.605301 0.029694 0.590655 0.806377 0.000000 0.000000 0.000000 0.000000 1.000000
0.999559 -0.017546 -0.023955 0.000000 -0.000000 0.806732 -0.590917 18.605301 0.029694 0.590656 0.806377 0.000000 0.000000 0.000000 0.000000 1.000000
0.999559 -0.017546 -0.023955 0.000000 -0.000000 0.806732 -0.590918 18.605301 0.029693 0.590657 0.806376 0.000000 0.000000 0.000000 0.000000 1.000000
0.999559 -0.017546 -0.023955 0.000000 -0.000000 0.806731 -0.590919 18.605301 0.029693 0.590659 0.806375 0.000000 0.000000 0.000000 0.000000 1.000000
0.999559 -0.017546 -0.023954 0.000000 -0.000000 0.806730 -0.590920 18.605301 0.029693 0.590660 0.806374 0.000000 0.000000 0.000000 0.000000 1.000000
0.999559 -0.017546 -0.023954 -0.000000 -0.000000 0.806729 -0.590921 18.605301 0.029693 0.590661 0.806374 0.000000 0.000000 0.000000 0.000000 1.000000
0.999559 -0.017546 -0.023954 0.000000 -0.000000 0.806729 -0.590922 18.605301 0.029693 0.590662 0.806373 0.000000 0.000000 0.000000 0.000000 1.000000
0.999559 -0.017546 -0.023954 0.000000 -0.000000 0.806728 -0.590923 18.605301 0.029692 0.590663 0.806372 -0.000000 0.000000 0.000000 0.000000 1.000000
0.999559 -0.017546 -0.023954 0.000000 -0.000000 0.806727 -0.590924 18.605301 0.029692 0.590664 0.806371 0.000000 0.000000 0.000000 0.000000 1.000000
0.999559 -0.017545 -0.023954 0.000000 -0.000000 0.806726 -0.590925 18.605301 0.029692 0.590665 0.806371 0.000000 0.000000 0.000000 0.000000 1.000000
0.999559 -0.017545 -0.023953 0.000000 -0.000000 0.806725 -0.590926 18.605301 0.029692 0.590666 0.806370 0.000000 0.000000 0.000000 0.000000 1.000000
0.999559 -0.017545 -0.023953 0.000000 -0.000000 0.806725 -0.590927 18.605301 0.029692 0.590667 0.806369 0.000000 0.000000 0.000000 0.000000 1.000000
0.999559 -0.017545 -0.023953 0.000000 -0.000001 0.806724 -0.590929 18.605301 0.029691 0.590668 0.806368 0.000000 0.000000 0.000000 0.000000 1.000000
0.999559 -0.017545 -0.023953 -0.000000 -0.000001 0.806724 -0.590929 18.605301 0.029691 0.590668 0.806368 0.000000 0.000000 0.000000 0.000000 1.000000
0.999559 -0.017545 -0.023953 -0.000000 -0.000001 0.806723 -0.590929 18.605301 0.029691 0.590669 0.806368 0.000000 0.000000 0.000000 0.000000 1.000000
0.999559 -0.017544 -0.023952 0.000000 -0.000001 0.806719 -0.590935 18.605301 0.029690 0.590675 0.806363 0.000000 0.000000 0.000000 0.000000 1.000000
0.999559 -0.017545 -0.023952 0.000000 -0.000001 0.806720 -0.590934 18.605301 0.029690 0.590673 0.806364 0.000000 0.000000 0.000000 0.000000 1.000000
0.999559 -0.017545 -0.023953 -0.000000 -0.000001 0.806722 -0.590932 18.605301 0.029691 0.590671 0.806366 0.000000 0.000000 0.000000 0.000000 1.000000
0.999559 -0.017545 -0.023953 0.000000 -0.000001 0.806722 -0.590932 18.605301 0.029691 0.590671 0.806366 0.000000 0.000000 0.000000 0.000000 1.000000
0.999559 -0.017544 -0.023953 0.000000 -0.000001 0.806721 -0.590932 18.605301 0.029691 0.590671 0.806366 -0.000000 0.000000 0.000000 0.000000 1.000000
0.999559 -0.017544 -0.023953 -0.000000 -0.000001 0.806722 -0.590932 18.605301 0.029691 0.590671 0.806366 0.000000 0.000000 0.000000 0.000000 1.000000
0.999559 -0.017545 -0.023953 0.000000 -0.000001 0.806722 -0.590932 18.605301 0.029691 0.590671 0.806366 0.000000 0.000000 0.000000 0.000000 1.000000
0.999559 -0.017545 -0.023952 0.000000 -0.000000 0.806721 -0.590933 18.605301 0.029691 0.590672 0.806365 0.000000 0.000000 0.000000 0.000000 1.000000
0.999559 -0.017545 -0.023952 -0.000000 -0.000001 0.806721 -0.590932 18.605301 0.029691 0.590672 0.806366 0.000000 0.000000 0.000000 0.000000 1.000000
0.999559 -0.017545 -0.023953 0.000000 -0.000001 0.806722 -0.590931 18.605301 0.029691 0.590671 0.806366 0.000000 0.000000 0.000000 0.000000 1.000000
0.999559 -0.017545 -0.023953 0.000000 -0.000001 0.806722 -0.590931 18.605301 0.029691 0.590670 0.806367 -0.000000 0.000000 0.000000 0.000000 1.000000
0.999559 -0.017545 -0.023953 0.000000 -0.000001 0.806723 -0.590930 18.605301 0.029691 0.590669 0.806367 0.000000 0.000000 0.000000 0.000000 1.000000
0.999559 -0.017545 -0.023953 0.000000 -0.000001 0.806724 -0.590928 18.605301 0.029691 0.590668 0.806368 0.000000 0.000000 0.000000 0.000000 1.000000
0.999559 -0.017545 -0.023953 0.000000 -0.000000 0.806724 -0.590928 18.605301 0.029691 0.590667 0.806369 0.000000 0.000000 0.000000 0.000000 1.000000
0.999559 -0.017545 -0.023953 0.000000 -0.000000 0.806726 -0.590926 18.605301 0.029692 0.590666 0.806370 0.000000 0.000000 0.000000 0.000000 1.000000
0.999559 -0.017545 -0.023953 0.000000 -0.000001 0.806725 -0.590926 18.605301 0.029692 0.590666 0.806370 0.000000 0.000000 0.000000 0.000000 1.000000
0.999559 -0.017545 -0.023953 0.000000 -0.000001 0.806725 -0.590927 18.605301 0.029692 0.590667 0.806369 0.000000 0.000000 0.000000 0.000000 1.000000
0.999559 -0.017545 -0.023953 0.000000 -0.000001 0.806724 -0.590928 18.605301 0.029691 0.590667 0.806369 0.000000 0.000000 0.000000 0.000000 1.000000
0.999559 -0.017545 -0.023953 0.000000 -0.000001 0.806724 -0.590928 18.605301 0.029691 0.590668 0.806369 0.000000 0.000000 0.000000 0.000000 1.000000
0.999559 -0.017545 -0.023953 -0.000000 -0.000001 0.806724 -0.590928 18.605301 0.029691 0.590668 0.806368 0.000000 0.000000 0.000000 0.000000 1.000000
0.999559 -0.017545 -0.023953 0.000000 -0.000001 0.806724 -0.590929 18.605301 0.029691 0.590668 0.806368 -0.000000 0.000000 0.000000 0.000000 1.000000
0.999559 -0.017545 -0.023953 0.000000 -0.000001 0.806724 -0.590929 18.605301 0.029691 0.590668 0.806368 0.000000 0.000000 0.000000 0.000000 1.000000
0.999559 -0.017545 -0.023953 -0.000000 -0.000001 0.806724 -0.590929 18.605301 0.029691 0.590668 0.806368 0.000000 0.000000 0.000000 0.000000 1.000000
0.999559 -0.017545 -0.023953 -0.000000 -0.000001 0.806724 -0.590928 18.605301 0.029691 0.590668 0.806368 -0.000000 0.000000 0.000000 0.000000 1.000000
0.999559 -0.017545 -0.023954 0.000000 -0.000001 0.806727 -0.590924 18.605301 0.029692 0.590664 0.806371 0.000000 0.000000 0.000000 0.000000 1.000000
0.999559 -0.017545 -0.023954 0.000000 -0.000000 0.806727 -0.590924 18.605301 0.029692 0.590663 0.806372 -0.000000 0.000000 0.000000 0.000000 1.000000
0.999559 -0.017545 -0.023954 0.000000 -0.000000 0.806727 -0.590924 18.605301 0.029692 0.590664 0.806371 0.000000 0.000000 0.000000 0.000000 1.000000
0.999559 -0.017545 -0.023954 0.000000 -0.000000 0.806727 -0.590925 18.605301 0.029692 0.590664 0.806371 0.000000 0.000000 0.000000 0.000000 1.000000
0.999559 -0.017545 -0.023954 0.000000 -0.000000 0.806726 -0.590925 18.605301 0.029692 0.590665 0.806371 0.000000 0.000000 0.000000 0.000000 1.000000</float_array>
        <technique_common>
          <accessor source="#mixamorig_RightToeBase-Matrix-animation-output-transform-array" count="184" stride="16">
            <param type="float4x4"/>
          </accessor>
        </technique_common>
      </source>
      <source id="mixamorig_RightToeBase-Interpolations">
        <Name_array id="mixamorig_RightToeBase-Interpolations-array" count="184">
 LINEAR LINEAR LINEAR LINEAR LINEAR LINEAR LINEAR LINEAR LINEAR LINEAR LINEAR
LINEAR LINEAR LINEAR LINEAR LINEAR LINEAR LINEAR LINEAR LINEAR LINEAR LINEAR LINEAR
LINEAR LINEAR LINEAR LINEAR LINEAR LINEAR LINEAR LINEAR LINEAR LINEAR LINEAR LINEAR
LINEAR LINEAR LINEAR LINEAR LINEAR LINEAR LINEAR LINEAR LINEAR LINEAR LINEAR LINEAR
LINEAR LINEAR LINEAR LINEAR LINEAR LINEAR LINEAR LINEAR LINEAR LINEAR LINEAR LINEAR
LINEAR LINEAR LINEAR LINEAR LINEAR LINEAR LINEAR LINEAR LINEAR LINEAR LINEAR LINEAR
LINEAR LINEAR LINEAR LINEAR LINEAR LINEAR LINEAR LINEAR LINEAR LINEAR LINEAR LINEAR
LINEAR LINEAR LINEAR LINEAR LINEAR LINEAR LINEAR LINEAR LINEAR LINEAR LINEAR LINEAR
LINEAR LINEAR LINEAR LINEAR LINEAR LINEAR LINEAR LINEAR LINEAR LINEAR LINEAR LINEAR
LINEAR LINEAR LINEAR LINEAR LINEAR LINEAR LINEAR LINEAR LINEAR LINEAR LINEAR LINEAR
LINEAR LINEAR LINEAR LINEAR LINEAR LINEAR LINEAR LINEAR LINEAR LINEAR LINEAR LINEAR
LINEAR LINEAR LINEAR LINEAR LINEAR LINEAR LINEAR LINEAR LINEAR LINEAR LINEAR LINEAR
LINEAR LINEAR LINEAR LINEAR LINEAR LINEAR LINEAR LINEAR LINEAR LINEAR LINEAR LINEAR
LINEAR LINEAR LINEAR LINEAR LINEAR LINEAR LINEAR LINEAR LINEAR LINEAR LINEAR LINEAR
LINEAR LINEAR LINEAR LINEAR LINEAR LINEAR LINEAR LINEAR LINEAR LINEAR LINEAR LINEAR
LINEAR LINEAR LINEAR LINEAR LINEAR</Name_array>
        <technique_common>
          <accessor source="#mixamorig_RightToeBase-Interpolations-array" count="184">
            <param type="name"/>
          </accessor>
        </technique_common>
      </source>
      <sampler id="mixamorig_RightToeBase-Matrix-animation-transform">
        <input semantic="INPUT" source="#mixamorig_RightToeBase-Matrix-animation-input"/>
        <input semantic="OUTPUT" source="#mixamorig_RightToeBase-Matrix-animation-output-transform"/>
        <input semantic="INTERPOLATION" source="#mixamorig_RightToeBase-Interpolations"/>
      </sampler>
      <channel source="#mixamorig_RightToeBase-Matrix-animation-transform" target="mixamorig_RightToeBase/matrix"/>
    </animation>
  </library_animations>
  <library_visual_scenes>
    <visual_scene id="RootNode" name="RootNode">
      <node id="mixamorig_Hips" name="mixamorig_Hips" sid="mixamorig_Hips" type="JOINT">
        <matrix sid="matrix">0.997663 0.033048 -0.059811 -2.978257 -0.029293 0.997608 0.062607 92.840385 0.061737 -0.060708 0.996244 -0.924095 0.000000 0.000000 0.000000 1.000000</matrix>
        <node id="mixamorig_Spine" name="mixamorig_Spine" sid="mixamorig_Spine" type="JOINT">
          <matrix sid="matrix">0.999231 -0.038751 -0.005954 0.000000 0.038987 0.998156 0.046530 10.573600 0.004140 -0.046726 0.998899 -0.649400 0.000000 0.000000 0.000000 1.000000</matrix>
          <node id="mixamorig_Spine1" name="mixamorig_Spine1" sid="mixamorig_Spine1" type="JOINT">
            <matrix sid="matrix">0.999979 -0.006400 -0.000999 0.000000 0.006405 0.999964 0.005544 12.359100 0.000963 -0.005550 0.999984 -0.000000 0.000000 0.000000 0.000000 1.000000</matrix>
            <node id="mixamorig_Spine2" name="mixamorig_Spine2" sid="mixamorig_Spine2" type="JOINT">
              <matrix sid="matrix">0.999979 -0.006403 -0.000969 -0.000000 0.006408 0.999964 0.005543 14.124600 0.000933 -0.005549 0.999984 -0.000000 0.000000 0.000000 0.000000 1.000000</matrix>
              <node id="mixamorig_Neck" name="mixamorig_Neck" sid="mixamorig_Neck" type="JOINT">
                <matrix sid="matrix">0.999978 0.000678 0.006653 0.000000 -0.000022 0.995183 -0.098035 15.890200 -0.006688 0.098033 0.995161 0.000000 0.000000 0.000000 0.000000 1.000000</matrix>
                <node id="mixamorig_Head" name="mixamorig_Head" sid="mixamorig_Head" type="JOINT">
                  <matrix sid="matrix">0.999464 -0.018597 0.026951 0.000000 0.015721 0.994529 0.103274 3.913500 -0.028724 -0.102795 0.994288 1.360900 0.000000 0.000000 0.000000 1.000000</matrix>
                  <node id="mixamorig_HeadTop_End" name="mixamorig_HeadTop_End" sid="mixamorig_HeadTop_End" type="JOINT">
                    <matrix sid="matrix">1.000000 0.000000 0.000000 0.000000 0.000000 1.000000 0.000000 26.401800 0.000000 -0.000000 1.000000 9.181200 0.000000 0.000000 0.000000 1.000000</matrix>
                  </node>
                </node>
              </node>
              <node id="mixamorig_LeftShoulder" name="mixamorig_LeftShoulder" sid="mixamorig_LeftShoulder" type="JOINT">
                <matrix sid="matrix">-0.180511 0.966277 -0.183641 5.768700 -0.025855 -0.191305 -0.981190 14.120300 -0.983233 -0.172367 0.059516 -0.144600 0.000000 0.000000 0.000000 1.000000</matrix>
                <node id="mixamorig_LeftArm" name="mixamorig_LeftArm" sid="mixamorig_LeftArm" type="JOINT">
                  <matrix sid="matrix">0.883160 -0.000534 0.469072 -0.000000 0.438442 0.356379 -0.825084 12.133700 -0.166727 0.934341 0.314974 0.000000 0.000000 0.000000 0.000000 1.000000</matrix>
                  <node id="mixamorig_LeftForeArm" name="mixamorig_LeftForeArm" sid="mixamorig_LeftForeArm" type="JOINT">
                    <matrix sid="matrix">0.983683 -0.178476 -0.022691 0.000000 0.177601 0.983442 -0.036052 24.385900 0.028750 0.031433 0.999092 0.000000 0.000000 0.000000 0.000000 1.000000</matrix>
                    <node id="mixamorig_LeftHand" name="mixamorig_LeftHand" sid="mixamorig_LeftHand" type="JOINT">
                      <matrix sid="matrix">1.000000 0.000000 -0.000000 0.000000 0.000000 1.000000 -0.000000 27.777201 -0.000000 -0.000000 1.000000 0.000000 0.000000 0.000000 0.000000 1.000000</matrix>
                    </node>
                  </node>
                </node>
              </node>
              <node id="mixamorig_RightShoulder" name="mixamorig_RightShoulder" sid="mixamorig_RightShoulder" type="JOINT">
                <matrix sid="matrix">-0.105716 -0.980055 0.168272 -5.768700 0.011899 -0.170455 -0.985294 14.115900 0.994325 -0.102159 0.029681 -0.073100 0.000000 0.000000 0.000000 1.000000</matrix>
                <node id="mixamorig_RightArm" name="mixamorig_RightArm" sid="mixamorig_RightArm" type="JOINT">
                  <matrix sid="matrix">0.992432 0.053342 -0.110609 0.000000 -0.122407 0.357824 -0.925731 12.133700 -0.009802 0.932264 0.361645 0.000000 0.000000 0.000000 0.000000 1.000000</matrix>
                  <node id="mixamorig_RightForeArm" name="mixamorig_RightForeArm" sid="mixamorig_RightForeArm" type="JOINT">
                    <matrix sid="matrix">0.990583 0.135765 0.017691 -0.000000 -0.135336 0.990521 -0.023505 24.384300 -0.020715 0.020890 0.999567 0.000000 0.000000 0.000000 0.000000 1.000000</matrix>
                    <node id="mixamorig_RightHand" name="mixamorig_RightHand" sid="mixamorig_RightHand" type="JOINT">
                      <matrix sid="matrix">1.000000 -0.000000 0.000000 0.000000 -0.000000 1.000000 -0.000000 29.705099 0.000000 0.000000 1.000000 0.000000 0.000000 0.000000 0.000000 1.000000</matrix>
                    </node>
                  </node>
                </node>
              </node>
            </node>
          </node>
        </node>
        <node id="mixamorig_LeftUpLeg" name="mixamorig_LeftUpLeg" sid="mixamorig_LeftUpLeg" type="JOINT">
          <matrix sid="matrix">-0.939402 0.246639 0.238103 10.928400 -0.210134 -0.963041 0.168511 -5.879300 0.270864 0.108266 0.956510 0.408700 0.000000 0.000000 0.000000 1.000000</matrix>
          <node id="mixamorig_LeftLeg" name="mixamorig_LeftLeg" sid="mixamorig_LeftLeg" type="JOINT">
            <matrix sid="matrix">0.987465 0.039962 -0.152697 -0.000000 0.058270 0.806785 0.587965 42.821301 0.146690 -0.589492 0.794343 0.000000 0.000000 0.000000 0.000000 1.000000</matrix>
            <node id="mixamorig_LeftFoot" name="mixamorig_LeftFoot" sid="mixamorig_LeftFoot" type="JOINT">
              <matrix sid="matrix">0.974335 -0.089608 -0.206497 -0.000000 -0.174625 0.277984 -0.944580 37.973900 0.142045 0.956397 0.255202 -0.000000 0.000000 0.000000 0.000000 1.000000</matrix>
              <node id="mixamorig_LeftToeBase" name="mixamorig_LeftToeBase" sid="mixamorig_LeftToeBase" type="JOINT">
                <matrix sid="matrix">0.999503 0.019005 0.025151 0.000000 0.000000 0.797835 -0.602875 18.228800 -0.031524 0.602576 0.797439 0.000000 0.000000 0.000000 0.000000 1.000000</matrix>
                <node id="mixamorig_LeftToe_End" name="mixamorig_LeftToe_End" sid="mixamorig_LeftToe_End" type="JOINT">
                  <matrix sid="matrix">1.000000 -0.000000 -0.000000 0.000000 -0.000000 1.000000 0.000000 7.186700 -0.000000 0.000000 1.000000 -0.000000 0.000000 0.000000 0.000000 1.000000</matrix>
                </node>
              </node>
            </node>
          </node>
        </node>
        <node id="mixamorig_RightUpLeg" name="mixamorig_RightUpLeg" sid="mixamorig_RightUpLeg" type="JOINT">
          <matrix sid="matrix">-0.958391 -0.173055 -0.227023 -10.928400 0.142572 -0.979175 0.144532 -5.879300 -0.247307 0.106151 0.963105 0.373200 0.000000 0.000000 0.000000 1.000000</matrix>
          <node id="mixamorig_RightLeg" name="mixamorig_RightLeg" sid="mixamorig_RightLeg" type="JOINT">
            <matrix sid="matrix">0.994743 -0.043464 0.092720 0.000000 -0.015536 0.830913 0.556185 42.926701 -0.101216 -0.554702 0.825870 0.000000 0.000000 0.000000 0.000000 1.000000</matrix>
            <node id="mixamorig_RightFoot" name="mixamorig_RightFoot" sid="mixamorig_RightFoot" type="JOINT">
              <matrix sid="matrix">0.984427 0.082998 0.154966 -0.000000 0.127211 0.272069 -0.953832 37.820801 -0.121328 0.958692 0.257273 -0.000000 0.000000 0.000000 0.000000 1.000000</matrix>
              <node id="mixamorig_RightToeBase" name="mixamorig_RightToeBase" sid="mixamorig_RightToeBase" type="JOINT">
                <matrix sid="matrix">0.999559 -0.017546 -0.023954 0.000000 -0.000000 0.806728 -0.590923 18.605301 0.029692 0.590663 0.806372 0.000000 0.000000 0.000000 0.000000 1.000000</matrix>
                <node id="mixamorig_RightToe_End" name="mixamorig_RightToe_End" sid="mixamorig_RightToe_End" type="JOINT">
                  <matrix sid="matrix">1.000000 0.000000 -0.000000 0.000000 0.000000 1.000000 -0.000000 7.153300 -0.000000 0.000000 1.000000 0.000000 0.000000 0.000000 0.000000 1.000000</matrix>
                </node>
              </node>
            </node>
          </node>
        </node>
      </node>
    </visual_scene>
  </library_visual_scenes>
  <scene>
    <instance_visual_scene url="#RootNode"/>
  </scene>
</COLLADA>
